[Fri Jan 30 17:11:52 AST 2026] Ejecutando worker de importación...
2026-01-30 17:11:53,044 - import-worker - INFO - Iniciando Worker de Importación...
2026-01-30 17:11:53,329 - httpx - INFO - HTTP Request: GET https://tqvdlceyuvngfftqobjv.supabase.co/rest/v1/locales?select=%2A&tipo_ejecucion=eq.AUTOMATICO "HTTP/2 200 OK"
2026-01-30 17:11:53,330 - import-worker - INFO - Encontrados 1 locales con ejecución automática. Hora actual: 17:00
2026-01-30 17:11:53,330 - import-worker - INFO - [Worker] Ejecutando programación para skechers (Frecuencia: hora_especifica)
2026-01-30 17:11:53,330 - import-worker - INFO - Conectando a skechers (SFTP) en sftp.megacentro.com.do...
2026-01-30 17:11:53,481 - paramiko.transport - INFO - Connected (version 2.0, client SFTPGo_2.7.0)
2026-01-30 17:11:53,930 - paramiko.transport - INFO - Authentication (password) successful!
2026-01-30 17:11:54,292 - paramiko.transport.sftp - INFO - [chan 0] Opened sftp connection (server version 3)
2026-01-30 17:11:54,640 - import-worker - INFO - Procesando archivo SFTP: PR_PR_PR_PR_PR_Ventas Skechers - Megacentro 02012026.txt
2026-01-30 17:11:54,929 - import-worker - INFO - Procesando contenido de PR_PR_PR_PR_PR_Ventas Skechers - Megacentro 02012026.txt para skechers
2026-01-30 17:11:55,134 - httpx - INFO - HTTP Request: POST https://tqvdlceyuvngfftqobjv.supabase.co/rest/v1/ventas "HTTP/2 201 Created"
2026-01-30 17:11:55,300 - httpx - INFO - HTTP Request: POST https://tqvdlceyuvngfftqobjv.supabase.co/rest/v1/ventas "HTTP/2 201 Created"
2026-01-30 17:11:55,474 - httpx - INFO - HTTP Request: POST https://tqvdlceyuvngfftqobjv.supabase.co/rest/v1/ventas "HTTP/2 201 Created"
2026-01-30 17:11:55,643 - httpx - INFO - HTTP Request: POST https://tqvdlceyuvngfftqobjv.supabase.co/rest/v1/ventas "HTTP/2 201 Created"
2026-01-30 17:11:55,821 - httpx - INFO - HTTP Request: POST https://tqvdlceyuvngfftqobjv.supabase.co/rest/v1/ventas "HTTP/2 201 Created"
2026-01-30 17:11:55,991 - httpx - INFO - HTTP Request: POST https://tqvdlceyuvngfftqobjv.supabase.co/rest/v1/ventas "HTTP/2 201 Created"
2026-01-30 17:11:56,158 - httpx - INFO - HTTP Request: POST https://tqvdlceyuvngfftqobjv.supabase.co/rest/v1/ventas "HTTP/2 201 Created"
2026-01-30 17:11:56,326 - httpx - INFO - HTTP Request: POST https://tqvdlceyuvngfftqobjv.supabase.co/rest/v1/ventas "HTTP/2 201 Created"
2026-01-30 17:11:56,487 - httpx - INFO - HTTP Request: POST https://tqvdlceyuvngfftqobjv.supabase.co/rest/v1/ventas "HTTP/2 201 Created"
2026-01-30 17:11:56,656 - httpx - INFO - HTTP Request: POST https://tqvdlceyuvngfftqobjv.supabase.co/rest/v1/ventas "HTTP/2 201 Created"
2026-01-30 17:11:56,842 - httpx - INFO - HTTP Request: POST https://tqvdlceyuvngfftqobjv.supabase.co/rest/v1/ventas "HTTP/2 201 Created"
2026-01-30 17:11:57,028 - httpx - INFO - HTTP Request: POST https://tqvdlceyuvngfftqobjv.supabase.co/rest/v1/ventas "HTTP/2 201 Created"
2026-01-30 17:11:57,200 - httpx - INFO - HTTP Request: POST https://tqvdlceyuvngfftqobjv.supabase.co/rest/v1/ventas "HTTP/2 201 Created"
2026-01-30 17:11:57,356 - httpx - INFO - HTTP Request: POST https://tqvdlceyuvngfftqobjv.supabase.co/rest/v1/ventas "HTTP/2 201 Created"
2026-01-30 17:11:57,556 - httpx - INFO - HTTP Request: POST https://tqvdlceyuvngfftqobjv.supabase.co/rest/v1/ventas "HTTP/2 201 Created"
2026-01-30 17:11:57,714 - httpx - INFO - HTTP Request: POST https://tqvdlceyuvngfftqobjv.supabase.co/rest/v1/logs_carga "HTTP/2 201 Created"
2026-01-30 17:11:57,715 - import-worker - INFO - Log registrado: Worker: Procesado 15 registros.
2026-01-30 17:11:57,715 - import-worker - INFO - Renombrando (Backup) archivo remoto a: .//PR_PR_PR_PR_PR_PR_Ventas Skechers - Megacentro 02012026.txt
2026-01-30 17:11:57,825 - import-worker - INFO - Procesando archivo SFTP: PR_PR_PR_PR_PR_Ventas Skechers - Megacentro 03012026.txt
2026-01-30 17:11:58,117 - import-worker - INFO - Procesando contenido de PR_PR_PR_PR_PR_Ventas Skechers - Megacentro 03012026.txt para skechers
2026-01-30 17:11:58,285 - httpx - INFO - HTTP Request: POST https://tqvdlceyuvngfftqobjv.supabase.co/rest/v1/ventas "HTTP/2 201 Created"
2026-01-30 17:11:58,442 - httpx - INFO - HTTP Request: POST https://tqvdlceyuvngfftqobjv.supabase.co/rest/v1/ventas "HTTP/2 201 Created"
2026-01-30 17:11:58,605 - httpx - INFO - HTTP Request: POST https://tqvdlceyuvngfftqobjv.supabase.co/rest/v1/ventas "HTTP/2 201 Created"
2026-01-30 17:11:58,765 - httpx - INFO - HTTP Request: POST https://tqvdlceyuvngfftqobjv.supabase.co/rest/v1/ventas "HTTP/2 201 Created"
2026-01-30 17:11:58,923 - httpx - INFO - HTTP Request: POST https://tqvdlceyuvngfftqobjv.supabase.co/rest/v1/ventas "HTTP/2 201 Created"
2026-01-30 17:11:59,086 - httpx - INFO - HTTP Request: POST https://tqvdlceyuvngfftqobjv.supabase.co/rest/v1/ventas "HTTP/2 201 Created"
2026-01-30 17:11:59,264 - httpx - INFO - HTTP Request: POST https://tqvdlceyuvngfftqobjv.supabase.co/rest/v1/ventas "HTTP/2 201 Created"
2026-01-30 17:11:59,431 - httpx - INFO - HTTP Request: POST https://tqvdlceyuvngfftqobjv.supabase.co/rest/v1/ventas "HTTP/2 201 Created"
2026-01-30 17:11:59,610 - httpx - INFO - HTTP Request: POST https://tqvdlceyuvngfftqobjv.supabase.co/rest/v1/ventas "HTTP/2 201 Created"
2026-01-30 17:11:59,772 - httpx - INFO - HTTP Request: POST https://tqvdlceyuvngfftqobjv.supabase.co/rest/v1/ventas "HTTP/2 201 Created"
2026-01-30 17:11:59,941 - httpx - INFO - HTTP Request: POST https://tqvdlceyuvngfftqobjv.supabase.co/rest/v1/ventas "HTTP/2 201 Created"
2026-01-30 17:12:00,106 - httpx - INFO - HTTP Request: POST https://tqvdlceyuvngfftqobjv.supabase.co/rest/v1/ventas "HTTP/2 201 Created"
2026-01-30 17:12:00,273 - httpx - INFO - HTTP Request: POST https://tqvdlceyuvngfftqobjv.supabase.co/rest/v1/ventas "HTTP/2 201 Created"
2026-01-30 17:12:00,455 - httpx - INFO - HTTP Request: POST https://tqvdlceyuvngfftqobjv.supabase.co/rest/v1/ventas "HTTP/2 201 Created"
2026-01-30 17:12:00,620 - httpx - INFO - HTTP Request: POST https://tqvdlceyuvngfftqobjv.supabase.co/rest/v1/ventas "HTTP/2 201 Created"
2026-01-30 17:12:00,780 - httpx - INFO - HTTP Request: POST https://tqvdlceyuvngfftqobjv.supabase.co/rest/v1/ventas "HTTP/2 201 Created"
2026-01-30 17:12:00,940 - httpx - INFO - HTTP Request: POST https://tqvdlceyuvngfftqobjv.supabase.co/rest/v1/ventas "HTTP/2 201 Created"
2026-01-30 17:12:01,112 - httpx - INFO - HTTP Request: POST https://tqvdlceyuvngfftqobjv.supabase.co/rest/v1/ventas "HTTP/2 201 Created"
2026-01-30 17:12:01,274 - httpx - INFO - HTTP Request: POST https://tqvdlceyuvngfftqobjv.supabase.co/rest/v1/ventas "HTTP/2 201 Created"
2026-01-30 17:12:01,459 - httpx - INFO - HTTP Request: POST https://tqvdlceyuvngfftqobjv.supabase.co/rest/v1/ventas "HTTP/2 201 Created"
2026-01-30 17:12:01,624 - httpx - INFO - HTTP Request: POST https://tqvdlceyuvngfftqobjv.supabase.co/rest/v1/ventas "HTTP/2 201 Created"
2026-01-30 17:12:01,836 - httpx - INFO - HTTP Request: POST https://tqvdlceyuvngfftqobjv.supabase.co/rest/v1/ventas "HTTP/2 201 Created"
2026-01-30 17:12:02,038 - httpx - INFO - HTTP Request: POST https://tqvdlceyuvngfftqobjv.supabase.co/rest/v1/ventas "HTTP/2 201 Created"
2026-01-30 17:12:02,217 - httpx - INFO - HTTP Request: POST https://tqvdlceyuvngfftqobjv.supabase.co/rest/v1/logs_carga "HTTP/2 201 Created"
2026-01-30 17:12:02,218 - import-worker - INFO - Log registrado: Worker: Procesado 23 registros.
2026-01-30 17:12:02,218 - import-worker - INFO - Renombrando (Backup) archivo remoto a: .//PR_PR_PR_PR_PR_PR_Ventas Skechers - Megacentro 03012026.txt
2026-01-30 17:12:02,332 - import-worker - INFO - Procesando archivo SFTP: PR_PR_PR_PR_PR_Ventas Skechers - Megacentro 04012026.txt
2026-01-30 17:12:02,620 - import-worker - INFO - Procesando contenido de PR_PR_PR_PR_PR_Ventas Skechers - Megacentro 04012026.txt para skechers
2026-01-30 17:12:02,802 - httpx - INFO - HTTP Request: POST https://tqvdlceyuvngfftqobjv.supabase.co/rest/v1/ventas "HTTP/2 201 Created"
2026-01-30 17:12:02,971 - httpx - INFO - HTTP Request: POST https://tqvdlceyuvngfftqobjv.supabase.co/rest/v1/ventas "HTTP/2 201 Created"
2026-01-30 17:12:03,161 - httpx - INFO - HTTP Request: POST https://tqvdlceyuvngfftqobjv.supabase.co/rest/v1/ventas "HTTP/2 201 Created"
2026-01-30 17:12:03,325 - httpx - INFO - HTTP Request: POST https://tqvdlceyuvngfftqobjv.supabase.co/rest/v1/ventas "HTTP/2 201 Created"
2026-01-30 17:12:03,493 - httpx - INFO - HTTP Request: POST https://tqvdlceyuvngfftqobjv.supabase.co/rest/v1/ventas "HTTP/2 201 Created"
2026-01-30 17:12:03,663 - httpx - INFO - HTTP Request: POST https://tqvdlceyuvngfftqobjv.supabase.co/rest/v1/ventas "HTTP/2 201 Created"
2026-01-30 17:12:03,820 - httpx - INFO - HTTP Request: POST https://tqvdlceyuvngfftqobjv.supabase.co/rest/v1/ventas "HTTP/2 201 Created"
2026-01-30 17:12:03,980 - httpx - INFO - HTTP Request: POST https://tqvdlceyuvngfftqobjv.supabase.co/rest/v1/ventas "HTTP/2 201 Created"
2026-01-30 17:12:04,152 - httpx - INFO - HTTP Request: POST https://tqvdlceyuvngfftqobjv.supabase.co/rest/v1/ventas "HTTP/2 201 Created"
2026-01-30 17:12:04,307 - httpx - INFO - HTTP Request: POST https://tqvdlceyuvngfftqobjv.supabase.co/rest/v1/ventas "HTTP/2 201 Created"
2026-01-30 17:12:04,467 - httpx - INFO - HTTP Request: POST https://tqvdlceyuvngfftqobjv.supabase.co/rest/v1/ventas "HTTP/2 201 Created"
2026-01-30 17:12:04,628 - httpx - INFO - HTTP Request: POST https://tqvdlceyuvngfftqobjv.supabase.co/rest/v1/ventas "HTTP/2 201 Created"
2026-01-30 17:12:04,791 - httpx - INFO - HTTP Request: POST https://tqvdlceyuvngfftqobjv.supabase.co/rest/v1/ventas "HTTP/2 201 Created"
2026-01-30 17:12:04,963 - httpx - INFO - HTTP Request: POST https://tqvdlceyuvngfftqobjv.supabase.co/rest/v1/ventas "HTTP/2 201 Created"
2026-01-30 17:12:05,128 - httpx - INFO - HTTP Request: POST https://tqvdlceyuvngfftqobjv.supabase.co/rest/v1/ventas "HTTP/2 201 Created"
2026-01-30 17:12:05,291 - httpx - INFO - HTTP Request: POST https://tqvdlceyuvngfftqobjv.supabase.co/rest/v1/ventas "HTTP/2 201 Created"
2026-01-30 17:12:05,494 - httpx - INFO - HTTP Request: POST https://tqvdlceyuvngfftqobjv.supabase.co/rest/v1/ventas "HTTP/2 201 Created"
2026-01-30 17:12:05,657 - httpx - INFO - HTTP Request: POST https://tqvdlceyuvngfftqobjv.supabase.co/rest/v1/ventas "HTTP/2 201 Created"
2026-01-30 17:12:05,813 - httpx - INFO - HTTP Request: POST https://tqvdlceyuvngfftqobjv.supabase.co/rest/v1/ventas "HTTP/2 201 Created"
2026-01-30 17:12:05,986 - httpx - INFO - HTTP Request: POST https://tqvdlceyuvngfftqobjv.supabase.co/rest/v1/ventas "HTTP/2 201 Created"
2026-01-30 17:12:06,153 - httpx - INFO - HTTP Request: POST https://tqvdlceyuvngfftqobjv.supabase.co/rest/v1/ventas "HTTP/2 201 Created"
2026-01-30 17:12:06,313 - httpx - INFO - HTTP Request: POST https://tqvdlceyuvngfftqobjv.supabase.co/rest/v1/logs_carga "HTTP/2 201 Created"
2026-01-30 17:12:06,314 - import-worker - INFO - Log registrado: Worker: Procesado 21 registros.
2026-01-30 17:12:06,314 - import-worker - INFO - Renombrando (Backup) archivo remoto a: .//PR_PR_PR_PR_PR_PR_Ventas Skechers - Megacentro 04012026.txt
2026-01-30 17:12:06,428 - import-worker - INFO - Procesando archivo SFTP: PR_PR_PR_PR_PR_Ventas Skechers - Megacentro 05012026.txt
2026-01-30 17:12:06,716 - import-worker - INFO - Procesando contenido de PR_PR_PR_PR_PR_Ventas Skechers - Megacentro 05012026.txt para skechers
2026-01-30 17:12:06,877 - httpx - INFO - HTTP Request: POST https://tqvdlceyuvngfftqobjv.supabase.co/rest/v1/ventas "HTTP/2 201 Created"
2026-01-30 17:12:07,058 - httpx - INFO - HTTP Request: POST https://tqvdlceyuvngfftqobjv.supabase.co/rest/v1/ventas "HTTP/2 201 Created"
2026-01-30 17:12:07,252 - httpx - INFO - HTTP Request: POST https://tqvdlceyuvngfftqobjv.supabase.co/rest/v1/ventas "HTTP/2 201 Created"
2026-01-30 17:12:07,426 - httpx - INFO - HTTP Request: POST https://tqvdlceyuvngfftqobjv.supabase.co/rest/v1/ventas "HTTP/2 201 Created"
2026-01-30 17:12:07,589 - httpx - INFO - HTTP Request: POST https://tqvdlceyuvngfftqobjv.supabase.co/rest/v1/ventas "HTTP/2 201 Created"
2026-01-30 17:12:07,743 - httpx - INFO - HTTP Request: POST https://tqvdlceyuvngfftqobjv.supabase.co/rest/v1/ventas "HTTP/2 201 Created"
2026-01-30 17:12:07,917 - httpx - INFO - HTTP Request: POST https://tqvdlceyuvngfftqobjv.supabase.co/rest/v1/ventas "HTTP/2 201 Created"
2026-01-30 17:12:08,077 - httpx - INFO - HTTP Request: POST https://tqvdlceyuvngfftqobjv.supabase.co/rest/v1/ventas "HTTP/2 201 Created"
2026-01-30 17:12:08,249 - httpx - INFO - HTTP Request: POST https://tqvdlceyuvngfftqobjv.supabase.co/rest/v1/ventas "HTTP/2 201 Created"
2026-01-30 17:12:08,423 - httpx - INFO - HTTP Request: POST https://tqvdlceyuvngfftqobjv.supabase.co/rest/v1/ventas "HTTP/2 201 Created"
2026-01-30 17:12:08,657 - httpx - INFO - HTTP Request: POST https://tqvdlceyuvngfftqobjv.supabase.co/rest/v1/ventas "HTTP/2 201 Created"
2026-01-30 17:12:08,844 - httpx - INFO - HTTP Request: POST https://tqvdlceyuvngfftqobjv.supabase.co/rest/v1/ventas "HTTP/2 201 Created"
2026-01-30 17:12:09,101 - httpx - INFO - HTTP Request: POST https://tqvdlceyuvngfftqobjv.supabase.co/rest/v1/ventas "HTTP/2 201 Created"
2026-01-30 17:12:09,284 - httpx - INFO - HTTP Request: POST https://tqvdlceyuvngfftqobjv.supabase.co/rest/v1/ventas "HTTP/2 201 Created"
2026-01-30 17:12:09,457 - httpx - INFO - HTTP Request: POST https://tqvdlceyuvngfftqobjv.supabase.co/rest/v1/ventas "HTTP/2 201 Created"
2026-01-30 17:12:09,627 - httpx - INFO - HTTP Request: POST https://tqvdlceyuvngfftqobjv.supabase.co/rest/v1/ventas "HTTP/2 201 Created"
2026-01-30 17:12:09,802 - httpx - INFO - HTTP Request: POST https://tqvdlceyuvngfftqobjv.supabase.co/rest/v1/ventas "HTTP/2 201 Created"
2026-01-30 17:12:09,961 - httpx - INFO - HTTP Request: POST https://tqvdlceyuvngfftqobjv.supabase.co/rest/v1/logs_carga "HTTP/2 201 Created"
2026-01-30 17:12:09,962 - import-worker - INFO - Log registrado: Worker: Procesado 17 registros.
2026-01-30 17:12:09,962 - import-worker - INFO - Renombrando (Backup) archivo remoto a: .//PR_PR_PR_PR_PR_PR_Ventas Skechers - Megacentro 05012026.txt
2026-01-30 17:12:10,076 - import-worker - INFO - Procesando archivo SFTP: PR_PR_PR_PR_PR_Ventas Skechers - Megacentro 06012026.txt
2026-01-30 17:12:10,367 - import-worker - INFO - Procesando contenido de PR_PR_PR_PR_PR_Ventas Skechers - Megacentro 06012026.txt para skechers
2026-01-30 17:12:10,647 - httpx - INFO - HTTP Request: POST https://tqvdlceyuvngfftqobjv.supabase.co/rest/v1/ventas "HTTP/2 201 Created"
2026-01-30 17:12:10,816 - httpx - INFO - HTTP Request: POST https://tqvdlceyuvngfftqobjv.supabase.co/rest/v1/ventas "HTTP/2 201 Created"
2026-01-30 17:12:10,984 - httpx - INFO - HTTP Request: POST https://tqvdlceyuvngfftqobjv.supabase.co/rest/v1/ventas "HTTP/2 201 Created"
2026-01-30 17:12:11,140 - httpx - INFO - HTTP Request: POST https://tqvdlceyuvngfftqobjv.supabase.co/rest/v1/ventas "HTTP/2 201 Created"
2026-01-30 17:12:11,311 - httpx - INFO - HTTP Request: POST https://tqvdlceyuvngfftqobjv.supabase.co/rest/v1/ventas "HTTP/2 201 Created"
2026-01-30 17:12:11,478 - httpx - INFO - HTTP Request: POST https://tqvdlceyuvngfftqobjv.supabase.co/rest/v1/ventas "HTTP/2 201 Created"
2026-01-30 17:12:11,651 - httpx - INFO - HTTP Request: POST https://tqvdlceyuvngfftqobjv.supabase.co/rest/v1/ventas "HTTP/2 201 Created"
2026-01-30 17:12:11,815 - httpx - INFO - HTTP Request: POST https://tqvdlceyuvngfftqobjv.supabase.co/rest/v1/ventas "HTTP/2 201 Created"
2026-01-30 17:12:11,990 - httpx - INFO - HTTP Request: POST https://tqvdlceyuvngfftqobjv.supabase.co/rest/v1/ventas "HTTP/2 201 Created"
2026-01-30 17:12:12,157 - httpx - INFO - HTTP Request: POST https://tqvdlceyuvngfftqobjv.supabase.co/rest/v1/ventas "HTTP/2 201 Created"
2026-01-30 17:12:12,370 - httpx - INFO - HTTP Request: POST https://tqvdlceyuvngfftqobjv.supabase.co/rest/v1/ventas "HTTP/2 201 Created"
2026-01-30 17:12:12,554 - httpx - INFO - HTTP Request: POST https://tqvdlceyuvngfftqobjv.supabase.co/rest/v1/ventas "HTTP/2 201 Created"
2026-01-30 17:12:12,737 - httpx - INFO - HTTP Request: POST https://tqvdlceyuvngfftqobjv.supabase.co/rest/v1/logs_carga "HTTP/2 201 Created"
2026-01-30 17:12:12,738 - import-worker - INFO - Log registrado: Worker: Procesado 12 registros.
2026-01-30 17:12:12,738 - import-worker - INFO - Renombrando (Backup) archivo remoto a: .//PR_PR_PR_PR_PR_PR_Ventas Skechers - Megacentro 06012026.txt
2026-01-30 17:12:12,849 - import-worker - INFO - Procesando archivo SFTP: PR_PR_PR_PR_PR_Ventas Skechers - Megacentro 07012026.txt
2026-01-30 17:12:13,175 - import-worker - INFO - Procesando contenido de PR_PR_PR_PR_PR_Ventas Skechers - Megacentro 07012026.txt para skechers
2026-01-30 17:12:13,330 - httpx - INFO - HTTP Request: POST https://tqvdlceyuvngfftqobjv.supabase.co/rest/v1/ventas "HTTP/2 201 Created"
2026-01-30 17:12:13,506 - httpx - INFO - HTTP Request: POST https://tqvdlceyuvngfftqobjv.supabase.co/rest/v1/ventas "HTTP/2 201 Created"
2026-01-30 17:12:13,672 - httpx - INFO - HTTP Request: POST https://tqvdlceyuvngfftqobjv.supabase.co/rest/v1/ventas "HTTP/2 201 Created"
2026-01-30 17:12:13,842 - httpx - INFO - HTTP Request: POST https://tqvdlceyuvngfftqobjv.supabase.co/rest/v1/ventas "HTTP/2 201 Created"
2026-01-30 17:12:14,005 - httpx - INFO - HTTP Request: POST https://tqvdlceyuvngfftqobjv.supabase.co/rest/v1/ventas "HTTP/2 201 Created"
2026-01-30 17:12:14,173 - httpx - INFO - HTTP Request: POST https://tqvdlceyuvngfftqobjv.supabase.co/rest/v1/ventas "HTTP/2 201 Created"
2026-01-30 17:12:14,372 - httpx - INFO - HTTP Request: POST https://tqvdlceyuvngfftqobjv.supabase.co/rest/v1/ventas "HTTP/2 201 Created"
2026-01-30 17:12:14,545 - httpx - INFO - HTTP Request: POST https://tqvdlceyuvngfftqobjv.supabase.co/rest/v1/ventas "HTTP/2 201 Created"
2026-01-30 17:12:14,716 - httpx - INFO - HTTP Request: POST https://tqvdlceyuvngfftqobjv.supabase.co/rest/v1/ventas "HTTP/2 201 Created"
2026-01-30 17:12:14,883 - httpx - INFO - HTTP Request: POST https://tqvdlceyuvngfftqobjv.supabase.co/rest/v1/ventas "HTTP/2 201 Created"
2026-01-30 17:12:15,047 - httpx - INFO - HTTP Request: POST https://tqvdlceyuvngfftqobjv.supabase.co/rest/v1/ventas "HTTP/2 201 Created"
2026-01-30 17:12:15,203 - httpx - INFO - HTTP Request: POST https://tqvdlceyuvngfftqobjv.supabase.co/rest/v1/ventas "HTTP/2 201 Created"
2026-01-30 17:12:15,368 - httpx - INFO - HTTP Request: POST https://tqvdlceyuvngfftqobjv.supabase.co/rest/v1/ventas "HTTP/2 201 Created"
2026-01-30 17:12:15,527 - httpx - INFO - HTTP Request: POST https://tqvdlceyuvngfftqobjv.supabase.co/rest/v1/ventas "HTTP/2 201 Created"
2026-01-30 17:12:15,690 - httpx - INFO - HTTP Request: POST https://tqvdlceyuvngfftqobjv.supabase.co/rest/v1/ventas "HTTP/2 201 Created"
2026-01-30 17:12:15,858 - httpx - INFO - HTTP Request: POST https://tqvdlceyuvngfftqobjv.supabase.co/rest/v1/ventas "HTTP/2 201 Created"
2026-01-30 17:12:16,043 - httpx - INFO - HTTP Request: POST https://tqvdlceyuvngfftqobjv.supabase.co/rest/v1/ventas "HTTP/2 201 Created"
2026-01-30 17:12:16,217 - httpx - INFO - HTTP Request: POST https://tqvdlceyuvngfftqobjv.supabase.co/rest/v1/logs_carga "HTTP/2 201 Created"
2026-01-30 17:12:16,218 - import-worker - INFO - Log registrado: Worker: Procesado 17 registros.
2026-01-30 17:12:16,218 - import-worker - INFO - Renombrando (Backup) archivo remoto a: .//PR_PR_PR_PR_PR_PR_Ventas Skechers - Megacentro 07012026.txt
2026-01-30 17:12:16,394 - import-worker - INFO - Procesando archivo SFTP: PR_PR_PR_PR_PR_Ventas Skechers - Megacentro 08012026.txt
2026-01-30 17:12:16,687 - import-worker - INFO - Procesando contenido de PR_PR_PR_PR_PR_Ventas Skechers - Megacentro 08012026.txt para skechers
2026-01-30 17:12:16,856 - httpx - INFO - HTTP Request: POST https://tqvdlceyuvngfftqobjv.supabase.co/rest/v1/ventas "HTTP/2 201 Created"
2026-01-30 17:12:17,024 - httpx - INFO - HTTP Request: POST https://tqvdlceyuvngfftqobjv.supabase.co/rest/v1/ventas "HTTP/2 201 Created"
2026-01-30 17:12:17,196 - httpx - INFO - HTTP Request: POST https://tqvdlceyuvngfftqobjv.supabase.co/rest/v1/ventas "HTTP/2 201 Created"
2026-01-30 17:12:17,368 - httpx - INFO - HTTP Request: POST https://tqvdlceyuvngfftqobjv.supabase.co/rest/v1/ventas "HTTP/2 201 Created"
2026-01-30 17:12:17,537 - httpx - INFO - HTTP Request: POST https://tqvdlceyuvngfftqobjv.supabase.co/rest/v1/ventas "HTTP/2 201 Created"
2026-01-30 17:12:17,700 - httpx - INFO - HTTP Request: POST https://tqvdlceyuvngfftqobjv.supabase.co/rest/v1/ventas "HTTP/2 201 Created"
2026-01-30 17:12:17,865 - httpx - INFO - HTTP Request: POST https://tqvdlceyuvngfftqobjv.supabase.co/rest/v1/ventas "HTTP/2 201 Created"
2026-01-30 17:12:18,023 - httpx - INFO - HTTP Request: POST https://tqvdlceyuvngfftqobjv.supabase.co/rest/v1/ventas "HTTP/2 201 Created"
2026-01-30 17:12:18,178 - httpx - INFO - HTTP Request: POST https://tqvdlceyuvngfftqobjv.supabase.co/rest/v1/ventas "HTTP/2 201 Created"
2026-01-30 17:12:18,353 - httpx - INFO - HTTP Request: POST https://tqvdlceyuvngfftqobjv.supabase.co/rest/v1/ventas "HTTP/2 201 Created"
2026-01-30 17:12:18,527 - httpx - INFO - HTTP Request: POST https://tqvdlceyuvngfftqobjv.supabase.co/rest/v1/ventas "HTTP/2 201 Created"
2026-01-30 17:12:18,695 - httpx - INFO - HTTP Request: POST https://tqvdlceyuvngfftqobjv.supabase.co/rest/v1/ventas "HTTP/2 201 Created"
2026-01-30 17:12:18,856 - httpx - INFO - HTTP Request: POST https://tqvdlceyuvngfftqobjv.supabase.co/rest/v1/ventas "HTTP/2 201 Created"
2026-01-30 17:12:19,018 - httpx - INFO - HTTP Request: POST https://tqvdlceyuvngfftqobjv.supabase.co/rest/v1/ventas "HTTP/2 201 Created"
2026-01-30 17:12:19,175 - httpx - INFO - HTTP Request: POST https://tqvdlceyuvngfftqobjv.supabase.co/rest/v1/ventas "HTTP/2 201 Created"
2026-01-30 17:12:19,329 - httpx - INFO - HTTP Request: POST https://tqvdlceyuvngfftqobjv.supabase.co/rest/v1/ventas "HTTP/2 201 Created"
2026-01-30 17:12:19,483 - httpx - INFO - HTTP Request: POST https://tqvdlceyuvngfftqobjv.supabase.co/rest/v1/ventas "HTTP/2 201 Created"
2026-01-30 17:12:19,672 - httpx - INFO - HTTP Request: POST https://tqvdlceyuvngfftqobjv.supabase.co/rest/v1/ventas "HTTP/2 201 Created"
2026-01-30 17:12:19,839 - httpx - INFO - HTTP Request: POST https://tqvdlceyuvngfftqobjv.supabase.co/rest/v1/ventas "HTTP/2 201 Created"
2026-01-30 17:12:19,999 - httpx - INFO - HTTP Request: POST https://tqvdlceyuvngfftqobjv.supabase.co/rest/v1/logs_carga "HTTP/2 201 Created"
2026-01-30 17:12:20,000 - import-worker - INFO - Log registrado: Worker: Procesado 19 registros.
2026-01-30 17:12:20,000 - import-worker - INFO - Renombrando (Backup) archivo remoto a: .//PR_PR_PR_PR_PR_PR_Ventas Skechers - Megacentro 08012026.txt
2026-01-30 17:12:20,117 - import-worker - INFO - Procesando archivo SFTP: PR_PR_PR_PR_PR_Ventas Skechers - Megacentro 09012026.txt
2026-01-30 17:12:20,407 - import-worker - INFO - Procesando contenido de PR_PR_PR_PR_PR_Ventas Skechers - Megacentro 09012026.txt para skechers
2026-01-30 17:12:20,567 - httpx - INFO - HTTP Request: POST https://tqvdlceyuvngfftqobjv.supabase.co/rest/v1/ventas "HTTP/2 201 Created"
2026-01-30 17:12:20,730 - httpx - INFO - HTTP Request: POST https://tqvdlceyuvngfftqobjv.supabase.co/rest/v1/ventas "HTTP/2 201 Created"
2026-01-30 17:12:20,898 - httpx - INFO - HTTP Request: POST https://tqvdlceyuvngfftqobjv.supabase.co/rest/v1/ventas "HTTP/2 201 Created"
2026-01-30 17:12:21,081 - httpx - INFO - HTTP Request: POST https://tqvdlceyuvngfftqobjv.supabase.co/rest/v1/ventas "HTTP/2 201 Created"
2026-01-30 17:12:21,236 - httpx - INFO - HTTP Request: POST https://tqvdlceyuvngfftqobjv.supabase.co/rest/v1/ventas "HTTP/2 201 Created"
2026-01-30 17:12:21,388 - httpx - INFO - HTTP Request: POST https://tqvdlceyuvngfftqobjv.supabase.co/rest/v1/ventas "HTTP/2 201 Created"
2026-01-30 17:12:21,696 - httpx - INFO - HTTP Request: POST https://tqvdlceyuvngfftqobjv.supabase.co/rest/v1/ventas "HTTP/2 201 Created"
2026-01-30 17:12:21,857 - httpx - INFO - HTTP Request: POST https://tqvdlceyuvngfftqobjv.supabase.co/rest/v1/ventas "HTTP/2 201 Created"
2026-01-30 17:12:22,039 - httpx - INFO - HTTP Request: POST https://tqvdlceyuvngfftqobjv.supabase.co/rest/v1/ventas "HTTP/2 201 Created"
2026-01-30 17:12:22,215 - httpx - INFO - HTTP Request: POST https://tqvdlceyuvngfftqobjv.supabase.co/rest/v1/logs_carga "HTTP/2 201 Created"
2026-01-30 17:12:22,215 - import-worker - INFO - Log registrado: Worker: Procesado 9 registros.
2026-01-30 17:12:22,215 - import-worker - INFO - Renombrando (Backup) archivo remoto a: .//PR_PR_PR_PR_PR_PR_Ventas Skechers - Megacentro 09012026.txt
2026-01-30 17:12:22,323 - import-worker - INFO - Procesando archivo SFTP: PR_PR_PR_PR_PR_Ventas Skechers - Megacentro 10012026.txt
2026-01-30 17:12:22,625 - import-worker - INFO - Procesando contenido de PR_PR_PR_PR_PR_Ventas Skechers - Megacentro 10012026.txt para skechers
2026-01-30 17:12:22,799 - httpx - INFO - HTTP Request: POST https://tqvdlceyuvngfftqobjv.supabase.co/rest/v1/ventas "HTTP/2 201 Created"
2026-01-30 17:12:22,997 - httpx - INFO - HTTP Request: POST https://tqvdlceyuvngfftqobjv.supabase.co/rest/v1/ventas "HTTP/2 201 Created"
2026-01-30 17:12:23,151 - httpx - INFO - HTTP Request: POST https://tqvdlceyuvngfftqobjv.supabase.co/rest/v1/ventas "HTTP/2 201 Created"
2026-01-30 17:12:23,315 - httpx - INFO - HTTP Request: POST https://tqvdlceyuvngfftqobjv.supabase.co/rest/v1/ventas "HTTP/2 201 Created"
2026-01-30 17:12:23,476 - httpx - INFO - HTTP Request: POST https://tqvdlceyuvngfftqobjv.supabase.co/rest/v1/ventas "HTTP/2 201 Created"
2026-01-30 17:12:23,647 - httpx - INFO - HTTP Request: POST https://tqvdlceyuvngfftqobjv.supabase.co/rest/v1/ventas "HTTP/2 201 Created"
2026-01-30 17:12:23,844 - httpx - INFO - HTTP Request: POST https://tqvdlceyuvngfftqobjv.supabase.co/rest/v1/ventas "HTTP/2 201 Created"
2026-01-30 17:12:24,002 - httpx - INFO - HTTP Request: POST https://tqvdlceyuvngfftqobjv.supabase.co/rest/v1/ventas "HTTP/2 201 Created"
2026-01-30 17:12:24,160 - httpx - INFO - HTTP Request: POST https://tqvdlceyuvngfftqobjv.supabase.co/rest/v1/ventas "HTTP/2 201 Created"
2026-01-30 17:12:24,317 - httpx - INFO - HTTP Request: POST https://tqvdlceyuvngfftqobjv.supabase.co/rest/v1/ventas "HTTP/2 201 Created"
2026-01-30 17:12:24,481 - httpx - INFO - HTTP Request: POST https://tqvdlceyuvngfftqobjv.supabase.co/rest/v1/ventas "HTTP/2 201 Created"
2026-01-30 17:12:24,638 - httpx - INFO - HTTP Request: POST https://tqvdlceyuvngfftqobjv.supabase.co/rest/v1/ventas "HTTP/2 201 Created"
2026-01-30 17:12:24,796 - httpx - INFO - HTTP Request: POST https://tqvdlceyuvngfftqobjv.supabase.co/rest/v1/ventas "HTTP/2 201 Created"
2026-01-30 17:12:24,957 - httpx - INFO - HTTP Request: POST https://tqvdlceyuvngfftqobjv.supabase.co/rest/v1/ventas "HTTP/2 201 Created"
2026-01-30 17:12:25,134 - httpx - INFO - HTTP Request: POST https://tqvdlceyuvngfftqobjv.supabase.co/rest/v1/ventas "HTTP/2 201 Created"
2026-01-30 17:12:25,293 - httpx - INFO - HTTP Request: POST https://tqvdlceyuvngfftqobjv.supabase.co/rest/v1/ventas "HTTP/2 201 Created"
2026-01-30 17:12:25,458 - httpx - INFO - HTTP Request: POST https://tqvdlceyuvngfftqobjv.supabase.co/rest/v1/ventas "HTTP/2 201 Created"
2026-01-30 17:12:25,623 - httpx - INFO - HTTP Request: POST https://tqvdlceyuvngfftqobjv.supabase.co/rest/v1/ventas "HTTP/2 201 Created"
2026-01-30 17:12:25,791 - httpx - INFO - HTTP Request: POST https://tqvdlceyuvngfftqobjv.supabase.co/rest/v1/ventas "HTTP/2 201 Created"
2026-01-30 17:12:25,953 - httpx - INFO - HTTP Request: POST https://tqvdlceyuvngfftqobjv.supabase.co/rest/v1/ventas "HTTP/2 201 Created"
2026-01-30 17:12:26,118 - httpx - INFO - HTTP Request: POST https://tqvdlceyuvngfftqobjv.supabase.co/rest/v1/logs_carga "HTTP/2 201 Created"
2026-01-30 17:12:26,119 - import-worker - INFO - Log registrado: Worker: Procesado 20 registros.
2026-01-30 17:12:26,119 - import-worker - INFO - Renombrando (Backup) archivo remoto a: .//PR_PR_PR_PR_PR_PR_Ventas Skechers - Megacentro 10012026.txt
2026-01-30 17:12:26,236 - import-worker - INFO - Procesando archivo SFTP: PR_PR_PR_PR_PR_Ventas Skechers - Megacentro 11012026.txt
2026-01-30 17:12:26,522 - import-worker - INFO - Procesando contenido de PR_PR_PR_PR_PR_Ventas Skechers - Megacentro 11012026.txt para skechers
2026-01-30 17:12:26,692 - httpx - INFO - HTTP Request: POST https://tqvdlceyuvngfftqobjv.supabase.co/rest/v1/ventas "HTTP/2 201 Created"
2026-01-30 17:12:26,857 - httpx - INFO - HTTP Request: POST https://tqvdlceyuvngfftqobjv.supabase.co/rest/v1/ventas "HTTP/2 201 Created"
2026-01-30 17:12:27,014 - httpx - INFO - HTTP Request: POST https://tqvdlceyuvngfftqobjv.supabase.co/rest/v1/ventas "HTTP/2 201 Created"
2026-01-30 17:12:27,173 - httpx - INFO - HTTP Request: POST https://tqvdlceyuvngfftqobjv.supabase.co/rest/v1/ventas "HTTP/2 201 Created"
2026-01-30 17:12:27,344 - httpx - INFO - HTTP Request: POST https://tqvdlceyuvngfftqobjv.supabase.co/rest/v1/ventas "HTTP/2 201 Created"
2026-01-30 17:12:27,510 - httpx - INFO - HTTP Request: POST https://tqvdlceyuvngfftqobjv.supabase.co/rest/v1/ventas "HTTP/2 201 Created"
2026-01-30 17:12:27,701 - httpx - INFO - HTTP Request: POST https://tqvdlceyuvngfftqobjv.supabase.co/rest/v1/ventas "HTTP/2 201 Created"
2026-01-30 17:12:27,903 - httpx - INFO - HTTP Request: POST https://tqvdlceyuvngfftqobjv.supabase.co/rest/v1/ventas "HTTP/2 201 Created"
2026-01-30 17:12:28,080 - httpx - INFO - HTTP Request: POST https://tqvdlceyuvngfftqobjv.supabase.co/rest/v1/ventas "HTTP/2 201 Created"
2026-01-30 17:12:28,292 - httpx - INFO - HTTP Request: POST https://tqvdlceyuvngfftqobjv.supabase.co/rest/v1/ventas "HTTP/2 201 Created"
2026-01-30 17:12:28,475 - httpx - INFO - HTTP Request: POST https://tqvdlceyuvngfftqobjv.supabase.co/rest/v1/ventas "HTTP/2 201 Created"
2026-01-30 17:12:28,634 - httpx - INFO - HTTP Request: POST https://tqvdlceyuvngfftqobjv.supabase.co/rest/v1/ventas "HTTP/2 201 Created"
2026-01-30 17:12:28,797 - httpx - INFO - HTTP Request: POST https://tqvdlceyuvngfftqobjv.supabase.co/rest/v1/ventas "HTTP/2 201 Created"
2026-01-30 17:12:28,954 - httpx - INFO - HTTP Request: POST https://tqvdlceyuvngfftqobjv.supabase.co/rest/v1/ventas "HTTP/2 201 Created"
2026-01-30 17:12:29,118 - httpx - INFO - HTTP Request: POST https://tqvdlceyuvngfftqobjv.supabase.co/rest/v1/ventas "HTTP/2 201 Created"
2026-01-30 17:12:29,283 - httpx - INFO - HTTP Request: POST https://tqvdlceyuvngfftqobjv.supabase.co/rest/v1/logs_carga "HTTP/2 201 Created"
2026-01-30 17:12:29,283 - import-worker - INFO - Log registrado: Worker: Procesado 15 registros.
2026-01-30 17:12:29,283 - import-worker - INFO - Renombrando (Backup) archivo remoto a: .//PR_PR_PR_PR_PR_PR_Ventas Skechers - Megacentro 11012026.txt
2026-01-30 17:12:29,414 - import-worker - INFO - Procesando archivo SFTP: PR_PR_PR_PR_PR_Ventas Skechers - Megacentro 12012026.txt
2026-01-30 17:12:29,708 - import-worker - INFO - Procesando contenido de PR_PR_PR_PR_PR_Ventas Skechers - Megacentro 12012026.txt para skechers
2026-01-30 17:12:29,938 - httpx - INFO - HTTP Request: POST https://tqvdlceyuvngfftqobjv.supabase.co/rest/v1/ventas "HTTP/2 201 Created"
2026-01-30 17:12:30,101 - httpx - INFO - HTTP Request: POST https://tqvdlceyuvngfftqobjv.supabase.co/rest/v1/ventas "HTTP/2 201 Created"
2026-01-30 17:12:30,266 - httpx - INFO - HTTP Request: POST https://tqvdlceyuvngfftqobjv.supabase.co/rest/v1/ventas "HTTP/2 201 Created"
2026-01-30 17:12:30,429 - httpx - INFO - HTTP Request: POST https://tqvdlceyuvngfftqobjv.supabase.co/rest/v1/ventas "HTTP/2 201 Created"
2026-01-30 17:12:30,585 - httpx - INFO - HTTP Request: POST https://tqvdlceyuvngfftqobjv.supabase.co/rest/v1/ventas "HTTP/2 201 Created"
2026-01-30 17:12:30,749 - httpx - INFO - HTTP Request: POST https://tqvdlceyuvngfftqobjv.supabase.co/rest/v1/ventas "HTTP/2 201 Created"
2026-01-30 17:12:30,905 - httpx - INFO - HTTP Request: POST https://tqvdlceyuvngfftqobjv.supabase.co/rest/v1/ventas "HTTP/2 201 Created"
2026-01-30 17:12:31,090 - httpx - INFO - HTTP Request: POST https://tqvdlceyuvngfftqobjv.supabase.co/rest/v1/ventas "HTTP/2 201 Created"
2026-01-30 17:12:31,250 - httpx - INFO - HTTP Request: POST https://tqvdlceyuvngfftqobjv.supabase.co/rest/v1/ventas "HTTP/2 201 Created"
2026-01-30 17:12:31,420 - httpx - INFO - HTTP Request: POST https://tqvdlceyuvngfftqobjv.supabase.co/rest/v1/ventas "HTTP/2 201 Created"
2026-01-30 17:12:31,586 - httpx - INFO - HTTP Request: POST https://tqvdlceyuvngfftqobjv.supabase.co/rest/v1/ventas "HTTP/2 201 Created"
2026-01-30 17:12:31,748 - httpx - INFO - HTTP Request: POST https://tqvdlceyuvngfftqobjv.supabase.co/rest/v1/ventas "HTTP/2 201 Created"
2026-01-30 17:12:31,905 - httpx - INFO - HTTP Request: POST https://tqvdlceyuvngfftqobjv.supabase.co/rest/v1/ventas "HTTP/2 201 Created"
2026-01-30 17:12:32,066 - httpx - INFO - HTTP Request: POST https://tqvdlceyuvngfftqobjv.supabase.co/rest/v1/ventas "HTTP/2 201 Created"
2026-01-30 17:12:32,233 - httpx - INFO - HTTP Request: POST https://tqvdlceyuvngfftqobjv.supabase.co/rest/v1/ventas "HTTP/2 201 Created"
2026-01-30 17:12:32,394 - httpx - INFO - HTTP Request: POST https://tqvdlceyuvngfftqobjv.supabase.co/rest/v1/ventas "HTTP/2 201 Created"
2026-01-30 17:12:32,550 - httpx - INFO - HTTP Request: POST https://tqvdlceyuvngfftqobjv.supabase.co/rest/v1/ventas "HTTP/2 201 Created"
2026-01-30 17:12:32,708 - httpx - INFO - HTTP Request: POST https://tqvdlceyuvngfftqobjv.supabase.co/rest/v1/ventas "HTTP/2 201 Created"
2026-01-30 17:12:32,880 - httpx - INFO - HTTP Request: POST https://tqvdlceyuvngfftqobjv.supabase.co/rest/v1/ventas "HTTP/2 201 Created"
2026-01-30 17:12:33,040 - httpx - INFO - HTTP Request: POST https://tqvdlceyuvngfftqobjv.supabase.co/rest/v1/ventas "HTTP/2 201 Created"
2026-01-30 17:12:33,203 - httpx - INFO - HTTP Request: POST https://tqvdlceyuvngfftqobjv.supabase.co/rest/v1/ventas "HTTP/2 201 Created"
2026-01-30 17:12:33,362 - httpx - INFO - HTTP Request: POST https://tqvdlceyuvngfftqobjv.supabase.co/rest/v1/ventas "HTTP/2 201 Created"
2026-01-30 17:12:33,524 - httpx - INFO - HTTP Request: POST https://tqvdlceyuvngfftqobjv.supabase.co/rest/v1/ventas "HTTP/2 201 Created"
2026-01-30 17:12:33,679 - httpx - INFO - HTTP Request: POST https://tqvdlceyuvngfftqobjv.supabase.co/rest/v1/logs_carga "HTTP/2 201 Created"
2026-01-30 17:12:33,679 - import-worker - INFO - Log registrado: Worker: Procesado 23 registros.
2026-01-30 17:12:33,680 - import-worker - INFO - Renombrando (Backup) archivo remoto a: .//PR_PR_PR_PR_PR_PR_Ventas Skechers - Megacentro 12012026.txt
2026-01-30 17:12:33,797 - import-worker - INFO - Procesando archivo SFTP: PR_PR_PR_PR_PR_Ventas Skechers - Megacentro 13012026.txt
2026-01-30 17:12:34,093 - import-worker - INFO - Procesando contenido de PR_PR_PR_PR_PR_Ventas Skechers - Megacentro 13012026.txt para skechers
2026-01-30 17:12:34,255 - httpx - INFO - HTTP Request: POST https://tqvdlceyuvngfftqobjv.supabase.co/rest/v1/ventas "HTTP/2 201 Created"
2026-01-30 17:12:34,412 - httpx - INFO - HTTP Request: POST https://tqvdlceyuvngfftqobjv.supabase.co/rest/v1/ventas "HTTP/2 201 Created"
2026-01-30 17:12:34,566 - httpx - INFO - HTTP Request: POST https://tqvdlceyuvngfftqobjv.supabase.co/rest/v1/ventas "HTTP/2 201 Created"
2026-01-30 17:12:34,723 - httpx - INFO - HTTP Request: POST https://tqvdlceyuvngfftqobjv.supabase.co/rest/v1/ventas "HTTP/2 201 Created"
2026-01-30 17:12:34,889 - httpx - INFO - HTTP Request: POST https://tqvdlceyuvngfftqobjv.supabase.co/rest/v1/ventas "HTTP/2 201 Created"
2026-01-30 17:12:35,042 - httpx - INFO - HTTP Request: POST https://tqvdlceyuvngfftqobjv.supabase.co/rest/v1/logs_carga "HTTP/2 201 Created"
2026-01-30 17:12:35,042 - import-worker - INFO - Log registrado: Worker: Procesado 5 registros.
2026-01-30 17:12:35,042 - import-worker - INFO - Renombrando (Backup) archivo remoto a: .//PR_PR_PR_PR_PR_PR_Ventas Skechers - Megacentro 13012026.txt
2026-01-30 17:12:35,160 - import-worker - INFO - Procesando archivo SFTP: PR_PR_PR_PR_PR_Ventas Skechers - Megacentro 14012026.txt
2026-01-30 17:12:35,443 - import-worker - INFO - Procesando contenido de PR_PR_PR_PR_PR_Ventas Skechers - Megacentro 14012026.txt para skechers
2026-01-30 17:12:35,599 - httpx - INFO - HTTP Request: POST https://tqvdlceyuvngfftqobjv.supabase.co/rest/v1/ventas "HTTP/2 201 Created"
2026-01-30 17:12:35,763 - httpx - INFO - HTTP Request: POST https://tqvdlceyuvngfftqobjv.supabase.co/rest/v1/ventas "HTTP/2 201 Created"
2026-01-30 17:12:35,935 - httpx - INFO - HTTP Request: POST https://tqvdlceyuvngfftqobjv.supabase.co/rest/v1/ventas "HTTP/2 201 Created"
2026-01-30 17:12:36,098 - httpx - INFO - HTTP Request: POST https://tqvdlceyuvngfftqobjv.supabase.co/rest/v1/ventas "HTTP/2 201 Created"
2026-01-30 17:12:36,263 - httpx - INFO - HTTP Request: POST https://tqvdlceyuvngfftqobjv.supabase.co/rest/v1/ventas "HTTP/2 201 Created"
2026-01-30 17:12:36,422 - httpx - INFO - HTTP Request: POST https://tqvdlceyuvngfftqobjv.supabase.co/rest/v1/ventas "HTTP/2 201 Created"
2026-01-30 17:12:36,580 - httpx - INFO - HTTP Request: POST https://tqvdlceyuvngfftqobjv.supabase.co/rest/v1/ventas "HTTP/2 201 Created"
2026-01-30 17:12:36,741 - httpx - INFO - HTTP Request: POST https://tqvdlceyuvngfftqobjv.supabase.co/rest/v1/ventas "HTTP/2 201 Created"
2026-01-30 17:12:36,906 - httpx - INFO - HTTP Request: POST https://tqvdlceyuvngfftqobjv.supabase.co/rest/v1/ventas "HTTP/2 201 Created"
2026-01-30 17:12:37,071 - httpx - INFO - HTTP Request: POST https://tqvdlceyuvngfftqobjv.supabase.co/rest/v1/ventas "HTTP/2 201 Created"
2026-01-30 17:12:37,244 - httpx - INFO - HTTP Request: POST https://tqvdlceyuvngfftqobjv.supabase.co/rest/v1/ventas "HTTP/2 201 Created"
2026-01-30 17:12:37,410 - httpx - INFO - HTTP Request: POST https://tqvdlceyuvngfftqobjv.supabase.co/rest/v1/ventas "HTTP/2 201 Created"
2026-01-30 17:12:37,568 - httpx - INFO - HTTP Request: POST https://tqvdlceyuvngfftqobjv.supabase.co/rest/v1/logs_carga "HTTP/2 201 Created"
2026-01-30 17:12:37,568 - import-worker - INFO - Log registrado: Worker: Procesado 12 registros.
2026-01-30 17:12:37,568 - import-worker - INFO - Renombrando (Backup) archivo remoto a: .//PR_PR_PR_PR_PR_PR_Ventas Skechers - Megacentro 14012026.txt
2026-01-30 17:12:37,687 - import-worker - INFO - Procesando archivo SFTP: PR_PR_PR_PR_PR_Ventas Skechers - Megacentro 15012026.txt
2026-01-30 17:12:37,973 - import-worker - INFO - Procesando contenido de PR_PR_PR_PR_PR_Ventas Skechers - Megacentro 15012026.txt para skechers
2026-01-30 17:12:38,128 - httpx - INFO - HTTP Request: POST https://tqvdlceyuvngfftqobjv.supabase.co/rest/v1/ventas "HTTP/2 201 Created"
2026-01-30 17:12:38,285 - httpx - INFO - HTTP Request: POST https://tqvdlceyuvngfftqobjv.supabase.co/rest/v1/ventas "HTTP/2 201 Created"
2026-01-30 17:12:38,448 - httpx - INFO - HTTP Request: POST https://tqvdlceyuvngfftqobjv.supabase.co/rest/v1/ventas "HTTP/2 201 Created"
2026-01-30 17:12:38,608 - httpx - INFO - HTTP Request: POST https://tqvdlceyuvngfftqobjv.supabase.co/rest/v1/ventas "HTTP/2 201 Created"
2026-01-30 17:12:38,777 - httpx - INFO - HTTP Request: POST https://tqvdlceyuvngfftqobjv.supabase.co/rest/v1/ventas "HTTP/2 201 Created"
2026-01-30 17:12:38,942 - httpx - INFO - HTTP Request: POST https://tqvdlceyuvngfftqobjv.supabase.co/rest/v1/ventas "HTTP/2 201 Created"
2026-01-30 17:12:39,097 - httpx - INFO - HTTP Request: POST https://tqvdlceyuvngfftqobjv.supabase.co/rest/v1/ventas "HTTP/2 201 Created"
2026-01-30 17:12:39,261 - httpx - INFO - HTTP Request: POST https://tqvdlceyuvngfftqobjv.supabase.co/rest/v1/ventas "HTTP/2 201 Created"
2026-01-30 17:12:39,434 - httpx - INFO - HTTP Request: POST https://tqvdlceyuvngfftqobjv.supabase.co/rest/v1/ventas "HTTP/2 201 Created"
2026-01-30 17:12:39,595 - httpx - INFO - HTTP Request: POST https://tqvdlceyuvngfftqobjv.supabase.co/rest/v1/ventas "HTTP/2 201 Created"
2026-01-30 17:12:39,766 - httpx - INFO - HTTP Request: POST https://tqvdlceyuvngfftqobjv.supabase.co/rest/v1/ventas "HTTP/2 201 Created"
2026-01-30 17:12:39,945 - httpx - INFO - HTTP Request: POST https://tqvdlceyuvngfftqobjv.supabase.co/rest/v1/ventas "HTTP/2 201 Created"
2026-01-30 17:12:40,120 - httpx - INFO - HTTP Request: POST https://tqvdlceyuvngfftqobjv.supabase.co/rest/v1/ventas "HTTP/2 201 Created"
2026-01-30 17:12:40,280 - httpx - INFO - HTTP Request: POST https://tqvdlceyuvngfftqobjv.supabase.co/rest/v1/ventas "HTTP/2 201 Created"
2026-01-30 17:12:40,439 - httpx - INFO - HTTP Request: POST https://tqvdlceyuvngfftqobjv.supabase.co/rest/v1/ventas "HTTP/2 201 Created"
2026-01-30 17:12:40,612 - httpx - INFO - HTTP Request: POST https://tqvdlceyuvngfftqobjv.supabase.co/rest/v1/logs_carga "HTTP/2 201 Created"
2026-01-30 17:12:40,616 - import-worker - INFO - Log registrado: Worker: Procesado 15 registros.
2026-01-30 17:12:40,616 - import-worker - INFO - Renombrando (Backup) archivo remoto a: .//PR_PR_PR_PR_PR_PR_Ventas Skechers - Megacentro 15012026.txt
2026-01-30 17:12:40,726 - import-worker - INFO - Procesando archivo SFTP: PR_PR_PR_PR_PR_Ventas Skechers - Megacentro 16012026.txt
2026-01-30 17:12:41,008 - import-worker - INFO - Procesando contenido de PR_PR_PR_PR_PR_Ventas Skechers - Megacentro 16012026.txt para skechers
2026-01-30 17:12:41,175 - httpx - INFO - HTTP Request: POST https://tqvdlceyuvngfftqobjv.supabase.co/rest/v1/ventas "HTTP/2 201 Created"
2026-01-30 17:12:41,358 - httpx - INFO - HTTP Request: POST https://tqvdlceyuvngfftqobjv.supabase.co/rest/v1/ventas "HTTP/2 201 Created"
2026-01-30 17:12:41,514 - httpx - INFO - HTTP Request: POST https://tqvdlceyuvngfftqobjv.supabase.co/rest/v1/ventas "HTTP/2 201 Created"
2026-01-30 17:12:41,679 - httpx - INFO - HTTP Request: POST https://tqvdlceyuvngfftqobjv.supabase.co/rest/v1/ventas "HTTP/2 201 Created"
2026-01-30 17:12:41,839 - httpx - INFO - HTTP Request: POST https://tqvdlceyuvngfftqobjv.supabase.co/rest/v1/ventas "HTTP/2 201 Created"
2026-01-30 17:12:42,015 - httpx - INFO - HTTP Request: POST https://tqvdlceyuvngfftqobjv.supabase.co/rest/v1/ventas "HTTP/2 201 Created"
2026-01-30 17:12:42,176 - httpx - INFO - HTTP Request: POST https://tqvdlceyuvngfftqobjv.supabase.co/rest/v1/ventas "HTTP/2 201 Created"
2026-01-30 17:12:42,337 - httpx - INFO - HTTP Request: POST https://tqvdlceyuvngfftqobjv.supabase.co/rest/v1/ventas "HTTP/2 201 Created"
2026-01-30 17:12:42,496 - httpx - INFO - HTTP Request: POST https://tqvdlceyuvngfftqobjv.supabase.co/rest/v1/ventas "HTTP/2 201 Created"
2026-01-30 17:12:42,665 - httpx - INFO - HTTP Request: POST https://tqvdlceyuvngfftqobjv.supabase.co/rest/v1/ventas "HTTP/2 201 Created"
2026-01-30 17:12:42,828 - httpx - INFO - HTTP Request: POST https://tqvdlceyuvngfftqobjv.supabase.co/rest/v1/logs_carga "HTTP/2 201 Created"
2026-01-30 17:12:42,829 - import-worker - INFO - Log registrado: Worker: Procesado 10 registros.
2026-01-30 17:12:42,829 - import-worker - INFO - Renombrando (Backup) archivo remoto a: .//PR_PR_PR_PR_PR_PR_Ventas Skechers - Megacentro 16012026.txt
2026-01-30 17:12:42,936 - import-worker - INFO - Procesando archivo SFTP: PR_PR_PR_PR_PR_Ventas Skechers - Megacentro 17012026.txt
2026-01-30 17:12:43,228 - import-worker - INFO - Procesando contenido de PR_PR_PR_PR_PR_Ventas Skechers - Megacentro 17012026.txt para skechers
2026-01-30 17:12:43,393 - httpx - INFO - HTTP Request: POST https://tqvdlceyuvngfftqobjv.supabase.co/rest/v1/ventas "HTTP/2 201 Created"
2026-01-30 17:12:43,564 - httpx - INFO - HTTP Request: POST https://tqvdlceyuvngfftqobjv.supabase.co/rest/v1/ventas "HTTP/2 201 Created"
2026-01-30 17:12:43,731 - httpx - INFO - HTTP Request: POST https://tqvdlceyuvngfftqobjv.supabase.co/rest/v1/ventas "HTTP/2 201 Created"
2026-01-30 17:12:43,904 - httpx - INFO - HTTP Request: POST https://tqvdlceyuvngfftqobjv.supabase.co/rest/v1/ventas "HTTP/2 201 Created"
2026-01-30 17:12:44,069 - httpx - INFO - HTTP Request: POST https://tqvdlceyuvngfftqobjv.supabase.co/rest/v1/ventas "HTTP/2 201 Created"
2026-01-30 17:12:44,231 - httpx - INFO - HTTP Request: POST https://tqvdlceyuvngfftqobjv.supabase.co/rest/v1/ventas "HTTP/2 201 Created"
2026-01-30 17:12:44,387 - httpx - INFO - HTTP Request: POST https://tqvdlceyuvngfftqobjv.supabase.co/rest/v1/ventas "HTTP/2 201 Created"
2026-01-30 17:12:44,543 - httpx - INFO - HTTP Request: POST https://tqvdlceyuvngfftqobjv.supabase.co/rest/v1/ventas "HTTP/2 201 Created"
2026-01-30 17:12:44,699 - httpx - INFO - HTTP Request: POST https://tqvdlceyuvngfftqobjv.supabase.co/rest/v1/ventas "HTTP/2 201 Created"
2026-01-30 17:12:44,861 - httpx - INFO - HTTP Request: POST https://tqvdlceyuvngfftqobjv.supabase.co/rest/v1/ventas "HTTP/2 201 Created"
2026-01-30 17:12:45,017 - httpx - INFO - HTTP Request: POST https://tqvdlceyuvngfftqobjv.supabase.co/rest/v1/ventas "HTTP/2 201 Created"
2026-01-30 17:12:45,175 - httpx - INFO - HTTP Request: POST https://tqvdlceyuvngfftqobjv.supabase.co/rest/v1/ventas "HTTP/2 201 Created"
2026-01-30 17:12:45,362 - httpx - INFO - HTTP Request: POST https://tqvdlceyuvngfftqobjv.supabase.co/rest/v1/ventas "HTTP/2 201 Created"
2026-01-30 17:12:45,517 - httpx - INFO - HTTP Request: POST https://tqvdlceyuvngfftqobjv.supabase.co/rest/v1/ventas "HTTP/2 201 Created"
2026-01-30 17:12:45,674 - httpx - INFO - HTTP Request: POST https://tqvdlceyuvngfftqobjv.supabase.co/rest/v1/ventas "HTTP/2 201 Created"
2026-01-30 17:12:45,871 - httpx - INFO - HTTP Request: POST https://tqvdlceyuvngfftqobjv.supabase.co/rest/v1/ventas "HTTP/2 201 Created"
2026-01-30 17:12:46,029 - httpx - INFO - HTTP Request: POST https://tqvdlceyuvngfftqobjv.supabase.co/rest/v1/ventas "HTTP/2 201 Created"
2026-01-30 17:12:46,188 - httpx - INFO - HTTP Request: POST https://tqvdlceyuvngfftqobjv.supabase.co/rest/v1/ventas "HTTP/2 201 Created"
2026-01-30 17:12:46,351 - httpx - INFO - HTTP Request: POST https://tqvdlceyuvngfftqobjv.supabase.co/rest/v1/ventas "HTTP/2 201 Created"
2026-01-30 17:12:46,516 - httpx - INFO - HTTP Request: POST https://tqvdlceyuvngfftqobjv.supabase.co/rest/v1/ventas "HTTP/2 201 Created"
2026-01-30 17:12:46,672 - httpx - INFO - HTTP Request: POST https://tqvdlceyuvngfftqobjv.supabase.co/rest/v1/logs_carga "HTTP/2 201 Created"
2026-01-30 17:12:46,672 - import-worker - INFO - Log registrado: Worker: Procesado 20 registros.
2026-01-30 17:12:46,673 - import-worker - INFO - Renombrando (Backup) archivo remoto a: .//PR_PR_PR_PR_PR_PR_Ventas Skechers - Megacentro 17012026.txt
2026-01-30 17:12:46,792 - import-worker - INFO - Procesando archivo SFTP: PR_PR_PR_PR_PR_Ventas Skechers - Megacentro 18012026.txt
2026-01-30 17:12:47,085 - import-worker - INFO - Procesando contenido de PR_PR_PR_PR_PR_Ventas Skechers - Megacentro 18012026.txt para skechers
2026-01-30 17:12:47,240 - httpx - INFO - HTTP Request: POST https://tqvdlceyuvngfftqobjv.supabase.co/rest/v1/ventas "HTTP/2 201 Created"
2026-01-30 17:12:47,405 - httpx - INFO - HTTP Request: POST https://tqvdlceyuvngfftqobjv.supabase.co/rest/v1/ventas "HTTP/2 201 Created"
2026-01-30 17:12:47,561 - httpx - INFO - HTTP Request: POST https://tqvdlceyuvngfftqobjv.supabase.co/rest/v1/ventas "HTTP/2 201 Created"
2026-01-30 17:12:47,720 - httpx - INFO - HTTP Request: POST https://tqvdlceyuvngfftqobjv.supabase.co/rest/v1/ventas "HTTP/2 201 Created"
2026-01-30 17:12:47,888 - httpx - INFO - HTTP Request: POST https://tqvdlceyuvngfftqobjv.supabase.co/rest/v1/ventas "HTTP/2 201 Created"
2026-01-30 17:12:48,053 - httpx - INFO - HTTP Request: POST https://tqvdlceyuvngfftqobjv.supabase.co/rest/v1/ventas "HTTP/2 201 Created"
2026-01-30 17:12:48,225 - httpx - INFO - HTTP Request: POST https://tqvdlceyuvngfftqobjv.supabase.co/rest/v1/ventas "HTTP/2 201 Created"
2026-01-30 17:12:48,399 - httpx - INFO - HTTP Request: POST https://tqvdlceyuvngfftqobjv.supabase.co/rest/v1/ventas "HTTP/2 201 Created"
2026-01-30 17:12:48,555 - httpx - INFO - HTTP Request: POST https://tqvdlceyuvngfftqobjv.supabase.co/rest/v1/ventas "HTTP/2 201 Created"
2026-01-30 17:12:48,712 - httpx - INFO - HTTP Request: POST https://tqvdlceyuvngfftqobjv.supabase.co/rest/v1/ventas "HTTP/2 201 Created"
2026-01-30 17:12:48,872 - httpx - INFO - HTTP Request: POST https://tqvdlceyuvngfftqobjv.supabase.co/rest/v1/ventas "HTTP/2 201 Created"
2026-01-30 17:12:49,026 - httpx - INFO - HTTP Request: POST https://tqvdlceyuvngfftqobjv.supabase.co/rest/v1/ventas "HTTP/2 201 Created"
2026-01-30 17:12:49,196 - httpx - INFO - HTTP Request: POST https://tqvdlceyuvngfftqobjv.supabase.co/rest/v1/ventas "HTTP/2 201 Created"
2026-01-30 17:12:49,361 - httpx - INFO - HTTP Request: POST https://tqvdlceyuvngfftqobjv.supabase.co/rest/v1/ventas "HTTP/2 201 Created"
2026-01-30 17:12:49,520 - httpx - INFO - HTTP Request: POST https://tqvdlceyuvngfftqobjv.supabase.co/rest/v1/ventas "HTTP/2 201 Created"
2026-01-30 17:12:49,685 - httpx - INFO - HTTP Request: POST https://tqvdlceyuvngfftqobjv.supabase.co/rest/v1/ventas "HTTP/2 201 Created"
2026-01-30 17:12:49,855 - httpx - INFO - HTTP Request: POST https://tqvdlceyuvngfftqobjv.supabase.co/rest/v1/ventas "HTTP/2 201 Created"
2026-01-30 17:12:50,009 - httpx - INFO - HTTP Request: POST https://tqvdlceyuvngfftqobjv.supabase.co/rest/v1/ventas "HTTP/2 201 Created"
2026-01-30 17:12:50,168 - httpx - INFO - HTTP Request: POST https://tqvdlceyuvngfftqobjv.supabase.co/rest/v1/ventas "HTTP/2 201 Created"
2026-01-30 17:12:50,334 - httpx - INFO - HTTP Request: POST https://tqvdlceyuvngfftqobjv.supabase.co/rest/v1/logs_carga "HTTP/2 201 Created"
2026-01-30 17:12:50,334 - import-worker - INFO - Log registrado: Worker: Procesado 19 registros.
2026-01-30 17:12:50,334 - import-worker - INFO - Renombrando (Backup) archivo remoto a: .//PR_PR_PR_PR_PR_PR_Ventas Skechers - Megacentro 18012026.txt
2026-01-30 17:12:50,452 - paramiko.transport.sftp - INFO - [chan 0] sftp session closed.
2026-01-30 17:12:50,628 - httpx - INFO - HTTP Request: PATCH https://tqvdlceyuvngfftqobjv.supabase.co/rest/v1/locales?id=eq.f2103ec0-93c2-4494-9420-7de0141da274 "HTTP/2 400 Bad Request"
2026-01-30 17:12:50,628 - import-worker - ERROR - Failed to update execution time for skechers: {'message': "Could not find the 'ultima_ejecucion' column of 'locales' in the schema cache", 'code': 'PGRST204', 'hint': None, 'details': None}
[Fri Jan 30 17:12:50 AST 2026] Worker terminado. Esperando 1 hora...
                                                                                                                                                                                                                                                                                                                                                                                                                                                                                                                                                                                                                                                                                                                                                                                                                                                                                                                                                                                                                                                                                                                                                                                                                                                                                                                                                                                                                                                                                                                                                                                                                                                                                                                                                                                                                                                                                                                                                                                                                                                                                                                                                                                                                                                                                                                                                                                                                                                                                                                                                                                                                                                                                                                                                                                                                                                                                                                                                                                                                                                                                                                                                                                                                                                                                                                                                                                                                                                                                                                                                                                                                                                                                                                                                                                                                                                                                                                                                                                                                                                                                                                                                                                                                                                                                                                                                                                                                                                                                                                                                                                                                                                                                                                                                                                                                                                                                                                                                                                                                                                                                                                                                                                                                                                                                                                                                                                                                                                                                                                                                                                                                                                                                                                                                                                                                                                                                                                                                                                                                                                                                                                                                                                                                                                                                                                                                                                                                                                                                                                                                                                                                                                                                                                                                                                                                                                                                                                                                                                                                                                                                                                                                                                                                                                                                                                                                                                                                                                                                                                                                                                                                                                                                                                                                                                                                                                                                                                                                                                                                                                                                                                                                                                                                                                                                                                                                                                                                                                                                                                                                                                                                                                                                                                                                                                                                                                                                                                                                                                                                                                                                                                                                                                                                                                                                                                                                                                                                                                                                                                                                                                                                                                                                                                                                                                                                                                                                                                                                                                                                                                                                                                                                                                                                                                                                                                                                                                                                                                                                                                                                                                                                                                                                                                                                                                                                                                                                                                                                                                                                                                                                                                                                                                                                                                                                                                                                                                                                                                                                                                                                                                                                                                                                                                                                                                                                                                                                                                                                                                                                                                                                                                                                                                                                                                                                                                                                                                                                                                                                                                                                                                                                                                                                                                                                                                                                                                                                                                                                                                                                                                                                                                                                                                                                                                                                                                                                                                                                                                                                                                                                                                                                                                                                                                                                                                                                                                                                                                                                                                                                                                                                                                                                                                                                                                                                                                                                                                                                                                                                                                                                                                                                                                                                                                                                                                                                                                                                                                                                                                                                                                                                                                                                                                                                                                                                                                                                                                                                                                                                                                                                                                                                                                                                                                                                                                                                                                                                                                                                                                                                                                                                                                                                                                                                                                                                                                                                                                                                                                                                                                                                                                                                                                                                                                                                                                                                                                                                                                                                                                                                                                                                                                                                                                                                                                                                                                                                                                                                                                                                                                                                                                                                                                                                                                                                                                                                                                                                                                                                                                                                                                                                                                                                                                                                                                                                                                                                                                                                                                                                                                                                                                                                                                                                                                                                                                                                                                                                                                                                                                                                                                                                                                                                                                                                                                                                                                                                                                                                                                                                                                                                                                                                                                                                                                                                                                                                                                                                                                                                                                                                                                                                                                                                                                                                                                                                                                                                                                                                                                                                                                                                                                                                                                                                                                                                                                                                                                                                                                                                                                                                                                                                                                                                                                                                                                                                                                                                                                                                                                                                                                                                                                                                                                                                                                                                                                                                                                                                                                                                                                                                                                                                                                                                                                                                                                                                                                                                                                                                                                                                                                                                                                                                                                                                                                                                                                                                                                                                                                                                                                                                                                                                                                                                                                                                                                                                                                                                                                                                                                                                                                                                                                                                                                                                                                                                                                                                                                                                                                                                                                                                                                                                                                                                                                                                                                                                                                                                                                                                                                                                                                                                                                                                                                                                                                                                                                                                                                                                                                                                                                                                                                                                                                                                                                                                                                                                                                                                                                                                                                                                                                                                                                                                                                                                                                                                                                                                                                                                                                                                                                                                                                                                                                                                                                                                                                                                                                                                                                                                                                                                                                                                                                                                                                                                                                                                                                                                                                                                                                                                                                                                                                                                                                                                                                                                                                                                                                                                                                                                                                                                                                                                                                                                                                                                                                                                                                                                                                                                                                                                                                                                                                                                                                                                                                                                                                                                                                                                                                                                                                                                                                                                                                                                                                                                                                                                                                                                                                                                                                                                                                                                                                                                                                                                                                                                                                                                                                                                                                                                                                                                                                                                                                                                                                                                                                                                                                                                                                                                                                                                                                                                                                                                                                                                                                                                                                                                                                                                                                                                                                                                                                                                                                                                                                                                                                                                                                                                                                                                                                                                                                                                                                                                                                                                                                                                                                                                                                                                                                                                                                                                                                                                                                                                                                                                                                                                                                                                                                                                                                                                                                                                                                                                                                                                                                                                                                                                                                                                                                                                                                                                                                                                                                                                                                                                                                                                                                                                                                                                                                                                                                                                                                                                                                                                                                                                                                                                                                                                                                                                                                                                                                                                                                                                                                                                                                                                                                                                                                                                                                                                                                                                                                                                                                                                                                                                                                                                                                                                                                                                                                                                                                                                                                                                                                                                                                                                                                                                                                                                                                                                                                                                                                                                                                                                                                                                                                                                                                                                                                                                                                                                                                                                                                                                                                                                                                                                                                                                                                                                                                                                                                                                                                                                                                                                                                                                                                                                                                                                                                                                                                                                                                                                                                                                                                                                                                                                                                                                                                                                                                                                                                                                                                                                                                                                                                                                                                                                                                                                                                                                                                                                                                                                                                                                                                                                                                                                                                                                                                                                                                                                                                                                                                                                                                                                                                                                                                                                                                                                                                                                                                                                                                                                                                                                                                                                                                                                                                                                                                                                                                                                                                                                                                                                                                                                                                                                                                                                                                                                                                                                                                                                                                                                                                                                                                                                                                                                                                                                                                                                                                                                                                                                                                                                                                                                                                                                                                                                                                                                                                                                                                                                                                                                                                                                                                                                                                                                                                                                                                                                                                                                                                                                                                                                                                                                                                                                                                                                                                                                                                                                                                                                                                                                                                                                                                                                                                                                                                                                                                                                                                                                                                                                                                                                                                                                                                                                                                                                                                                                                                                                                                                                                                                                                                                                                                                                                                                                                                                                                                                                                                                                                                                                                                                                                                                                                                                                                                                                                                                                                                                                                                                                                                                                                                                                                                                                                                                                                                                                                                                                                                                                                                                                                                                                                                                                                                                                                                                                                                                                                                                                                                                                                                                                                                                                                                                                                                                                                                                                                                                                                                                                                                                                                                                                                                                                                                                                                                                                                                                                                                                                                                                                                                                                                                                                                                                                                                                                                                                                                                                                                                                                                                                                                                                                                                                                                                                                                                                                                                                                                                                                                                                                                                                                                                                                                                                                                                                                                                                                                                                                                                                                                                                                                                                                                                                                                                                                                                                                                                                                                                                                                                                                                                                                                                                                                                                                                                                                                                                                                                                                                                                                                                                                                                                                                                                                                                                                                                                                                                                                                                                                                                                                                                                                                                                                                                                                                                                                                                                                                                                                                                                                                                                                                                                                                                                                                                                                                                                                                                                                                                                                                                                                                                                                                                                                                                                                                                                                                                                                                                                                                                                                                                                                                                                                                                                                                                                                                                                                                                                                                                                                                                                                                                                                                                                                                                                                                                                                                                                                                                                                                                                                                                                                                                                                                                                                                                                                                                                                                                                                                                                                                                                                                                                                                                                                                                                                                                                                                                                                                                                                                                                                                                                                                                                                                                                                                                                                                                                                                                                                                                                                                                                                                                                                                                                                                                                                                                                                                                                                                                                                                                                                                                                                                                                                                                                                                                                                                                                                                                                                                                                                                                                                                                                                                                                                                                                                                                                                                                                                                                                                                                                                                                                                                                                                                                                                                                                                                                                                                                                                                                                                                                                                                                                                                                                                                                                                                                                                                                                                                                                                                                                                                                                                                                                                                                                                                                                                                                                                                                                                                                                                                                                                                                                                                                                                                                                                                                                                                                                                                                                                                                                                                                                                                                                                                                                                                                                                                                                                                                                                                                                                                                                                                                                                                                                                                                                                                                                                                                                                                                                                                                                                                                                                                                                                                                                                                                                                                                                                                                                                                                                                                                                                                                                                                                                                                                                                                                                                                                                                                                                                                                                                                                                                                                                                                                                                                                                                                                                                                                                                                                                                                                                                                                                                                                                                                                                                                                                                                                                                                                                                                                                                                                                                                                                                                                                                                                                                                                                                                                                                                                                                                                                                                                                                                                                                                                       WARNING:  StatReload detected changes in 'debug_rls_verbose.py'. Reloading...
Fatal Python error: init_sys_streams: can't initialize sys standard streams
Python runtime state: core initialized
OSError: [Errno 9] Bad file descriptor

Current thread 0x000000020cf1a240 (most recent call first):
  <no Python frame>
WARNING:  StatReload detected changes in 'main.py'. Reloading...
Fatal Python error: init_sys_streams: can't initialize sys standard streams
Python runtime state: core initialized
OSError: [Errno 9] Bad file descriptor

Current thread 0x000000020cf1a240 (most recent call first):
  <no Python frame>
WARNING:  StatReload detected changes in 'worker_importacion.py'. Reloading...
Fatal Python error: init_sys_streams: can't initialize sys standard streams
Python runtime state: core initialized
OSError: [Errno 9] Bad file descriptor

Current thread 0x000000020cf1a240 (most recent call first):
  <no Python frame>
WARNING:  StatReload detected changes in 'worker_importacion.py'. Reloading...
Fatal Python error: init_sys_streams: can't initialize sys standard streams
Python runtime state: core initialized
OSError: [Errno 9] Bad file descriptor

Current thread 0x000000020cf1a240 (most recent call first):
  <no Python frame>
WARNING:  StatReload detected changes in 'worker_importacion.py'. Reloading...
Fatal Python error: init_sys_streams: can't initialize sys standard streams
Python runtime state: core initialized
OSError: [Errno 9] Bad file descriptor

Current thread 0x000000020cf1a240 (most recent call first):
  <no Python frame>
INFO:     Stopping reloader process [99487]
