factura_numero,fecha_venta,local_codigo,total_bruto,total_impuestos,total_neto,comprobante,hora_transaccion
10000,2023-01-01,L001,295.87,26.90,268.97,BE-10000,13:20:12
10001,2023-01-01,L001,168.19,15.29,152.90,BE-10001,21:08:23
10002,2023-01-01,L001,519.70,47.25,472.45,BE-10002,14:59:35
10003,2023-01-01,L001,45.57,4.14,41.43,BE-10003,15:46:27
10004,2023-01-01,L001,178.70,16.25,162.45,BE-10004,20:47:37
10005,2023-01-01,L002,86.92,7.90,79.02,BE-10005,12:58:40
10006,2023-01-01,L002,399.97,36.36,363.61,BE-10006,16:27:46
10007,2023-01-01,L002,487.19,44.29,442.90,BE-10007,14:32:35
10008,2023-01-01,L002,215.42,19.58,195.84,BE-10008,18:22:42
10009,2023-01-01,L003,241.60,21.96,219.64,BE-10009,12:39:08
10010,2023-01-01,L003,193.63,17.60,176.03,BE-10010,13:41:55
10011,2023-01-01,L003,549.84,49.99,499.85,BE-10011,12:02:05
10012,2023-01-01,L003,26.77,2.43,24.34,BE-10012,14:23:20
10013,2023-01-01,L003,352.01,32.00,320.01,BE-10013,12:02:05
10014,2023-01-02,L001,335.92,30.54,305.38,BE-10014,16:09:43
10015,2023-01-02,L001,232.57,21.14,211.43,BE-10015,20:48:32
10016,2023-01-02,L001,248.31,22.57,225.74,BE-10016,11:53:55
10017,2023-01-02,L001,508.86,46.26,462.60,BE-10017,10:25:05
10018,2023-01-02,L001,441.42,40.13,401.29,BE-10018,20:09:43
10019,2023-01-02,L002,47.62,4.33,43.29,BE-10019,11:23:06
10020,2023-01-02,L002,490.27,44.57,445.70,BE-10020,16:08:07
10021,2023-01-02,L002,546.84,49.71,497.13,BE-10021,21:10:49
10022,2023-01-02,L003,526.52,47.87,478.65,BE-10022,11:52:49
10023,2023-01-02,L003,170.62,15.51,155.11,BE-10023,10:30:21
10024,2023-01-02,L003,356.03,32.37,323.66,BE-10024,12:43:49
10025,2023-01-03,L002,316.48,28.77,287.71,BE-10025,20:31:31
10026,2023-01-03,L002,436.93,39.72,397.21,BE-10026,13:46:23
10027,2023-01-03,L003,512.69,46.61,466.08,BE-10027,21:49:34
10028,2023-01-03,L003,265.18,24.11,241.07,BE-10028,19:29:48
10029,2023-01-03,L003,46.22,4.20,42.02,BE-10029,20:28:40
10030,2023-01-03,L003,117.65,10.70,106.95,BE-10030,10:19:42
10031,2023-01-04,L001,243.90,22.17,221.73,BE-10031,16:29:55
10032,2023-01-04,L001,180.58,16.42,164.16,BE-10032,19:36:26
10033,2023-01-04,L001,209.06,19.01,190.05,BE-10033,19:02:26
10034,2023-01-04,L002,64.61,5.87,58.74,BE-10034,20:22:02
10035,2023-01-04,L002,73.22,6.66,66.56,BE-10035,15:49:59
10036,2023-01-04,L003,207.39,18.85,188.54,BE-10036,12:49:25
10037,2023-01-04,L003,483.54,43.96,439.58,BE-10037,16:14:29
10038,2023-01-04,L003,219.97,20.00,199.97,BE-10038,17:36:47
10039,2023-01-05,L002,42.58,3.87,38.71,BE-10039,11:00:24
10040,2023-01-05,L002,122.51,11.14,111.37,BE-10040,15:16:02
10041,2023-01-05,L002,271.62,24.69,246.93,BE-10041,14:47:52
10042,2023-01-05,L002,76.42,6.95,69.47,BE-10042,18:43:35
10043,2023-01-05,L003,289.30,26.30,263.00,BE-10043,16:57:34
10044,2023-01-05,L003,468.03,42.55,425.48,BE-10044,19:06:48
10045,2023-01-06,L001,470.60,42.78,427.82,BE-10045,12:42:22
10046,2023-01-06,L001,126.12,11.47,114.65,BE-10046,11:39:12
10047,2023-01-06,L002,257.70,23.43,234.27,BE-10047,19:17:06
10048,2023-01-06,L002,282.88,25.72,257.16,BE-10048,12:17:45
10049,2023-01-06,L002,349.77,31.80,317.97,BE-10049,20:24:43
10050,2023-01-06,L002,117.12,10.65,106.47,BE-10050,17:35:38
10051,2023-01-06,L003,121.66,11.06,110.60,BE-10051,17:10:30
10052,2023-01-06,L003,383.39,34.85,348.54,BE-10052,10:30:15
10053,2023-01-06,L003,216.46,19.68,196.78,BE-10053,17:50:48
10054,2023-01-06,L003,243.72,22.16,221.56,BE-10054,17:58:47
10055,2023-01-07,L001,536.02,48.73,487.29,BE-10055,20:13:16
10056,2023-01-07,L001,292.51,26.59,265.92,BE-10056,11:55:53
10057,2023-01-07,L001,235.83,21.44,214.39,BE-10057,10:32:03
10058,2023-01-07,L001,417.98,38.00,379.98,BE-10058,15:09:02
10059,2023-01-07,L002,539.01,49.00,490.01,BE-10059,12:40:22
10060,2023-01-07,L003,440.36,40.03,400.33,BE-10060,16:03:51
10061,2023-01-07,L003,339.83,30.89,308.94,BE-10061,21:33:52
10062,2023-01-08,L002,453.61,41.24,412.37,BE-10062,19:10:46
10063,2023-01-08,L002,292.90,26.63,266.27,BE-10063,13:50:10
10064,2023-01-08,L002,507.99,46.18,461.81,BE-10064,21:03:11
10065,2023-01-08,L002,185.06,16.82,168.24,BE-10065,14:43:22
10066,2023-01-08,L002,506.59,46.05,460.54,BE-10066,15:50:21
10067,2023-01-08,L003,534.71,48.61,486.10,BE-10067,20:50:47
10068,2023-01-08,L003,117.77,10.71,107.06,BE-10068,21:54:27
10069,2023-01-08,L003,541.78,49.25,492.53,BE-10069,20:36:45
10070,2023-01-09,L001,144.94,13.18,131.76,BE-10070,10:57:12
10071,2023-01-09,L001,301.77,27.43,274.34,BE-10071,17:24:29
10072,2023-01-09,L003,414.91,37.72,377.19,BE-10072,10:55:36
10073,2023-01-10,L001,345.74,31.43,314.31,BE-10073,21:01:10
10074,2023-01-10,L001,318.81,28.98,289.83,BE-10074,12:11:45
10075,2023-01-10,L001,508.79,46.25,462.54,BE-10075,15:14:37
10076,2023-01-10,L001,430.73,39.16,391.57,BE-10076,16:27:44
10077,2023-01-10,L002,133.41,12.13,121.28,BE-10077,15:18:12
10078,2023-01-10,L002,414.60,37.69,376.91,BE-10078,15:51:25
10079,2023-01-10,L002,440.92,40.08,400.84,BE-10079,16:01:24
10080,2023-01-10,L002,64.47,5.86,58.61,BE-10080,14:35:12
10081,2023-01-10,L002,248.45,22.59,225.86,BE-10081,20:06:00
10082,2023-01-10,L003,429.87,39.08,390.79,BE-10082,20:38:16
10083,2023-01-10,L003,337.54,30.69,306.85,BE-10083,21:59:49
10084,2023-01-10,L003,200.18,18.20,181.98,BE-10084,16:27:02
10085,2023-01-11,L001,318.45,28.95,289.50,BE-10085,11:41:37
10086,2023-01-11,L001,220.11,20.01,200.10,BE-10086,20:04:18
10087,2023-01-11,L001,446.70,40.61,406.09,BE-10087,13:28:03
10088,2023-01-11,L001,328.29,29.84,298.45,BE-10088,21:00:05
10089,2023-01-11,L002,525.15,47.74,477.41,BE-10089,17:56:47
10090,2023-01-11,L002,306.66,27.88,278.78,BE-10090,10:46:06
10091,2023-01-11,L002,436.11,39.65,396.46,BE-10091,14:00:23
10092,2023-01-11,L002,547.47,49.77,497.70,BE-10092,13:42:27
10093,2023-01-11,L003,336.99,30.64,306.35,BE-10093,14:41:26
10094,2023-01-11,L003,266.68,24.24,242.44,BE-10094,12:41:56
10095,2023-01-11,L003,323.00,29.36,293.64,BE-10095,10:58:04
10096,2023-01-11,L003,285.74,25.98,259.76,BE-10096,13:13:17
10097,2023-01-12,L001,196.38,17.85,178.53,BE-10097,12:43:03
10098,2023-01-12,L001,404.83,36.80,368.03,BE-10098,20:54:59
10099,2023-01-12,L001,430.29,39.12,391.17,BE-10099,13:37:27
10100,2023-01-12,L001,28.92,2.63,26.29,BE-10100,12:00:58
10101,2023-01-12,L002,101.51,9.23,92.28,BE-10101,13:58:30
10102,2023-01-13,L001,311.11,28.28,282.83,BE-10102,13:33:38
10103,2023-01-13,L001,236.15,21.47,214.68,BE-10103,17:23:30
10104,2023-01-13,L001,418.56,38.05,380.51,BE-10104,19:17:04
10105,2023-01-13,L001,458.67,41.70,416.97,BE-10105,13:11:08
10106,2023-01-13,L001,289.61,26.33,263.28,BE-10106,15:00:25
10107,2023-01-13,L002,195.83,17.80,178.03,BE-10107,19:40:03
10108,2023-01-13,L002,451.71,41.06,410.65,BE-10108,16:25:16
10109,2023-01-13,L003,120.59,10.96,109.63,BE-10109,17:27:06
10110,2023-01-13,L003,184.72,16.79,167.93,BE-10110,13:37:35
10111,2023-01-13,L003,442.99,40.27,402.72,BE-10111,19:40:02
10112,2023-01-13,L003,145.17,13.20,131.97,BE-10112,16:03:44
10113,2023-01-14,L002,134.67,12.24,122.43,BE-10113,18:41:55
10114,2023-01-14,L002,376.35,34.21,342.14,BE-10114,20:38:46
10115,2023-01-14,L002,445.10,40.46,404.64,BE-10115,21:34:50
10116,2023-01-14,L003,409.74,37.25,372.49,BE-10116,12:22:39
10117,2023-01-15,L003,498.74,45.34,453.40,BE-10117,11:24:15
10118,2023-01-15,L003,24.51,2.23,22.28,BE-10118,12:35:47
10119,2023-01-15,L003,320.16,29.11,291.05,BE-10119,13:36:26
10120,2023-01-16,L001,361.74,32.89,328.85,BE-10120,11:06:20
10121,2023-01-16,L002,98.19,8.93,89.26,BE-10121,13:41:47
10122,2023-01-16,L002,385.41,35.04,350.37,BE-10122,12:50:56
10123,2023-01-16,L002,257.73,23.43,234.30,BE-10123,12:29:01
10124,2023-01-17,L003,208.71,18.97,189.74,BE-10124,19:14:24
10125,2023-01-17,L003,151.49,13.77,137.72,BE-10125,18:33:20
10126,2023-01-17,L003,257.40,23.40,234.00,BE-10126,14:16:38
10127,2023-01-17,L003,242.62,22.06,220.56,BE-10127,14:29:33
10128,2023-01-17,L003,41.30,3.75,37.55,BE-10128,14:57:41
10129,2023-01-18,L001,497.26,45.21,452.05,BE-10129,20:35:53
10130,2023-01-18,L001,304.84,27.71,277.13,BE-10130,13:14:00
10131,2023-01-18,L001,37.45,3.40,34.05,BE-10131,13:34:45
10132,2023-01-18,L001,266.81,24.26,242.55,BE-10132,17:47:28
10133,2023-01-18,L001,337.21,30.66,306.55,BE-10133,21:07:47
10134,2023-01-18,L002,426.14,38.74,387.40,BE-10134,13:53:39
10135,2023-01-18,L002,443.38,40.31,403.07,BE-10135,11:08:16
10136,2023-01-18,L002,256.89,23.35,233.54,BE-10136,14:42:32
10137,2023-01-18,L002,64.36,5.85,58.51,BE-10137,16:39:15
10138,2023-01-18,L002,150.58,13.69,136.89,BE-10138,19:06:26
10139,2023-01-18,L003,516.73,46.98,469.75,BE-10139,19:20:09
10140,2023-01-18,L003,197.14,17.92,179.22,BE-10140,21:01:00
10141,2023-01-18,L003,72.93,6.63,66.30,BE-10141,11:53:38
10142,2023-01-19,L001,263.93,23.99,239.94,BE-10142,15:09:04
10143,2023-01-19,L001,112.35,10.21,102.14,BE-10143,18:30:32
10144,2023-01-19,L001,288.30,26.21,262.09,BE-10144,14:34:35
10145,2023-01-19,L003,133.80,12.16,121.64,BE-10145,11:43:43
10146,2023-01-19,L003,336.44,30.59,305.85,BE-10146,19:12:52
10147,2023-01-19,L003,405.45,36.86,368.59,BE-10147,17:41:40
10148,2023-01-19,L003,395.55,35.96,359.59,BE-10148,17:41:08
10149,2023-01-20,L001,157.56,14.32,143.24,BE-10149,21:46:11
10150,2023-01-20,L001,363.17,33.02,330.15,BE-10150,16:58:22
10151,2023-01-20,L002,266.44,24.22,242.22,BE-10151,20:16:27
10152,2023-01-20,L003,249.19,22.65,226.54,BE-10152,15:19:14
10153,2023-01-20,L003,177.47,16.13,161.34,BE-10153,20:30:20
10154,2023-01-20,L003,121.04,11.00,110.04,BE-10154,12:29:56
10155,2023-01-20,L003,93.83,8.53,85.30,BE-10155,10:42:31
10156,2023-01-20,L003,205.49,18.68,186.81,BE-10156,20:21:46
10157,2023-01-21,L003,538.81,48.98,489.83,BE-10157,20:27:25
10158,2023-01-22,L001,148.63,13.51,135.12,BE-10158,15:46:33
10159,2023-01-22,L001,480.74,43.70,437.04,BE-10159,16:39:42
10160,2023-01-22,L001,462.92,42.08,420.84,BE-10160,10:09:32
10161,2023-01-22,L001,188.07,17.10,170.97,BE-10161,14:59:46
10162,2023-01-22,L003,209.29,19.03,190.26,BE-10162,10:21:08
10163,2023-01-23,L001,476.04,43.28,432.76,BE-10163,10:25:03
10164,2023-01-23,L001,232.46,21.13,211.33,BE-10164,12:23:49
10165,2023-01-23,L001,340.02,30.91,309.11,BE-10165,16:09:23
10166,2023-01-23,L001,249.66,22.70,226.96,BE-10166,10:52:21
10167,2023-01-23,L001,492.72,44.79,447.93,BE-10167,20:12:27
10168,2023-01-23,L002,140.21,12.75,127.46,BE-10168,13:26:01
10169,2023-01-23,L002,331.29,30.12,301.17,BE-10169,20:26:20
10170,2023-01-23,L003,322.37,29.31,293.06,BE-10170,21:14:38
10171,2023-01-23,L003,203.85,18.53,185.32,BE-10171,10:30:01
10172,2023-01-23,L003,227.07,20.64,206.43,BE-10172,21:25:42
10173,2023-01-24,L001,254.96,23.18,231.78,BE-10173,20:24:50
10174,2023-01-24,L001,298.20,27.11,271.09,BE-10174,10:31:15
10175,2023-01-24,L001,186.91,16.99,169.92,BE-10175,17:17:33
10176,2023-01-24,L001,64.79,5.89,58.90,BE-10176,16:22:33
10177,2023-01-24,L001,226.35,20.58,205.77,BE-10177,10:23:56
10178,2023-01-24,L003,299.82,27.26,272.56,BE-10178,17:59:01
10179,2023-01-24,L003,347.39,31.58,315.81,BE-10179,20:39:59
10180,2023-01-24,L003,316.00,28.73,287.27,BE-10180,19:16:56
10181,2023-01-24,L003,74.84,6.80,68.04,BE-10181,21:41:51
10182,2023-01-25,L001,291.81,26.53,265.28,BE-10182,13:34:42
10183,2023-01-26,L001,109.90,9.99,99.91,BE-10183,19:24:42
10184,2023-01-26,L001,86.56,7.87,78.69,BE-10184,21:44:04
10185,2023-01-26,L001,286.85,26.08,260.77,BE-10185,11:13:38
10186,2023-01-27,L001,432.48,39.32,393.16,BE-10186,16:43:07
10187,2023-01-27,L002,114.70,10.43,104.27,BE-10187,13:12:57
10188,2023-01-27,L002,341.09,31.01,310.08,BE-10188,10:10:31
10189,2023-01-27,L002,393.60,35.78,357.82,BE-10189,10:02:45
10190,2023-01-27,L002,297.29,27.03,270.26,BE-10190,14:49:55
10191,2023-01-27,L003,57.44,5.22,52.22,BE-10191,21:14:18
10192,2023-01-27,L003,299.90,27.26,272.64,BE-10192,21:51:35
10193,2023-01-27,L003,294.79,26.80,267.99,BE-10193,17:48:29
10194,2023-01-27,L003,118.56,10.78,107.78,BE-10194,18:42:00
10195,2023-01-28,L001,164.69,14.97,149.72,BE-10195,11:25:08
10196,2023-01-28,L001,500.47,45.50,454.97,BE-10196,20:32:15
10197,2023-01-28,L001,240.77,21.89,218.88,BE-10197,12:48:57
10198,2023-01-28,L001,372.22,33.84,338.38,BE-10198,13:07:41
10199,2023-01-28,L001,256.85,23.35,233.50,BE-10199,15:39:00
10200,2023-01-28,L002,137.71,12.52,125.19,BE-10200,20:14:20
10201,2023-01-28,L002,88.12,8.01,80.11,BE-10201,18:51:11
10202,2023-01-28,L002,61.92,5.63,56.29,BE-10202,15:18:02
10203,2023-01-28,L002,512.66,46.61,466.05,BE-10203,12:11:26
10204,2023-01-28,L002,410.77,37.34,373.43,BE-10204,20:31:05
10205,2023-01-29,L001,297.12,27.01,270.11,BE-10205,16:13:26
10206,2023-01-29,L002,208.71,18.97,189.74,BE-10206,20:08:14
10207,2023-01-29,L003,357.42,32.49,324.93,BE-10207,21:35:54
10208,2023-01-29,L003,354.27,32.21,322.06,BE-10208,18:51:04
10209,2023-01-29,L003,369.04,33.55,335.49,BE-10209,21:16:09
10210,2023-01-29,L003,395.06,35.91,359.15,BE-10210,17:28:29
10211,2023-01-29,L003,338.82,30.80,308.02,BE-10211,17:49:22
10212,2023-01-30,L001,436.73,39.70,397.03,BE-10212,21:15:37
10213,2023-01-30,L001,273.56,24.87,248.69,BE-10213,12:36:06
10214,2023-01-30,L001,313.89,28.54,285.35,BE-10214,11:13:46
10215,2023-01-30,L001,31.27,2.84,28.43,BE-10215,14:19:20
10216,2023-01-30,L001,358.14,32.56,325.58,BE-10216,10:08:00
10217,2023-01-31,L001,478.98,43.54,435.44,BE-10217,17:19:40
10218,2023-01-31,L001,429.32,39.03,390.29,BE-10218,17:32:05
10219,2023-01-31,L001,39.57,3.60,35.97,BE-10219,18:21:50
10220,2023-01-31,L002,132.53,12.05,120.48,BE-10220,19:09:16
10221,2023-01-31,L002,181.65,16.51,165.14,BE-10221,17:40:10
10222,2023-01-31,L002,217.92,19.81,198.11,BE-10222,15:06:30
10223,2023-01-31,L002,493.87,44.90,448.97,BE-10223,20:39:55
10224,2023-01-31,L003,165.81,15.07,150.74,BE-10224,11:32:19
10225,2023-01-31,L003,142.73,12.98,129.75,BE-10225,13:13:29
10226,2023-02-01,L001,424.91,38.63,386.28,BE-10226,16:11:22
10227,2023-02-01,L002,205.67,18.70,186.97,BE-10227,21:32:57
10228,2023-02-01,L002,481.44,43.77,437.67,BE-10228,13:54:17
10229,2023-02-01,L002,278.43,25.31,253.12,BE-10229,20:12:28
10230,2023-02-01,L002,58.37,5.31,53.06,BE-10230,17:38:43
10231,2023-02-02,L002,268.29,24.39,243.90,BE-10231,17:28:40
10232,2023-02-02,L003,133.83,12.17,121.66,BE-10232,14:53:11
10233,2023-02-02,L003,231.83,21.08,210.75,BE-10233,14:40:59
10234,2023-02-03,L001,405.26,36.84,368.42,BE-10234,15:43:19
10235,2023-02-03,L001,473.53,43.05,430.48,BE-10235,15:15:41
10236,2023-02-03,L002,248.71,22.61,226.10,BE-10236,21:49:05
10237,2023-02-03,L002,439.65,39.97,399.68,BE-10237,20:18:59
10238,2023-02-03,L002,284.89,25.90,258.99,BE-10238,21:43:01
10239,2023-02-03,L002,127.20,11.56,115.64,BE-10239,16:15:07
10240,2023-02-03,L002,126.15,11.47,114.68,BE-10240,15:36:35
10241,2023-02-04,L001,405.92,36.90,369.02,BE-10241,20:45:28
10242,2023-02-04,L001,321.90,29.26,292.64,BE-10242,15:25:59
10243,2023-02-05,L002,93.92,8.54,85.38,BE-10243,12:05:05
10244,2023-02-05,L002,93.13,8.47,84.66,BE-10244,20:53:35
10245,2023-02-05,L002,93.79,8.53,85.26,BE-10245,13:15:12
10246,2023-02-06,L001,389.46,35.41,354.05,BE-10246,15:20:39
10247,2023-02-06,L002,468.52,42.59,425.93,BE-10247,20:51:37
10248,2023-02-06,L002,279.97,25.45,254.52,BE-10248,14:10:47
10249,2023-02-06,L002,146.36,13.31,133.05,BE-10249,19:26:38
10250,2023-02-06,L002,123.02,11.18,111.84,BE-10250,10:48:23
10251,2023-02-06,L003,60.08,5.46,54.62,BE-10251,12:14:26
10252,2023-02-06,L003,517.89,47.08,470.81,BE-10252,21:41:43
10253,2023-02-06,L003,101.58,9.23,92.35,BE-10253,11:43:03
10254,2023-02-06,L003,309.72,28.16,281.56,BE-10254,14:50:44
10255,2023-02-07,L001,137.20,12.47,124.73,BE-10255,20:13:39
10256,2023-02-07,L003,448.60,40.78,407.82,BE-10256,15:16:25
10257,2023-02-08,L001,468.14,42.56,425.58,BE-10257,15:09:51
10258,2023-02-08,L001,484.36,44.03,440.33,BE-10258,14:29:00
10259,2023-02-08,L001,31.33,2.85,28.48,BE-10259,18:45:33
10260,2023-02-08,L001,280.39,25.49,254.90,BE-10260,21:20:23
10261,2023-02-08,L002,248.95,22.63,226.32,BE-10261,14:47:09
10262,2023-02-08,L002,521.08,47.37,473.71,BE-10262,13:06:40
10263,2023-02-09,L001,284.33,25.85,258.48,BE-10263,13:50:21
10264,2023-02-09,L001,395.54,35.96,359.58,BE-10264,19:36:16
10265,2023-02-09,L001,443.96,40.36,403.60,BE-10265,11:13:07
10266,2023-02-09,L002,534.49,48.59,485.90,BE-10266,20:02:36
10267,2023-02-09,L002,82.93,7.54,75.39,BE-10267,17:27:27
10268,2023-02-09,L002,45.40,4.13,41.27,BE-10268,11:20:59
10269,2023-02-09,L002,351.54,31.96,319.58,BE-10269,14:09:14
10270,2023-02-09,L002,437.09,39.74,397.35,BE-10270,12:15:06
10271,2023-02-09,L003,504.54,45.87,458.67,BE-10271,20:00:07
10272,2023-02-09,L003,423.05,38.46,384.59,BE-10272,14:48:26
10273,2023-02-10,L002,278.39,25.31,253.08,BE-10273,15:31:52
10274,2023-02-10,L002,549.27,49.93,499.34,BE-10274,19:32:17
10275,2023-02-10,L002,361.11,32.83,328.28,BE-10275,20:22:26
10276,2023-02-10,L002,416.23,37.84,378.39,BE-10276,19:43:45
10277,2023-02-10,L002,467.24,42.48,424.76,BE-10277,20:19:17
10278,2023-02-11,L003,363.36,33.03,330.33,BE-10278,19:39:49
10279,2023-02-11,L003,479.90,43.63,436.27,BE-10279,20:52:54
10280,2023-02-12,L001,491.59,44.69,446.90,BE-10280,10:03:28
10281,2023-02-12,L001,143.44,13.04,130.40,BE-10281,19:31:22
10282,2023-02-12,L001,293.08,26.64,266.44,BE-10282,10:26:03
10283,2023-02-12,L001,531.25,48.30,482.95,BE-10283,13:03:18
10284,2023-02-12,L001,51.60,4.69,46.91,BE-10284,12:33:36
10285,2023-02-13,L001,286.19,26.02,260.17,BE-10285,15:24:29
10286,2023-02-13,L001,132.54,12.05,120.49,BE-10286,17:03:15
10287,2023-02-13,L001,308.81,28.07,280.74,BE-10287,18:50:14
10288,2023-02-13,L001,57.16,5.20,51.96,BE-10288,12:10:40
10289,2023-02-13,L001,513.59,46.69,466.90,BE-10289,11:39:04
10290,2023-02-13,L002,267.01,24.27,242.74,BE-10290,18:18:26
10291,2023-02-13,L002,502.43,45.68,456.75,BE-10291,11:17:34
10292,2023-02-13,L003,130.53,11.87,118.66,BE-10292,15:42:33
10293,2023-02-13,L003,257.91,23.45,234.46,BE-10293,19:16:01
10294,2023-02-13,L003,37.05,3.37,33.68,BE-10294,15:12:30
10295,2023-02-13,L003,237.46,21.59,215.87,BE-10295,16:15:45
10296,2023-02-13,L003,362.66,32.97,329.69,BE-10296,21:43:54
10297,2023-02-14,L001,220.02,20.00,200.02,BE-10297,11:31:25
10298,2023-02-14,L001,213.81,19.44,194.37,BE-10298,19:35:43
10299,2023-02-14,L002,73.04,6.64,66.40,BE-10299,15:15:53
10300,2023-02-14,L002,347.53,31.59,315.94,BE-10300,17:36:17
10301,2023-02-15,L001,81.32,7.39,73.93,BE-10301,17:18:41
10302,2023-02-15,L001,151.32,13.76,137.56,BE-10302,12:31:58
10303,2023-02-15,L001,450.59,40.96,409.63,BE-10303,16:36:04
10304,2023-02-15,L001,483.24,43.93,439.31,BE-10304,10:16:39
10305,2023-02-15,L002,156.19,14.20,141.99,BE-10305,15:06:43
10306,2023-02-15,L002,194.12,17.65,176.47,BE-10306,11:39:47
10307,2023-02-15,L003,423.41,38.49,384.92,BE-10307,18:23:19
10308,2023-02-15,L003,542.93,49.36,493.57,BE-10308,18:12:03
10309,2023-02-15,L003,257.24,23.39,233.85,BE-10309,13:36:31
10310,2023-02-15,L003,38.17,3.47,34.70,BE-10310,19:28:13
10311,2023-02-15,L003,136.09,12.37,123.72,BE-10311,18:03:08
10312,2023-02-16,L001,404.27,36.75,367.52,BE-10312,10:51:09
10313,2023-02-16,L001,433.85,39.44,394.41,BE-10313,20:55:44
10314,2023-02-16,L001,277.13,25.19,251.94,BE-10314,10:24:09
10315,2023-02-16,L002,136.82,12.44,124.38,BE-10315,19:40:54
10316,2023-02-16,L002,517.10,47.01,470.09,BE-10316,15:10:16
10317,2023-02-16,L002,456.06,41.46,414.60,BE-10317,16:41:14
10318,2023-02-16,L002,254.86,23.17,231.69,BE-10318,11:43:58
10319,2023-02-16,L003,129.64,11.79,117.85,BE-10319,18:01:31
10320,2023-02-17,L001,347.02,31.55,315.47,BE-10320,10:25:10
10321,2023-02-17,L003,239.84,21.80,218.04,BE-10321,16:16:37
10322,2023-02-17,L003,537.03,48.82,488.21,BE-10322,19:12:47
10323,2023-02-17,L003,221.71,20.16,201.55,BE-10323,14:29:46
10324,2023-02-18,L001,213.36,19.40,193.96,BE-10324,17:54:12
10325,2023-02-18,L001,438.57,39.87,398.70,BE-10325,10:33:29
10326,2023-02-18,L002,316.43,28.77,287.66,BE-10326,11:12:02
10327,2023-02-18,L002,451.04,41.00,410.04,BE-10327,21:39:54
10328,2023-02-18,L003,80.30,7.30,73.00,BE-10328,19:21:05
10329,2023-02-18,L003,351.87,31.99,319.88,BE-10329,14:45:14
10330,2023-02-18,L003,272.32,24.76,247.56,BE-10330,19:44:29
10331,2023-02-18,L003,275.81,25.07,250.74,BE-10331,16:05:40
10332,2023-02-18,L003,294.05,26.73,267.32,BE-10332,18:12:47
10333,2023-02-19,L001,242.09,22.01,220.08,BE-10333,12:54:16
10334,2023-02-19,L001,388.21,35.29,352.92,BE-10334,12:55:29
10335,2023-02-19,L001,148.33,13.48,134.85,BE-10335,12:21:13
10336,2023-02-19,L002,316.66,28.79,287.87,BE-10336,17:20:19
10337,2023-02-19,L003,323.68,29.43,294.25,BE-10337,12:44:15
10338,2023-02-19,L003,432.21,39.29,392.92,BE-10338,10:43:16
10339,2023-02-20,L001,321.98,29.27,292.71,BE-10339,11:49:40
10340,2023-02-20,L001,64.10,5.83,58.27,BE-10340,10:19:07
10341,2023-02-20,L001,542.66,49.33,493.33,BE-10341,14:17:47
10342,2023-02-20,L003,350.27,31.84,318.43,BE-10342,17:19:24
10343,2023-02-20,L003,273.99,24.91,249.08,BE-10343,21:12:14
10344,2023-02-20,L003,411.88,37.44,374.44,BE-10344,12:23:33
10345,2023-02-20,L003,61.06,5.55,55.51,BE-10345,21:37:05
10346,2023-02-20,L003,394.99,35.91,359.08,BE-10346,14:58:49
10347,2023-02-21,L001,243.85,22.17,221.68,BE-10347,13:27:31
10348,2023-02-21,L001,309.09,28.10,280.99,BE-10348,17:27:55
10349,2023-02-21,L002,342.79,31.16,311.63,BE-10349,18:11:32
10350,2023-02-21,L002,78.64,7.15,71.49,BE-10350,20:32:27
10351,2023-02-21,L002,63.80,5.80,58.00,BE-10351,17:05:58
10352,2023-02-22,L003,411.71,37.43,374.28,BE-10352,17:28:37
10353,2023-02-22,L003,182.17,16.56,165.61,BE-10353,13:10:18
10354,2023-02-22,L003,512.27,46.57,465.70,BE-10354,14:17:48
10355,2023-02-22,L003,107.51,9.77,97.74,BE-10355,14:07:56
10356,2023-02-22,L003,212.82,19.35,193.47,BE-10356,12:40:26
10357,2023-02-23,L002,42.05,3.82,38.23,BE-10357,11:02:58
10358,2023-02-23,L002,433.51,39.41,394.10,BE-10358,16:16:29
10359,2023-02-23,L002,160.18,14.56,145.62,BE-10359,11:24:00
10360,2023-02-23,L002,503.53,45.78,457.75,BE-10360,20:20:33
10361,2023-02-23,L002,483.23,43.93,439.30,BE-10361,12:40:45
10362,2023-02-24,L003,340.41,30.95,309.46,BE-10362,12:32:10
10363,2023-02-24,L003,399.00,36.27,362.73,BE-10363,21:27:06
10364,2023-02-24,L003,150.85,13.71,137.14,BE-10364,15:45:21
10365,2023-02-25,L002,70.96,6.45,64.51,BE-10365,14:09:26
10366,2023-02-26,L001,279.20,25.38,253.82,BE-10366,17:08:47
10367,2023-02-26,L001,469.95,42.72,427.23,BE-10367,13:40:01
10368,2023-02-26,L001,290.32,26.39,263.93,BE-10368,13:27:33
10369,2023-02-26,L001,396.84,36.08,360.76,BE-10369,18:38:05
10370,2023-02-26,L002,388.43,35.31,353.12,BE-10370,21:18:04
10371,2023-02-26,L002,497.56,45.23,452.33,BE-10371,16:27:46
10372,2023-02-26,L002,137.50,12.50,125.00,BE-10372,10:55:27
10373,2023-02-26,L002,354.75,32.25,322.50,BE-10373,11:43:38
10374,2023-02-26,L003,514.78,46.80,467.98,BE-10374,21:41:10
10375,2023-02-26,L003,459.22,41.75,417.47,BE-10375,10:44:57
10376,2023-02-26,L003,175.23,15.93,159.30,BE-10376,13:49:12
10377,2023-02-26,L003,415.39,37.76,377.63,BE-10377,18:28:31
10378,2023-02-26,L003,92.17,8.38,83.79,BE-10378,18:00:51
10379,2023-02-27,L001,397.69,36.15,361.54,BE-10379,17:07:06
10380,2023-02-27,L001,171.45,15.59,155.86,BE-10380,15:40:22
10381,2023-02-27,L001,81.02,7.37,73.65,BE-10381,15:33:02
10382,2023-02-27,L002,289.38,26.31,263.07,BE-10382,20:07:28
10383,2023-02-27,L003,264.75,24.07,240.68,BE-10383,16:37:45
10384,2023-02-27,L003,405.45,36.86,368.59,BE-10384,10:42:07
10385,2023-02-27,L003,127.55,11.60,115.95,BE-10385,14:07:54
10386,2023-02-28,L001,346.65,31.51,315.14,BE-10386,11:25:40
10387,2023-02-28,L001,423.29,38.48,384.81,BE-10387,19:43:48
10388,2023-02-28,L001,289.44,26.31,263.13,BE-10388,12:02:23
10389,2023-02-28,L001,75.09,6.83,68.26,BE-10389,19:35:28
10390,2023-02-28,L001,401.47,36.50,364.97,BE-10390,15:34:43
10391,2023-02-28,L002,502.08,45.64,456.44,BE-10391,13:53:34
10392,2023-02-28,L002,22.20,2.02,20.18,BE-10392,21:15:09
10393,2023-02-28,L002,172.48,15.68,156.80,BE-10393,11:58:22
10394,2023-02-28,L003,298.77,27.16,271.61,BE-10394,19:48:07
10395,2023-02-28,L003,463.69,42.15,421.54,BE-10395,12:39:55
10396,2023-03-01,L002,423.24,38.48,384.76,BE-10396,12:58:04
10397,2023-03-01,L002,525.50,47.77,477.73,BE-10397,12:05:26
10398,2023-03-01,L002,232.46,21.13,211.33,BE-10398,21:12:30
10399,2023-03-01,L002,540.00,49.09,490.91,BE-10399,18:48:49
10400,2023-03-01,L003,420.73,38.25,382.48,BE-10400,12:29:24
10401,2023-03-02,L001,511.31,46.48,464.83,BE-10401,15:32:38
10402,2023-03-02,L001,524.29,47.66,476.63,BE-10402,21:11:32
10403,2023-03-02,L002,145.02,13.18,131.84,BE-10403,10:35:05
10404,2023-03-02,L002,24.77,2.25,22.52,BE-10404,10:09:28
10405,2023-03-03,L001,255.54,23.23,232.31,BE-10405,19:21:32
10406,2023-03-03,L001,108.44,9.86,98.58,BE-10406,16:31:08
10407,2023-03-03,L001,199.44,18.13,181.31,BE-10407,21:23:34
10408,2023-03-03,L001,243.09,22.10,220.99,BE-10408,12:45:34
10409,2023-03-03,L003,518.25,47.11,471.14,BE-10409,16:36:47
10410,2023-03-03,L003,488.92,44.45,444.47,BE-10410,20:47:55
10411,2023-03-03,L003,128.44,11.68,116.76,BE-10411,17:03:14
10412,2023-03-03,L003,59.02,5.37,53.65,BE-10412,16:05:11
10413,2023-03-03,L003,472.23,42.93,429.30,BE-10413,13:00:09
10414,2023-03-04,L002,411.50,37.41,374.09,BE-10414,13:21:44
10415,2023-03-04,L002,213.13,19.38,193.75,BE-10415,16:16:53
10416,2023-03-04,L003,59.65,5.42,54.23,BE-10416,10:05:05
10417,2023-03-04,L003,31.91,2.90,29.01,BE-10417,18:31:28
10418,2023-03-04,L003,334.80,30.44,304.36,BE-10418,13:35:51
10419,2023-03-04,L003,458.74,41.70,417.04,BE-10419,20:45:59
10420,2023-03-05,L001,35.76,3.25,32.51,BE-10420,17:41:52
10421,2023-03-05,L001,158.88,14.44,144.44,BE-10421,17:06:50
10422,2023-03-05,L001,151.10,13.74,137.36,BE-10422,19:09:40
10423,2023-03-05,L001,310.48,28.23,282.25,BE-10423,19:58:03
10424,2023-03-05,L002,187.18,17.02,170.16,BE-10424,12:11:37
10425,2023-03-05,L002,476.42,43.31,433.11,BE-10425,12:15:37
10426,2023-03-05,L003,515.81,46.89,468.92,BE-10426,16:04:05
10427,2023-03-05,L003,430.89,39.17,391.72,BE-10427,21:33:18
10428,2023-03-05,L003,26.60,2.42,24.18,BE-10428,12:03:06
10429,2023-03-05,L003,441.96,40.18,401.78,BE-10429,16:11:34
10430,2023-03-05,L003,134.22,12.20,122.02,BE-10430,10:15:55
10431,2023-03-06,L001,170.13,15.47,154.66,BE-10431,15:12:33
10432,2023-03-06,L001,218.76,19.89,198.87,BE-10432,19:46:04
10433,2023-03-06,L001,137.46,12.50,124.96,BE-10433,11:50:39
10434,2023-03-06,L001,236.53,21.50,215.03,BE-10434,15:47:48
10435,2023-03-06,L002,57.53,5.23,52.30,BE-10435,13:19:21
10436,2023-03-06,L002,384.34,34.94,349.40,BE-10436,15:32:09
10437,2023-03-06,L002,381.89,34.72,347.17,BE-10437,12:31:31
10438,2023-03-06,L002,214.05,19.46,194.59,BE-10438,11:36:29
10439,2023-03-06,L002,117.62,10.69,106.93,BE-10439,17:54:45
10440,2023-03-07,L001,200.34,18.21,182.13,BE-10440,16:55:37
10441,2023-03-07,L001,356.24,32.39,323.85,BE-10441,15:07:36
10442,2023-03-07,L001,259.45,23.59,235.86,BE-10442,17:18:19
10443,2023-03-07,L001,224.06,20.37,203.69,BE-10443,15:06:40
10444,2023-03-07,L002,322.59,29.33,293.26,BE-10444,10:08:39
10445,2023-03-07,L003,292.56,26.60,265.96,BE-10445,16:11:54
10446,2023-03-08,L001,37.17,3.38,33.79,BE-10446,11:21:09
10447,2023-03-08,L001,134.33,12.21,122.12,BE-10447,21:19:18
10448,2023-03-08,L001,92.43,8.40,84.03,BE-10448,20:53:06
10449,2023-03-08,L002,310.92,28.27,282.65,BE-10449,15:53:26
10450,2023-03-08,L002,22.83,2.08,20.75,BE-10450,13:13:18
10451,2023-03-08,L002,155.74,14.16,141.58,BE-10451,11:41:55
10452,2023-03-08,L002,411.09,37.37,373.72,BE-10452,16:42:05
10453,2023-03-08,L002,429.62,39.06,390.56,BE-10453,16:41:25
10454,2023-03-09,L001,332.28,30.21,302.07,BE-10454,19:32:11
10455,2023-03-09,L001,505.56,45.96,459.60,BE-10455,10:25:55
10456,2023-03-09,L001,187.80,17.07,170.73,BE-10456,13:01:43
10457,2023-03-09,L001,427.20,38.84,388.36,BE-10457,19:16:27
10458,2023-03-09,L001,240.38,21.85,218.53,BE-10458,18:22:26
10459,2023-03-09,L002,231.32,21.03,210.29,BE-10459,13:36:24
10460,2023-03-09,L002,32.56,2.96,29.60,BE-10460,10:32:20
10461,2023-03-09,L002,246.37,22.40,223.97,BE-10461,16:34:54
10462,2023-03-09,L002,139.17,12.65,126.52,BE-10462,19:00:43
10463,2023-03-09,L002,54.13,4.92,49.21,BE-10463,17:55:47
10464,2023-03-09,L003,415.18,37.74,377.44,BE-10464,12:41:12
10465,2023-03-09,L003,232.28,21.12,211.16,BE-10465,11:34:07
10466,2023-03-09,L003,149.60,13.60,136.00,BE-10466,14:21:20
10467,2023-03-10,L001,332.84,30.26,302.58,BE-10467,12:02:37
10468,2023-03-10,L001,535.78,48.71,487.07,BE-10468,14:11:18
10469,2023-03-10,L001,196.27,17.84,178.43,BE-10469,20:25:24
10470,2023-03-10,L001,121.39,11.04,110.35,BE-10470,15:33:30
10471,2023-03-10,L002,59.69,5.43,54.26,BE-10471,19:56:45
10472,2023-03-11,L001,186.57,16.96,169.61,BE-10472,17:55:21
10473,2023-03-11,L002,343.79,31.25,312.54,BE-10473,17:51:45
10474,2023-03-11,L002,397.81,36.16,361.65,BE-10474,20:42:50
10475,2023-03-11,L003,459.44,41.77,417.67,BE-10475,11:28:02
10476,2023-03-12,L001,359.62,32.69,326.93,BE-10476,17:06:13
10477,2023-03-12,L001,410.81,37.35,373.46,BE-10477,13:55:45
10478,2023-03-12,L001,498.62,45.33,453.29,BE-10478,10:01:08
10479,2023-03-12,L001,530.12,48.19,481.93,BE-10479,19:35:11
10480,2023-03-12,L001,286.52,26.05,260.47,BE-10480,12:34:14
10481,2023-03-12,L002,416.61,37.87,378.74,BE-10481,10:29:05
10482,2023-03-12,L002,111.94,10.18,101.76,BE-10482,10:01:30
10483,2023-03-12,L002,393.69,35.79,357.90,BE-10483,12:12:02
10484,2023-03-13,L001,433.27,39.39,393.88,BE-10484,10:01:12
10485,2023-03-13,L001,186.68,16.97,169.71,BE-10485,12:49:30
10486,2023-03-13,L001,234.81,21.35,213.46,BE-10486,17:09:15
10487,2023-03-13,L001,117.25,10.66,106.59,BE-10487,21:49:47
10488,2023-03-13,L001,164.46,14.95,149.51,BE-10488,12:14:21
10489,2023-03-13,L002,274.65,24.97,249.68,BE-10489,21:45:42
10490,2023-03-13,L002,387.92,35.27,352.65,BE-10490,20:43:49
10491,2023-03-13,L002,460.12,41.83,418.29,BE-10491,17:20:46
10492,2023-03-13,L003,217.39,19.76,197.63,BE-10492,17:40:16
10493,2023-03-13,L003,528.34,48.03,480.31,BE-10493,18:52:56
10494,2023-03-13,L003,510.47,46.41,464.06,BE-10494,11:50:06
10495,2023-03-13,L003,412.65,37.51,375.14,BE-10495,21:55:35
10496,2023-03-13,L003,166.76,15.16,151.60,BE-10496,12:56:45
10497,2023-03-14,L001,162.01,14.73,147.28,BE-10497,14:50:44
10498,2023-03-14,L001,419.25,38.11,381.14,BE-10498,10:18:35
10499,2023-03-14,L001,285.12,25.92,259.20,BE-10499,21:22:23
10500,2023-03-14,L002,418.34,38.03,380.31,BE-10500,16:51:51
10501,2023-03-14,L002,381.45,34.68,346.77,BE-10501,20:43:06
10502,2023-03-14,L003,50.81,4.62,46.19,BE-10502,11:40:41
10503,2023-03-14,L003,477.13,43.38,433.75,BE-10503,10:10:19
10504,2023-03-14,L003,101.04,9.19,91.85,BE-10504,13:45:40
10505,2023-03-14,L003,418.83,38.08,380.75,BE-10505,16:18:14
10506,2023-03-14,L003,216.28,19.66,196.62,BE-10506,19:12:23
10507,2023-03-15,L001,109.92,9.99,99.93,BE-10507,21:54:28
10508,2023-03-15,L001,309.68,28.15,281.53,BE-10508,15:40:54
10509,2023-03-15,L001,117.07,10.64,106.43,BE-10509,10:34:59
10510,2023-03-15,L001,539.84,49.08,490.76,BE-10510,17:34:06
10511,2023-03-15,L002,447.25,40.66,406.59,BE-10511,12:00:48
10512,2023-03-15,L002,184.38,16.76,167.62,BE-10512,10:21:17
10513,2023-03-15,L002,99.70,9.06,90.64,BE-10513,20:44:48
10514,2023-03-15,L002,184.07,16.73,167.34,BE-10514,15:02:19
10515,2023-03-15,L003,357.92,32.54,325.38,BE-10515,11:01:05
10516,2023-03-15,L003,96.22,8.75,87.47,BE-10516,18:18:59
10517,2023-03-15,L003,107.89,9.81,98.08,BE-10517,16:26:26
10518,2023-03-15,L003,59.75,5.43,54.32,BE-10518,20:27:07
10519,2023-03-16,L001,138.14,12.56,125.58,BE-10519,17:40:52
10520,2023-03-16,L001,478.92,43.54,435.38,BE-10520,15:02:00
10521,2023-03-16,L001,161.67,14.70,146.97,BE-10521,16:14:34
10522,2023-03-16,L001,172.13,15.65,156.48,BE-10522,20:55:42
10523,2023-03-16,L001,227.65,20.70,206.95,BE-10523,12:17:49
10524,2023-03-16,L002,86.68,7.88,78.80,BE-10524,11:36:56
10525,2023-03-16,L002,402.19,36.56,365.63,BE-10525,17:59:38
10526,2023-03-16,L003,199.51,18.14,181.37,BE-10526,12:59:37
10527,2023-03-17,L001,247.08,22.46,224.62,BE-10527,18:44:45
10528,2023-03-17,L001,49.48,4.50,44.98,BE-10528,18:41:33
10529,2023-03-17,L003,170.82,15.53,155.29,BE-10529,14:27:20
10530,2023-03-17,L003,388.85,35.35,353.50,BE-10530,14:26:22
10531,2023-03-17,L003,217.27,19.75,197.52,BE-10531,19:30:19
10532,2023-03-18,L001,401.90,36.54,365.36,BE-10532,12:43:13
10533,2023-03-18,L001,531.83,48.35,483.48,BE-10533,13:58:51
10534,2023-03-18,L001,212.85,19.35,193.50,BE-10534,19:09:25
10535,2023-03-18,L001,464.82,42.26,422.56,BE-10535,12:55:47
10536,2023-03-18,L002,522.14,47.47,474.67,BE-10536,14:41:08
10537,2023-03-18,L002,390.29,35.48,354.81,BE-10537,20:05:00
10538,2023-03-18,L002,246.92,22.45,224.47,BE-10538,20:22:55
10539,2023-03-18,L002,224.03,20.37,203.66,BE-10539,12:17:37
10540,2023-03-18,L002,158.16,14.38,143.78,BE-10540,15:01:26
10541,2023-03-18,L003,397.08,36.10,360.98,BE-10541,18:10:23
10542,2023-03-18,L003,481.81,43.80,438.01,BE-10542,19:12:44
10543,2023-03-18,L003,197.51,17.96,179.55,BE-10543,14:07:45
10544,2023-03-18,L003,450.92,40.99,409.93,BE-10544,16:41:27
10545,2023-03-18,L003,226.13,20.56,205.57,BE-10545,21:07:55
10546,2023-03-19,L001,408.96,37.18,371.78,BE-10546,11:22:21
10547,2023-03-19,L001,499.93,45.45,454.48,BE-10547,19:32:28
10548,2023-03-19,L002,202.38,18.40,183.98,BE-10548,17:38:44
10549,2023-03-19,L002,153.33,13.94,139.39,BE-10549,12:49:21
10550,2023-03-20,L001,430.57,39.14,391.43,BE-10550,18:21:04
10551,2023-03-20,L001,463.20,42.11,421.09,BE-10551,13:10:14
10552,2023-03-20,L001,430.12,39.10,391.02,BE-10552,21:45:19
10553,2023-03-20,L001,506.76,46.07,460.69,BE-10553,13:21:33
10554,2023-03-20,L002,348.23,31.66,316.57,BE-10554,15:42:53
10555,2023-03-20,L002,285.99,26.00,259.99,BE-10555,13:59:34
10556,2023-03-20,L002,285.04,25.91,259.13,BE-10556,14:06:13
10557,2023-03-20,L003,542.95,49.36,493.59,BE-10557,11:11:20
10558,2023-03-20,L003,47.72,4.34,43.38,BE-10558,18:29:06
10559,2023-03-20,L003,389.93,35.45,354.48,BE-10559,18:31:55
10560,2023-03-20,L003,357.32,32.48,324.84,BE-10560,19:07:29
10561,2023-03-20,L003,356.08,32.37,323.71,BE-10561,21:11:35
10562,2023-03-21,L001,340.42,30.95,309.47,BE-10562,16:48:46
10563,2023-03-21,L001,530.04,48.19,481.85,BE-10563,17:20:33
10564,2023-03-21,L001,531.19,48.29,482.90,BE-10564,16:15:58
10565,2023-03-21,L001,484.10,44.01,440.09,BE-10565,17:53:24
10566,2023-03-21,L002,533.82,48.53,485.29,BE-10566,15:17:57
10567,2023-03-21,L002,246.54,22.41,224.13,BE-10567,12:25:48
10568,2023-03-21,L002,457.04,41.55,415.49,BE-10568,18:36:05
10569,2023-03-21,L002,206.64,18.79,187.85,BE-10569,20:12:26
10570,2023-03-21,L002,185.86,16.90,168.96,BE-10570,17:19:56
10571,2023-03-21,L003,136.07,12.37,123.70,BE-10571,12:37:56
10572,2023-03-22,L002,237.25,21.57,215.68,BE-10572,16:09:23
10573,2023-03-22,L003,104.39,9.49,94.90,BE-10573,21:23:13
10574,2023-03-22,L003,497.45,45.22,452.23,BE-10574,14:56:30
10575,2023-03-23,L001,485.06,44.10,440.96,BE-10575,16:12:17
10576,2023-03-23,L002,306.71,27.88,278.83,BE-10576,17:14:31
10577,2023-03-23,L002,346.26,31.48,314.78,BE-10577,16:38:39
10578,2023-03-23,L003,515.16,46.83,468.33,BE-10578,13:04:17
10579,2023-03-23,L003,430.44,39.13,391.31,BE-10579,11:36:13
10580,2023-03-23,L003,247.70,22.52,225.18,BE-10580,15:46:48
10581,2023-03-23,L003,504.94,45.90,459.04,BE-10581,14:18:15
10582,2023-03-23,L003,398.05,36.19,361.86,BE-10582,17:35:26
10583,2023-03-24,L001,83.33,7.58,75.75,BE-10583,21:01:35
10584,2023-03-24,L001,210.28,19.12,191.16,BE-10584,21:07:27
10585,2023-03-25,L001,80.77,7.34,73.43,BE-10585,12:22:43
10586,2023-03-25,L002,335.01,30.46,304.55,BE-10586,19:55:08
10587,2023-03-25,L002,355.07,32.28,322.79,BE-10587,15:45:21
10588,2023-03-25,L002,441.84,40.17,401.67,BE-10588,13:09:39
10589,2023-03-25,L002,187.17,17.02,170.15,BE-10589,12:07:07
10590,2023-03-25,L002,328.68,29.88,298.80,BE-10590,10:28:14
10591,2023-03-25,L003,103.96,9.45,94.51,BE-10591,18:30:30
10592,2023-03-26,L001,192.58,17.51,175.07,BE-10592,10:45:49
10593,2023-03-26,L001,25.21,2.29,22.92,BE-10593,12:52:30
10594,2023-03-26,L002,158.33,14.39,143.94,BE-10594,14:12:36
10595,2023-03-26,L002,439.77,39.98,399.79,BE-10595,17:55:05
10596,2023-03-27,L001,281.85,25.62,256.23,BE-10596,15:09:36
10597,2023-03-27,L002,300.18,27.29,272.89,BE-10597,10:36:42
10598,2023-03-27,L002,427.14,38.83,388.31,BE-10598,11:09:39
10599,2023-03-27,L003,210.66,19.15,191.51,BE-10599,14:13:42
10600,2023-03-27,L003,306.22,27.84,278.38,BE-10600,18:34:24
10601,2023-03-27,L003,498.72,45.34,453.38,BE-10601,11:52:11
10602,2023-03-27,L003,156.05,14.19,141.86,BE-10602,20:15:24
10603,2023-03-28,L003,538.78,48.98,489.80,BE-10603,12:51:24
10604,2023-03-28,L003,479.77,43.62,436.15,BE-10604,19:45:48
10605,2023-03-28,L003,469.40,42.67,426.73,BE-10605,13:14:45
10606,2023-03-28,L003,513.87,46.72,467.15,BE-10606,11:36:43
10607,2023-03-28,L003,432.77,39.34,393.43,BE-10607,12:47:56
10608,2023-03-29,L001,137.71,12.52,125.19,BE-10608,14:50:04
10609,2023-03-29,L002,525.43,47.77,477.66,BE-10609,12:47:36
10610,2023-03-29,L002,404.35,36.76,367.59,BE-10610,17:57:27
10611,2023-03-29,L002,383.00,34.82,348.18,BE-10611,17:06:04
10612,2023-03-29,L002,487.36,44.31,443.05,BE-10612,14:13:44
10613,2023-03-29,L003,103.68,9.43,94.25,BE-10613,15:32:42
10614,2023-03-29,L003,525.49,47.77,477.72,BE-10614,14:51:56
10615,2023-03-29,L003,33.30,3.03,30.27,BE-10615,20:48:39
10616,2023-03-29,L003,488.92,44.45,444.47,BE-10616,19:53:30
10617,2023-03-30,L001,456.82,41.53,415.29,BE-10617,12:00:56
10618,2023-03-30,L002,491.30,44.66,446.64,BE-10618,21:38:52
10619,2023-03-30,L002,287.67,26.15,261.52,BE-10619,10:46:56
10620,2023-03-31,L001,457.49,41.59,415.90,BE-10620,21:28:01
10621,2023-03-31,L001,335.69,30.52,305.17,BE-10621,20:13:44
10622,2023-03-31,L001,314.26,28.57,285.69,BE-10622,13:36:37
10623,2023-03-31,L001,493.32,44.85,448.47,BE-10623,17:32:53
10624,2023-03-31,L002,316.67,28.79,287.88,BE-10624,17:29:21
10625,2023-03-31,L002,422.53,38.41,384.12,BE-10625,19:33:03
10626,2023-03-31,L002,207.01,18.82,188.19,BE-10626,20:12:44
10627,2023-03-31,L002,183.01,16.64,166.37,BE-10627,18:44:12
10628,2023-03-31,L002,531.96,48.36,483.60,BE-10628,21:29:50
10629,2023-03-31,L003,320.61,29.15,291.46,BE-10629,12:45:11
10630,2023-03-31,L003,424.03,38.55,385.48,BE-10630,15:32:56
10631,2023-04-01,L001,203.43,18.49,184.94,BE-10631,10:52:47
10632,2023-04-01,L001,490.24,44.57,445.67,BE-10632,15:51:43
10633,2023-04-01,L001,64.01,5.82,58.19,BE-10633,18:47:39
10634,2023-04-01,L001,372.47,33.86,338.61,BE-10634,12:32:00
10635,2023-04-01,L001,249.33,22.67,226.66,BE-10635,17:05:54
10636,2023-04-01,L002,31.52,2.87,28.65,BE-10636,14:32:58
10637,2023-04-01,L002,220.70,20.06,200.64,BE-10637,16:31:49
10638,2023-04-01,L002,80.88,7.35,73.53,BE-10638,10:38:27
10639,2023-04-01,L002,52.26,4.75,47.51,BE-10639,21:17:14
10640,2023-04-01,L002,139.74,12.70,127.04,BE-10640,21:26:15
10641,2023-04-01,L003,162.93,14.81,148.12,BE-10641,18:53:35
10642,2023-04-02,L001,312.11,28.37,283.74,BE-10642,16:36:18
10643,2023-04-02,L001,286.50,26.05,260.45,BE-10643,15:05:28
10644,2023-04-02,L001,119.58,10.87,108.71,BE-10644,21:38:12
10645,2023-04-02,L002,483.84,43.99,439.85,BE-10645,14:40:50
10646,2023-04-02,L002,478.28,43.48,434.80,BE-10646,11:50:19
10647,2023-04-02,L002,140.08,12.73,127.35,BE-10647,21:29:39
10648,2023-04-02,L002,31.68,2.88,28.80,BE-10648,17:27:00
10649,2023-04-02,L003,301.36,27.40,273.96,BE-10649,17:36:03
10650,2023-04-02,L003,70.71,6.43,64.28,BE-10650,20:50:19
10651,2023-04-02,L003,306.36,27.85,278.51,BE-10651,10:03:18
10652,2023-04-03,L001,478.83,43.53,435.30,BE-10652,18:19:40
10653,2023-04-03,L002,347.78,31.62,316.16,BE-10653,13:23:39
10654,2023-04-04,L001,247.45,22.50,224.95,BE-10654,11:25:02
10655,2023-04-04,L001,299.51,27.23,272.28,BE-10655,21:38:10
10656,2023-04-04,L001,152.02,13.82,138.20,BE-10656,20:22:18
10657,2023-04-04,L002,502.11,45.65,456.46,BE-10657,18:01:03
10658,2023-04-04,L002,245.66,22.33,223.33,BE-10658,15:34:22
10659,2023-04-04,L003,134.82,12.26,122.56,BE-10659,11:25:38
10660,2023-04-04,L003,305.01,27.73,277.28,BE-10660,20:27:16
10661,2023-04-05,L001,447.95,40.72,407.23,BE-10661,12:50:57
10662,2023-04-05,L001,461.16,41.92,419.24,BE-10662,20:55:22
10663,2023-04-05,L001,340.10,30.92,309.18,BE-10663,21:23:26
10664,2023-04-05,L001,252.12,22.92,229.20,BE-10664,16:32:34
10665,2023-04-05,L002,125.40,11.40,114.00,BE-10665,12:25:13
10666,2023-04-05,L002,202.38,18.40,183.98,BE-10666,18:54:35
10667,2023-04-05,L002,82.06,7.46,74.60,BE-10667,14:21:12
10668,2023-04-05,L002,534.49,48.59,485.90,BE-10668,20:05:52
10669,2023-04-05,L003,288.09,26.19,261.90,BE-10669,10:05:18
10670,2023-04-05,L003,297.36,27.03,270.33,BE-10670,17:00:14
10671,2023-04-05,L003,521.70,47.43,474.27,BE-10671,20:46:01
10672,2023-04-06,L001,228.94,20.81,208.13,BE-10672,19:26:09
10673,2023-04-06,L001,457.38,41.58,415.80,BE-10673,16:39:50
10674,2023-04-06,L002,33.40,3.04,30.36,BE-10674,14:38:00
10675,2023-04-06,L002,248.18,22.56,225.62,BE-10675,20:30:25
10676,2023-04-06,L002,234.93,21.36,213.57,BE-10676,19:48:52
10677,2023-04-06,L003,412.46,37.50,374.96,BE-10677,16:51:30
10678,2023-04-06,L003,320.78,29.16,291.62,BE-10678,14:49:08
10679,2023-04-06,L003,478.43,43.49,434.94,BE-10679,16:17:00
10680,2023-04-06,L003,484.17,44.02,440.15,BE-10680,21:15:11
10681,2023-04-07,L001,412.30,37.48,374.82,BE-10681,12:56:02
10682,2023-04-07,L001,480.99,43.73,437.26,BE-10682,18:21:49
10683,2023-04-07,L001,119.35,10.85,108.50,BE-10683,12:33:10
10684,2023-04-07,L001,309.30,28.12,281.18,BE-10684,14:55:19
10685,2023-04-07,L002,146.72,13.34,133.38,BE-10685,19:23:41
10686,2023-04-07,L002,69.86,6.35,63.51,BE-10686,17:37:48
10687,2023-04-07,L003,191.15,17.38,173.77,BE-10687,18:04:35
10688,2023-04-08,L001,324.97,29.54,295.43,BE-10688,16:52:49
10689,2023-04-08,L001,360.58,32.78,327.80,BE-10689,14:17:32
10690,2023-04-08,L001,472.25,42.93,429.32,BE-10690,13:22:31
10691,2023-04-08,L001,284.25,25.84,258.41,BE-10691,19:56:08
10692,2023-04-08,L001,186.53,16.96,169.57,BE-10692,11:03:10
10693,2023-04-08,L002,251.44,22.86,228.58,BE-10693,12:14:16
10694,2023-04-08,L002,162.78,14.80,147.98,BE-10694,12:17:43
10695,2023-04-08,L003,446.73,40.61,406.12,BE-10695,13:04:10
10696,2023-04-08,L003,534.36,48.58,485.78,BE-10696,13:56:20
10697,2023-04-08,L003,255.05,23.19,231.86,BE-10697,10:42:19
10698,2023-04-09,L002,345.20,31.38,313.82,BE-10698,12:00:52
10699,2023-04-09,L002,451.96,41.09,410.87,BE-10699,13:22:19
10700,2023-04-09,L003,509.41,46.31,463.10,BE-10700,12:20:39
10701,2023-04-09,L003,76.78,6.98,69.80,BE-10701,17:36:20
10702,2023-04-09,L003,270.20,24.56,245.64,BE-10702,20:11:03
10703,2023-04-09,L003,252.66,22.97,229.69,BE-10703,18:22:09
10704,2023-04-09,L003,136.75,12.43,124.32,BE-10704,12:41:16
10705,2023-04-10,L001,358.19,32.56,325.63,BE-10705,10:38:21
10706,2023-04-10,L002,487.75,44.34,443.41,BE-10706,21:56:16
10707,2023-04-10,L002,502.94,45.72,457.22,BE-10707,20:11:20
10708,2023-04-10,L002,236.12,21.47,214.65,BE-10708,15:35:19
10709,2023-04-11,L001,483.52,43.96,439.56,BE-10709,21:07:00
10710,2023-04-11,L001,309.30,28.12,281.18,BE-10710,18:57:38
10711,2023-04-11,L002,25.71,2.34,23.37,BE-10711,11:41:34
10712,2023-04-11,L002,49.03,4.46,44.57,BE-10712,19:32:25
10713,2023-04-11,L002,153.94,13.99,139.95,BE-10713,17:54:12
10714,2023-04-12,L001,56.66,5.15,51.51,BE-10714,19:04:10
10715,2023-04-12,L001,73.14,6.65,66.49,BE-10715,11:44:14
10716,2023-04-12,L001,332.95,30.27,302.68,BE-10716,12:28:00
10717,2023-04-12,L002,27.53,2.50,25.03,BE-10717,19:06:13
10718,2023-04-12,L003,184.86,16.81,168.05,BE-10718,15:13:56
10719,2023-04-12,L003,74.27,6.75,67.52,BE-10719,11:08:35
10720,2023-04-12,L003,110.14,10.01,100.13,BE-10720,21:09:46
10721,2023-04-12,L003,170.03,15.46,154.57,BE-10721,19:15:26
10722,2023-04-13,L002,437.69,39.79,397.90,BE-10722,11:29:07
10723,2023-04-13,L002,531.73,48.34,483.39,BE-10723,14:47:13
10724,2023-04-13,L003,481.31,43.76,437.55,BE-10724,14:17:15
10725,2023-04-13,L003,159.04,14.46,144.58,BE-10725,21:39:29
10726,2023-04-13,L003,536.03,48.73,487.30,BE-10726,16:19:05
10727,2023-04-13,L003,504.86,45.90,458.96,BE-10727,17:49:59
10728,2023-04-14,L001,44.34,4.03,40.31,BE-10728,11:09:39
10729,2023-04-14,L001,132.79,12.07,120.72,BE-10729,17:46:32
10730,2023-04-14,L001,345.71,31.43,314.28,BE-10730,11:02:58
10731,2023-04-14,L001,152.84,13.89,138.95,BE-10731,12:04:57
10732,2023-04-14,L002,58.16,5.29,52.87,BE-10732,21:40:30
10733,2023-04-14,L002,349.73,31.79,317.94,BE-10733,13:00:46
10734,2023-04-14,L002,103.63,9.42,94.21,BE-10734,18:27:07
10735,2023-04-14,L003,195.77,17.80,177.97,BE-10735,10:23:29
10736,2023-04-14,L003,515.08,46.83,468.25,BE-10736,15:38:23
10737,2023-04-14,L003,200.83,18.26,182.57,BE-10737,20:39:51
10738,2023-04-14,L003,257.38,23.40,233.98,BE-10738,12:41:15
10739,2023-04-15,L001,368.50,33.50,335.00,BE-10739,13:38:05
10740,2023-04-15,L001,378.87,34.44,344.43,BE-10740,10:47:15
10741,2023-04-15,L001,528.58,48.05,480.53,BE-10741,11:42:50
10742,2023-04-15,L002,24.93,2.27,22.66,BE-10742,15:40:25
10743,2023-04-15,L002,202.07,18.37,183.70,BE-10743,20:59:50
10744,2023-04-15,L003,419.31,38.12,381.19,BE-10744,12:15:44
10745,2023-04-15,L003,180.11,16.37,163.74,BE-10745,16:12:42
10746,2023-04-15,L003,145.53,13.23,132.30,BE-10746,12:11:52
10747,2023-04-16,L001,430.49,39.14,391.35,BE-10747,19:02:26
10748,2023-04-16,L001,284.58,25.87,258.71,BE-10748,15:23:47
10749,2023-04-16,L002,248.31,22.57,225.74,BE-10749,10:23:46
10750,2023-04-16,L002,86.32,7.85,78.47,BE-10750,19:28:47
10751,2023-04-16,L002,225.71,20.52,205.19,BE-10751,18:32:46
10752,2023-04-17,L001,274.65,24.97,249.68,BE-10752,16:44:22
10753,2023-04-17,L001,276.29,25.12,251.17,BE-10753,13:06:17
10754,2023-04-17,L001,55.33,5.03,50.30,BE-10754,20:51:23
10755,2023-04-17,L001,261.82,23.80,238.02,BE-10755,13:59:24
10756,2023-04-17,L002,252.82,22.98,229.84,BE-10756,19:05:51
10757,2023-04-17,L002,346.13,31.47,314.66,BE-10757,18:42:53
10758,2023-04-17,L002,442.29,40.21,402.08,BE-10758,21:24:18
10759,2023-04-17,L002,64.19,5.84,58.35,BE-10759,17:01:58
10760,2023-04-17,L003,546.56,49.69,496.87,BE-10760,13:51:18
10761,2023-04-17,L003,124.98,11.36,113.62,BE-10761,19:11:09
10762,2023-04-18,L001,325.54,29.59,295.95,BE-10762,21:28:14
10763,2023-04-18,L001,95.83,8.71,87.12,BE-10763,20:22:57
10764,2023-04-18,L003,134.20,12.20,122.00,BE-10764,13:14:41
10765,2023-04-19,L001,172.65,15.70,156.95,BE-10765,16:02:11
10766,2023-04-19,L002,171.60,15.60,156.00,BE-10766,12:05:21
10767,2023-04-19,L003,148.61,13.51,135.10,BE-10767,11:42:18
10768,2023-04-19,L003,39.48,3.59,35.89,BE-10768,16:03:54
10769,2023-04-20,L001,104.57,9.51,95.06,BE-10769,10:35:20
10770,2023-04-20,L002,259.70,23.61,236.09,BE-10770,16:32:55
10771,2023-04-20,L002,472.81,42.98,429.83,BE-10771,21:53:51
10772,2023-04-20,L002,204.05,18.55,185.50,BE-10772,13:45:15
10773,2023-04-20,L002,518.13,47.10,471.03,BE-10773,21:07:49
10774,2023-04-20,L003,463.58,42.14,421.44,BE-10774,11:55:13
10775,2023-04-21,L001,189.42,17.22,172.20,BE-10775,18:01:58
10776,2023-04-21,L001,142.63,12.97,129.66,BE-10776,15:53:24
10777,2023-04-21,L001,273.37,24.85,248.52,BE-10777,11:19:57
10778,2023-04-21,L002,134.42,12.22,122.20,BE-10778,11:23:02
10779,2023-04-21,L003,94.77,8.62,86.15,BE-10779,20:34:41
10780,2023-04-21,L003,216.14,19.65,196.49,BE-10780,10:19:50
10781,2023-04-21,L003,306.90,27.90,279.00,BE-10781,14:58:11
10782,2023-04-21,L003,383.09,34.83,348.26,BE-10782,10:02:50
10783,2023-04-21,L003,226.09,20.55,205.54,BE-10783,14:43:12
10784,2023-04-22,L001,433.66,39.42,394.24,BE-10784,17:56:20
10785,2023-04-22,L001,518.54,47.14,471.40,BE-10785,10:02:13
10786,2023-04-22,L001,470.81,42.80,428.01,BE-10786,20:51:11
10787,2023-04-22,L001,69.05,6.28,62.77,BE-10787,17:53:12
10788,2023-04-22,L002,44.87,4.08,40.79,BE-10788,17:41:04
10789,2023-04-22,L002,27.89,2.54,25.35,BE-10789,20:45:55
10790,2023-04-22,L002,120.70,10.97,109.73,BE-10790,18:59:46
10791,2023-04-22,L002,54.58,4.96,49.62,BE-10791,16:25:30
10792,2023-04-22,L003,340.82,30.98,309.84,BE-10792,15:40:52
10793,2023-04-23,L001,338.84,30.80,308.04,BE-10793,14:57:59
10794,2023-04-23,L001,174.17,15.83,158.34,BE-10794,17:27:32
10795,2023-04-23,L001,89.19,8.11,81.08,BE-10795,21:18:50
10796,2023-04-23,L002,146.14,13.29,132.85,BE-10796,14:06:08
10797,2023-04-23,L003,130.13,11.83,118.30,BE-10797,21:05:32
10798,2023-04-23,L003,26.59,2.42,24.17,BE-10798,15:26:05
10799,2023-04-23,L003,174.24,15.84,158.40,BE-10799,19:55:50
10800,2023-04-24,L001,474.31,43.12,431.19,BE-10800,17:21:51
10801,2023-04-24,L001,132.29,12.03,120.26,BE-10801,14:18:25
10802,2023-04-24,L002,315.86,28.71,287.15,BE-10802,18:21:21
10803,2023-04-24,L002,352.17,32.02,320.15,BE-10803,13:22:23
10804,2023-04-24,L002,227.69,20.70,206.99,BE-10804,15:41:54
10805,2023-04-24,L002,206.94,18.81,188.13,BE-10805,17:58:47
10806,2023-04-24,L002,292.36,26.58,265.78,BE-10806,20:57:52
10807,2023-04-25,L002,141.06,12.82,128.24,BE-10807,13:27:26
10808,2023-04-25,L002,481.15,43.74,437.41,BE-10808,21:31:05
10809,2023-04-25,L003,185.38,16.85,168.53,BE-10809,19:26:14
10810,2023-04-26,L002,74.84,6.80,68.04,BE-10810,11:46:34
10811,2023-04-26,L002,384.23,34.93,349.30,BE-10811,11:34:57
10812,2023-04-26,L002,299.29,27.21,272.08,BE-10812,20:52:03
10813,2023-04-26,L003,452.49,41.14,411.35,BE-10813,11:09:25
10814,2023-04-26,L003,392.66,35.70,356.96,BE-10814,20:27:08
10815,2023-04-27,L001,140.59,12.78,127.81,BE-10815,18:39:02
10816,2023-04-27,L001,414.22,37.66,376.56,BE-10816,16:33:55
10817,2023-04-27,L001,287.64,26.15,261.49,BE-10817,20:18:47
10818,2023-04-27,L001,49.74,4.52,45.22,BE-10818,20:33:16
10819,2023-04-27,L002,496.39,45.13,451.26,BE-10819,13:25:05
10820,2023-04-27,L002,493.11,44.83,448.28,BE-10820,16:42:19
10821,2023-04-27,L003,171.05,15.55,155.50,BE-10821,18:48:13
10822,2023-04-27,L003,76.57,6.96,69.61,BE-10822,20:30:41
10823,2023-04-27,L003,320.03,29.09,290.94,BE-10823,17:47:02
10824,2023-04-27,L003,194.45,17.68,176.77,BE-10824,11:12:16
10825,2023-04-28,L001,293.76,26.71,267.05,BE-10825,20:42:51
10826,2023-04-28,L001,517.91,47.08,470.83,BE-10826,19:23:26
10827,2023-04-28,L001,61.17,5.56,55.61,BE-10827,21:34:56
10828,2023-04-28,L001,138.45,12.59,125.86,BE-10828,10:02:24
10829,2023-04-28,L002,434.06,39.46,394.60,BE-10829,12:18:55
10830,2023-04-28,L003,371.75,33.80,337.95,BE-10830,10:17:17
10831,2023-04-28,L003,253.80,23.07,230.73,BE-10831,10:14:26
10832,2023-04-28,L003,511.78,46.53,465.25,BE-10832,17:15:33
10833,2023-04-28,L003,407.01,37.00,370.01,BE-10833,17:04:40
10834,2023-04-29,L001,533.89,48.54,485.35,BE-10834,15:02:33
10835,2023-04-29,L001,430.35,39.12,391.23,BE-10835,10:38:58
10836,2023-04-29,L001,458.88,41.72,417.16,BE-10836,19:23:14
10837,2023-04-29,L001,63.37,5.76,57.61,BE-10837,16:00:18
10838,2023-04-29,L001,543.25,49.39,493.86,BE-10838,16:13:53
10839,2023-04-29,L002,473.37,43.03,430.34,BE-10839,13:11:29
10840,2023-04-29,L002,486.75,44.25,442.50,BE-10840,12:32:11
10841,2023-04-29,L003,64.14,5.83,58.31,BE-10841,16:53:17
10842,2023-04-29,L003,65.59,5.96,59.63,BE-10842,19:28:14
10843,2023-04-29,L003,77.07,7.01,70.06,BE-10843,13:13:14
10844,2023-04-29,L003,366.42,33.31,333.11,BE-10844,16:54:33
10845,2023-04-29,L003,218.87,19.90,198.97,BE-10845,20:51:05
10846,2023-04-30,L001,458.70,41.70,417.00,BE-10846,14:36:52
10847,2023-04-30,L001,472.38,42.94,429.44,BE-10847,12:48:45
10848,2023-04-30,L002,219.22,19.93,199.29,BE-10848,18:46:16
10849,2023-04-30,L002,166.28,15.12,151.16,BE-10849,17:33:05
10850,2023-04-30,L002,460.54,41.87,418.67,BE-10850,17:40:11
10851,2023-04-30,L002,177.11,16.10,161.01,BE-10851,13:04:42
10852,2023-04-30,L002,103.29,9.39,93.90,BE-10852,15:17:34
10853,2023-05-01,L001,506.14,46.01,460.13,BE-10853,17:58:57
10854,2023-05-01,L001,30.47,2.77,27.70,BE-10854,11:04:58
10855,2023-05-01,L002,428.32,38.94,389.38,BE-10855,18:25:02
10856,2023-05-01,L003,174.11,15.83,158.28,BE-10856,21:07:35
10857,2023-05-01,L003,472.15,42.92,429.23,BE-10857,10:18:25
10858,2023-05-01,L003,120.24,10.93,109.31,BE-10858,12:01:28
10859,2023-05-01,L003,89.52,8.14,81.38,BE-10859,21:40:45
10860,2023-05-02,L001,347.85,31.62,316.23,BE-10860,13:41:51
10861,2023-05-02,L001,116.69,10.61,106.08,BE-10861,14:16:16
10862,2023-05-02,L001,500.06,45.46,454.60,BE-10862,16:10:55
10863,2023-05-02,L002,149.34,13.58,135.76,BE-10863,15:39:01
10864,2023-05-02,L002,147.80,13.44,134.36,BE-10864,20:59:59
10865,2023-05-02,L002,238.21,21.66,216.55,BE-10865,15:01:40
10866,2023-05-02,L003,157.00,14.27,142.73,BE-10866,12:47:59
10867,2023-05-02,L003,80.76,7.34,73.42,BE-10867,16:19:41
10868,2023-05-03,L001,426.45,38.77,387.68,BE-10868,10:54:58
10869,2023-05-03,L001,291.46,26.50,264.96,BE-10869,17:48:50
10870,2023-05-03,L001,349.82,31.80,318.02,BE-10870,21:25:43
10871,2023-05-03,L002,433.24,39.39,393.85,BE-10871,14:09:12
10872,2023-05-03,L002,30.29,2.75,27.54,BE-10872,13:36:18
10873,2023-05-03,L002,273.70,24.88,248.82,BE-10873,12:52:17
10874,2023-05-03,L002,186.05,16.91,169.14,BE-10874,19:21:06
10875,2023-05-03,L003,346.83,31.53,315.30,BE-10875,10:25:33
10876,2023-05-04,L001,415.36,37.76,377.60,BE-10876,18:55:35
10877,2023-05-04,L001,148.20,13.47,134.73,BE-10877,13:55:17
10878,2023-05-04,L003,464.20,42.20,422.00,BE-10878,20:01:49
10879,2023-05-05,L002,52.76,4.80,47.96,BE-10879,21:59:00
10880,2023-05-05,L002,219.55,19.96,199.59,BE-10880,19:35:41
10881,2023-05-05,L003,332.21,30.20,302.01,BE-10881,11:50:13
10882,2023-05-05,L003,517.23,47.02,470.21,BE-10882,10:46:07
10883,2023-05-05,L003,40.15,3.65,36.50,BE-10883,11:16:35
10884,2023-05-06,L001,350.68,31.88,318.80,BE-10884,17:18:59
10885,2023-05-06,L001,133.58,12.14,121.44,BE-10885,15:47:42
10886,2023-05-06,L001,264.53,24.05,240.48,BE-10886,17:48:46
10887,2023-05-06,L002,429.96,39.09,390.87,BE-10887,11:15:40
10888,2023-05-06,L002,495.85,45.08,450.77,BE-10888,18:15:12
10889,2023-05-06,L002,364.86,33.17,331.69,BE-10889,15:28:48
10890,2023-05-06,L003,232.76,21.16,211.60,BE-10890,12:38:45
10891,2023-05-07,L001,108.87,9.90,98.97,BE-10891,21:54:27
10892,2023-05-07,L001,388.73,35.34,353.39,BE-10892,16:12:03
10893,2023-05-07,L002,144.37,13.12,131.25,BE-10893,20:29:02
10894,2023-05-07,L003,442.06,40.19,401.87,BE-10894,11:13:11
10895,2023-05-07,L003,421.77,38.34,383.43,BE-10895,21:07:30
10896,2023-05-08,L001,82.04,7.46,74.58,BE-10896,11:46:39
10897,2023-05-08,L002,151.33,13.76,137.57,BE-10897,10:42:15
10898,2023-05-08,L002,405.12,36.83,368.29,BE-10898,17:03:14
10899,2023-05-08,L002,65.54,5.96,59.58,BE-10899,10:12:45
10900,2023-05-08,L003,482.59,43.87,438.72,BE-10900,10:54:45
10901,2023-05-09,L001,501.07,45.55,455.52,BE-10901,18:16:59
10902,2023-05-09,L001,28.77,2.62,26.15,BE-10902,15:02:50
10903,2023-05-09,L001,282.22,25.66,256.56,BE-10903,17:14:32
10904,2023-05-09,L002,361.58,32.87,328.71,BE-10904,20:18:18
10905,2023-05-09,L002,548.04,49.82,498.22,BE-10905,16:35:40
10906,2023-05-09,L002,480.61,43.69,436.92,BE-10906,21:47:54
10907,2023-05-09,L003,222.39,20.22,202.17,BE-10907,11:15:48
10908,2023-05-09,L003,78.74,7.16,71.58,BE-10908,20:44:18
10909,2023-05-10,L001,399.33,36.30,363.03,BE-10909,10:00:56
10910,2023-05-10,L001,130.94,11.90,119.04,BE-10910,19:26:43
10911,2023-05-10,L001,275.12,25.01,250.11,BE-10911,13:31:24
10912,2023-05-10,L001,123.26,11.21,112.05,BE-10912,15:24:56
10913,2023-05-10,L003,163.73,14.88,148.85,BE-10913,11:00:01
10914,2023-05-10,L003,412.85,37.53,375.32,BE-10914,14:13:03
10915,2023-05-10,L003,332.63,30.24,302.39,BE-10915,11:03:36
10916,2023-05-10,L003,291.51,26.50,265.01,BE-10916,17:26:21
10917,2023-05-10,L003,517.61,47.06,470.55,BE-10917,10:46:58
10918,2023-05-11,L001,238.12,21.65,216.47,BE-10918,11:38:01
10919,2023-05-11,L001,110.95,10.09,100.86,BE-10919,20:13:02
10920,2023-05-11,L001,247.51,22.50,225.01,BE-10920,16:31:17
10921,2023-05-11,L001,356.13,32.38,323.75,BE-10921,16:16:13
10922,2023-05-11,L002,351.91,31.99,319.92,BE-10922,12:25:54
10923,2023-05-11,L002,454.76,41.34,413.42,BE-10923,14:17:58
10924,2023-05-11,L002,115.19,10.47,104.72,BE-10924,17:17:53
10925,2023-05-11,L002,288.68,26.24,262.44,BE-10925,15:37:54
10926,2023-05-11,L003,391.31,35.57,355.74,BE-10926,20:09:14
10927,2023-05-11,L003,498.23,45.29,452.94,BE-10927,11:49:19
10928,2023-05-12,L001,315.89,28.72,287.17,BE-10928,21:16:40
10929,2023-05-12,L001,131.79,11.98,119.81,BE-10929,17:03:53
10930,2023-05-12,L001,183.62,16.69,166.93,BE-10930,11:16:27
10931,2023-05-12,L001,333.71,30.34,303.37,BE-10931,13:47:35
10932,2023-05-12,L001,406.43,36.95,369.48,BE-10932,16:37:56
10933,2023-05-12,L002,434.67,39.52,395.15,BE-10933,17:47:33
10934,2023-05-12,L002,387.63,35.24,352.39,BE-10934,10:36:49
10935,2023-05-12,L003,301.14,27.38,273.76,BE-10935,21:47:57
10936,2023-05-12,L003,539.70,49.06,490.64,BE-10936,11:27:45
10937,2023-05-12,L003,261.03,23.73,237.30,BE-10937,11:43:10
10938,2023-05-12,L003,108.06,9.82,98.24,BE-10938,11:13:13
10939,2023-05-12,L003,403.86,36.71,367.15,BE-10939,12:44:41
10940,2023-05-13,L001,43.84,3.99,39.85,BE-10940,12:27:33
10941,2023-05-13,L001,188.97,17.18,171.79,BE-10941,16:01:20
10942,2023-05-13,L001,204.02,18.55,185.47,BE-10942,11:33:42
10943,2023-05-13,L001,41.98,3.82,38.16,BE-10943,10:19:52
10944,2023-05-13,L001,255.88,23.26,232.62,BE-10944,12:04:01
10945,2023-05-14,L001,539.44,49.04,490.40,BE-10945,19:34:58
10946,2023-05-14,L001,122.44,11.13,111.31,BE-10946,14:21:46
10947,2023-05-14,L001,146.49,13.32,133.17,BE-10947,21:03:09
10948,2023-05-14,L001,280.13,25.47,254.66,BE-10948,11:14:56
10949,2023-05-14,L002,474.36,43.12,431.24,BE-10949,15:33:21
10950,2023-05-14,L002,220.35,20.03,200.32,BE-10950,11:34:49
10951,2023-05-14,L002,120.86,10.99,109.87,BE-10951,11:54:06
10952,2023-05-14,L002,430.95,39.18,391.77,BE-10952,12:43:58
10953,2023-05-14,L003,71.39,6.49,64.90,BE-10953,10:15:24
10954,2023-05-14,L003,537.26,48.84,488.42,BE-10954,20:33:09
10955,2023-05-15,L001,545.75,49.61,496.14,BE-10955,13:37:04
10956,2023-05-15,L002,390.98,35.54,355.44,BE-10956,21:37:55
10957,2023-05-15,L002,394.11,35.83,358.28,BE-10957,11:25:30
10958,2023-05-15,L002,29.58,2.69,26.89,BE-10958,14:56:48
10959,2023-05-15,L003,351.66,31.97,319.69,BE-10959,12:51:30
10960,2023-05-15,L003,322.50,29.32,293.18,BE-10960,12:12:31
10961,2023-05-15,L003,175.00,15.91,159.09,BE-10961,18:11:06
10962,2023-05-15,L003,461.95,42.00,419.95,BE-10962,18:03:05
10963,2023-05-16,L001,419.97,38.18,381.79,BE-10963,19:39:56
10964,2023-05-16,L001,133.60,12.15,121.45,BE-10964,12:24:14
10965,2023-05-16,L002,30.33,2.76,27.57,BE-10965,11:53:00
10966,2023-05-16,L002,59.72,5.43,54.29,BE-10966,15:01:42
10967,2023-05-16,L002,248.91,22.63,226.28,BE-10967,15:01:01
10968,2023-05-16,L002,433.05,39.37,393.68,BE-10968,18:38:53
10969,2023-05-16,L002,543.83,49.44,494.39,BE-10969,15:59:54
10970,2023-05-16,L003,245.44,22.31,223.13,BE-10970,17:43:10
10971,2023-05-16,L003,283.70,25.79,257.91,BE-10971,15:22:59
10972,2023-05-17,L001,408.32,37.12,371.20,BE-10972,11:43:20
10973,2023-05-17,L002,439.38,39.94,399.44,BE-10973,21:02:18
10974,2023-05-17,L003,532.31,48.39,483.92,BE-10974,12:14:45
10975,2023-05-17,L003,342.54,31.14,311.40,BE-10975,17:35:19
10976,2023-05-17,L003,522.01,47.46,474.55,BE-10976,20:54:40
10977,2023-05-17,L003,119.69,10.88,108.81,BE-10977,16:11:42
10978,2023-05-17,L003,236.63,21.51,215.12,BE-10978,10:19:48
10979,2023-05-18,L001,418.44,38.04,380.40,BE-10979,19:32:44
10980,2023-05-18,L001,262.38,23.85,238.53,BE-10980,20:44:59
10981,2023-05-18,L001,369.52,33.59,335.93,BE-10981,20:11:41
10982,2023-05-18,L002,255.34,23.21,232.13,BE-10982,14:41:17
10983,2023-05-18,L002,533.63,48.51,485.12,BE-10983,16:13:00
10984,2023-05-18,L002,160.64,14.60,146.04,BE-10984,12:57:10
10985,2023-05-18,L002,209.55,19.05,190.50,BE-10985,15:00:43
10986,2023-05-18,L003,195.92,17.81,178.11,BE-10986,10:35:45
10987,2023-05-19,L001,341.54,31.05,310.49,BE-10987,16:37:07
10988,2023-05-19,L001,390.11,35.46,354.65,BE-10988,13:48:51
10989,2023-05-19,L001,208.40,18.95,189.45,BE-10989,11:43:33
10990,2023-05-19,L003,476.62,43.33,433.29,BE-10990,14:52:37
10991,2023-05-19,L003,198.81,18.07,180.74,BE-10991,11:48:44
10992,2023-05-19,L003,280.51,25.50,255.01,BE-10992,11:47:20
10993,2023-05-19,L003,92.94,8.45,84.49,BE-10993,16:15:51
10994,2023-05-20,L001,541.93,49.27,492.66,BE-10994,15:27:20
10995,2023-05-20,L001,79.40,7.22,72.18,BE-10995,17:05:37
10996,2023-05-20,L001,335.59,30.51,305.08,BE-10996,21:22:04
10997,2023-05-20,L001,441.25,40.11,401.14,BE-10997,19:34:26
10998,2023-05-20,L002,218.37,19.85,198.52,BE-10998,18:07:20
10999,2023-05-20,L002,424.69,38.61,386.08,BE-10999,16:00:14
11000,2023-05-20,L002,462.73,42.07,420.66,BE-11000,19:42:17
11001,2023-05-20,L002,361.81,32.89,328.92,BE-11001,18:44:36
11002,2023-05-20,L002,127.93,11.63,116.30,BE-11002,20:39:37
11003,2023-05-20,L003,303.06,27.55,275.51,BE-11003,17:46:57
11004,2023-05-20,L003,151.59,13.78,137.81,BE-11004,20:11:50
11005,2023-05-20,L003,263.77,23.98,239.79,BE-11005,11:42:13
11006,2023-05-20,L003,125.68,11.43,114.25,BE-11006,21:44:05
11007,2023-05-21,L001,36.58,3.33,33.25,BE-11007,16:12:32
11008,2023-05-21,L002,319.48,29.04,290.44,BE-11008,12:30:24
11009,2023-05-21,L002,198.59,18.05,180.54,BE-11009,20:01:58
11010,2023-05-21,L002,32.34,2.94,29.40,BE-11010,19:51:52
11011,2023-05-21,L002,168.64,15.33,153.31,BE-11011,13:11:09
11012,2023-05-21,L003,445.72,40.52,405.20,BE-11012,11:13:57
11013,2023-05-21,L003,74.25,6.75,67.50,BE-11013,15:45:02
11014,2023-05-21,L003,94.35,8.58,85.77,BE-11014,21:08:44
11015,2023-05-21,L003,88.01,8.00,80.01,BE-11015,13:25:46
11016,2023-05-22,L001,174.64,15.88,158.76,BE-11016,15:30:00
11017,2023-05-22,L001,403.28,36.66,366.62,BE-11017,12:39:24
11018,2023-05-22,L001,295.44,26.86,268.58,BE-11018,17:23:17
11019,2023-05-22,L001,300.29,27.30,272.99,BE-11019,20:43:22
11020,2023-05-22,L002,394.04,35.82,358.22,BE-11020,11:20:35
11021,2023-05-22,L002,168.01,15.27,152.74,BE-11021,14:16:51
11022,2023-05-22,L002,206.76,18.80,187.96,BE-11022,19:55:58
11023,2023-05-22,L002,48.75,4.43,44.32,BE-11023,17:57:54
11024,2023-05-22,L002,357.93,32.54,325.39,BE-11024,10:22:27
11025,2023-05-22,L003,462.80,42.07,420.73,BE-11025,16:00:43
11026,2023-05-22,L003,146.83,13.35,133.48,BE-11026,19:58:32
11027,2023-05-22,L003,295.79,26.89,268.90,BE-11027,16:29:25
11028,2023-05-22,L003,145.12,13.19,131.93,BE-11028,10:34:59
11029,2023-05-23,L002,382.77,34.80,347.97,BE-11029,21:07:23
11030,2023-05-23,L002,173.83,15.80,158.03,BE-11030,19:55:28
11031,2023-05-23,L002,310.81,28.26,282.55,BE-11031,21:58:35
11032,2023-05-23,L002,117.46,10.68,106.78,BE-11032,16:58:53
11033,2023-05-23,L002,36.38,3.31,33.07,BE-11033,19:48:16
11034,2023-05-23,L003,239.37,21.76,217.61,BE-11034,13:16:55
11035,2023-05-23,L003,177.22,16.11,161.11,BE-11035,15:33:53
11036,2023-05-23,L003,447.93,40.72,407.21,BE-11036,10:24:47
11037,2023-05-24,L001,390.44,35.49,354.95,BE-11037,21:51:28
11038,2023-05-24,L001,78.32,7.12,71.20,BE-11038,11:25:24
11039,2023-05-24,L003,203.28,18.48,184.80,BE-11039,15:15:11
11040,2023-05-24,L003,338.68,30.79,307.89,BE-11040,17:39:57
11041,2023-05-24,L003,508.18,46.20,461.98,BE-11041,14:53:06
11042,2023-05-24,L003,142.13,12.92,129.21,BE-11042,20:58:32
11043,2023-05-24,L003,536.84,48.80,488.04,BE-11043,20:11:45
11044,2023-05-25,L001,208.24,18.93,189.31,BE-11044,14:44:58
11045,2023-05-25,L002,229.88,20.90,208.98,BE-11045,15:25:25
11046,2023-05-25,L002,474.37,43.12,431.25,BE-11046,14:55:20
11047,2023-05-25,L002,348.92,31.72,317.20,BE-11047,19:42:52
11048,2023-05-25,L003,162.64,14.79,147.85,BE-11048,20:42:16
11049,2023-05-25,L003,58.88,5.35,53.53,BE-11049,10:30:49
11050,2023-05-25,L003,219.70,19.97,199.73,BE-11050,13:25:12
11051,2023-05-26,L001,131.45,11.95,119.50,BE-11051,13:10:07
11052,2023-05-26,L002,59.04,5.37,53.67,BE-11052,18:59:45
11053,2023-05-26,L002,209.51,19.05,190.46,BE-11053,14:21:39
11054,2023-05-26,L003,298.93,27.18,271.75,BE-11054,21:45:02
11055,2023-05-26,L003,509.00,46.27,462.73,BE-11055,13:03:58
11056,2023-05-26,L003,108.01,9.82,98.19,BE-11056,10:13:49
11057,2023-05-26,L003,167.60,15.24,152.36,BE-11057,12:53:07
11058,2023-05-27,L001,206.15,18.74,187.41,BE-11058,16:56:47
11059,2023-05-27,L001,543.48,49.41,494.07,BE-11059,20:20:14
11060,2023-05-27,L001,353.60,32.15,321.45,BE-11060,18:58:34
11061,2023-05-27,L001,294.27,26.75,267.52,BE-11061,14:13:11
11062,2023-05-27,L002,511.27,46.48,464.79,BE-11062,20:16:35
11063,2023-05-27,L002,461.22,41.93,419.29,BE-11063,11:03:19
11064,2023-05-27,L002,62.27,5.66,56.61,BE-11064,11:11:02
11065,2023-05-27,L003,320.76,29.16,291.60,BE-11065,20:06:29
11066,2023-05-27,L003,208.08,18.92,189.16,BE-11066,11:38:14
11067,2023-05-28,L001,190.99,17.36,173.63,BE-11067,16:33:24
11068,2023-05-28,L001,367.96,33.45,334.51,BE-11068,18:58:21
11069,2023-05-28,L001,444.18,40.38,403.80,BE-11069,11:27:10
11070,2023-05-28,L002,53.04,4.82,48.22,BE-11070,11:18:27
11071,2023-05-28,L002,422.42,38.40,384.02,BE-11071,11:06:07
11072,2023-05-28,L003,508.60,46.24,462.36,BE-11072,11:19:47
11073,2023-05-29,L001,201.93,18.36,183.57,BE-11073,14:49:35
11074,2023-05-29,L001,124.96,11.36,113.60,BE-11074,15:22:48
11075,2023-05-29,L002,445.34,40.49,404.85,BE-11075,11:17:43
11076,2023-05-29,L002,99.57,9.05,90.52,BE-11076,15:28:00
11077,2023-05-29,L002,255.97,23.27,232.70,BE-11077,16:21:26
11078,2023-05-29,L002,202.71,18.43,184.28,BE-11078,12:38:48
11079,2023-05-29,L002,369.02,33.55,335.47,BE-11079,11:00:06
11080,2023-05-29,L003,202.83,18.44,184.39,BE-11080,13:36:04
11081,2023-05-29,L003,282.55,25.69,256.86,BE-11081,15:16:54
11082,2023-05-29,L003,512.83,46.62,466.21,BE-11082,10:11:00
11083,2023-05-29,L003,253.54,23.05,230.49,BE-11083,17:43:54
11084,2023-05-29,L003,30.60,2.78,27.82,BE-11084,15:27:56
11085,2023-05-30,L001,170.70,15.52,155.18,BE-11085,11:15:18
11086,2023-05-30,L001,429.62,39.06,390.56,BE-11086,10:40:48
11087,2023-05-30,L001,169.31,15.39,153.92,BE-11087,13:50:49
11088,2023-05-30,L001,378.97,34.45,344.52,BE-11088,21:11:55
11089,2023-05-30,L001,85.29,7.75,77.54,BE-11089,15:48:55
11090,2023-05-30,L002,389.95,35.45,354.50,BE-11090,13:54:13
11091,2023-05-30,L002,78.45,7.13,71.32,BE-11091,21:30:22
11092,2023-05-30,L002,174.87,15.90,158.97,BE-11092,17:51:21
11093,2023-05-30,L002,519.33,47.21,472.12,BE-11093,11:43:10
11094,2023-05-30,L002,220.50,20.05,200.45,BE-11094,11:23:42
11095,2023-05-30,L003,269.76,24.52,245.24,BE-11095,18:32:39
11096,2023-05-30,L003,215.96,19.63,196.33,BE-11096,19:16:16
11097,2023-05-31,L001,390.74,35.52,355.22,BE-11097,11:44:42
11098,2023-05-31,L002,362.75,32.98,329.77,BE-11098,15:08:33
11099,2023-06-01,L001,59.66,5.42,54.24,BE-11099,13:14:44
11100,2023-06-01,L001,306.58,27.87,278.71,BE-11100,21:38:29
11101,2023-06-01,L001,208.10,18.92,189.18,BE-11101,14:32:12
11102,2023-06-01,L001,515.64,46.88,468.76,BE-11102,21:50:58
11103,2023-06-01,L001,256.32,23.30,233.02,BE-11103,14:51:35
11104,2023-06-01,L002,529.54,48.14,481.40,BE-11104,13:11:34
11105,2023-06-01,L003,320.09,29.10,290.99,BE-11105,19:19:20
11106,2023-06-01,L003,339.86,30.90,308.96,BE-11106,20:35:50
11107,2023-06-01,L003,212.87,19.35,193.52,BE-11107,17:42:20
11108,2023-06-01,L003,246.99,22.45,224.54,BE-11108,11:18:02
11109,2023-06-02,L001,213.70,19.43,194.27,BE-11109,11:29:14
11110,2023-06-02,L001,480.26,43.66,436.60,BE-11110,20:08:56
11111,2023-06-02,L001,502.10,45.65,456.45,BE-11111,13:41:39
11112,2023-06-02,L001,83.51,7.59,75.92,BE-11112,19:41:07
11113,2023-06-02,L002,459.66,41.79,417.87,BE-11113,18:56:36
11114,2023-06-02,L003,484.26,44.02,440.24,BE-11114,13:52:40
11115,2023-06-02,L003,441.00,40.09,400.91,BE-11115,10:46:39
11116,2023-06-03,L001,94.04,8.55,85.49,BE-11116,18:36:06
11117,2023-06-03,L001,174.57,15.87,158.70,BE-11117,12:56:06
11118,2023-06-03,L001,56.82,5.17,51.65,BE-11118,21:31:43
11119,2023-06-03,L003,178.85,16.26,162.59,BE-11119,19:05:14
11120,2023-06-03,L003,410.60,37.33,373.27,BE-11120,20:32:48
11121,2023-06-03,L003,538.99,49.00,489.99,BE-11121,18:34:29
11122,2023-06-04,L001,298.90,27.17,271.73,BE-11122,10:28:15
11123,2023-06-04,L001,103.32,9.39,93.93,BE-11123,21:51:29
11124,2023-06-04,L001,392.86,35.71,357.15,BE-11124,12:40:17
11125,2023-06-04,L001,169.93,15.45,154.48,BE-11125,16:59:58
11126,2023-06-04,L002,189.83,17.26,172.57,BE-11126,11:58:33
11127,2023-06-04,L002,509.74,46.34,463.40,BE-11127,19:41:34
11128,2023-06-04,L002,500.25,45.48,454.77,BE-11128,12:26:16
11129,2023-06-04,L003,475.57,43.23,432.34,BE-11129,19:43:14
11130,2023-06-04,L003,99.93,9.08,90.85,BE-11130,10:46:53
11131,2023-06-04,L003,402.03,36.55,365.48,BE-11131,11:22:40
11132,2023-06-04,L003,39.35,3.58,35.77,BE-11132,21:45:24
11133,2023-06-04,L003,271.74,24.70,247.04,BE-11133,19:41:47
11134,2023-06-05,L001,163.17,14.83,148.34,BE-11134,10:13:29
11135,2023-06-05,L001,349.37,31.76,317.61,BE-11135,12:11:30
11136,2023-06-05,L001,331.16,30.11,301.05,BE-11136,18:32:16
11137,2023-06-05,L001,243.98,22.18,221.80,BE-11137,17:39:46
11138,2023-06-05,L001,276.32,25.12,251.20,BE-11138,20:45:03
11139,2023-06-05,L002,230.32,20.94,209.38,BE-11139,13:42:18
11140,2023-06-05,L002,80.67,7.33,73.34,BE-11140,11:34:57
11141,2023-06-05,L002,452.27,41.12,411.15,BE-11141,14:05:26
11142,2023-06-05,L002,548.24,49.84,498.40,BE-11142,16:34:24
11143,2023-06-05,L003,103.94,9.45,94.49,BE-11143,16:42:09
11144,2023-06-05,L003,429.15,39.01,390.14,BE-11144,12:24:46
11145,2023-06-06,L001,360.79,32.80,327.99,BE-11145,19:41:08
11146,2023-06-06,L001,532.66,48.42,484.24,BE-11146,15:46:07
11147,2023-06-06,L001,46.91,4.26,42.65,BE-11147,21:33:27
11148,2023-06-06,L001,478.10,43.46,434.64,BE-11148,16:59:14
11149,2023-06-06,L001,532.32,48.39,483.93,BE-11149,21:53:11
11150,2023-06-06,L002,178.35,16.21,162.14,BE-11150,13:10:35
11151,2023-06-06,L002,466.64,42.42,424.22,BE-11151,20:47:55
11152,2023-06-06,L002,286.47,26.04,260.43,BE-11152,12:52:22
11153,2023-06-06,L002,491.29,44.66,446.63,BE-11153,12:56:36
11154,2023-06-06,L003,541.24,49.20,492.04,BE-11154,13:00:32
11155,2023-06-06,L003,342.28,31.12,311.16,BE-11155,12:58:12
11156,2023-06-06,L003,182.03,16.55,165.48,BE-11156,18:29:45
11157,2023-06-06,L003,510.38,46.40,463.98,BE-11157,12:38:38
11158,2023-06-06,L003,228.72,20.79,207.93,BE-11158,19:34:33
11159,2023-06-07,L001,164.21,14.93,149.28,BE-11159,11:17:44
11160,2023-06-07,L002,514.68,46.79,467.89,BE-11160,18:30:55
11161,2023-06-07,L002,158.36,14.40,143.96,BE-11161,19:30:10
11162,2023-06-07,L002,473.80,43.07,430.73,BE-11162,16:23:55
11163,2023-06-07,L003,233.33,21.21,212.12,BE-11163,12:14:04
11164,2023-06-07,L003,162.14,14.74,147.40,BE-11164,12:49:30
11165,2023-06-07,L003,171.11,15.56,155.55,BE-11165,18:46:28
11166,2023-06-07,L003,454.08,41.28,412.80,BE-11166,17:29:59
11167,2023-06-08,L001,409.83,37.26,372.57,BE-11167,19:11:14
11168,2023-06-08,L001,342.02,31.09,310.93,BE-11168,13:30:18
11169,2023-06-08,L001,219.35,19.94,199.41,BE-11169,20:38:12
11170,2023-06-08,L001,151.81,13.80,138.01,BE-11170,10:40:06
11171,2023-06-08,L001,339.78,30.89,308.89,BE-11171,18:40:46
11172,2023-06-08,L002,531.56,48.32,483.24,BE-11172,18:50:36
11173,2023-06-08,L002,383.16,34.83,348.33,BE-11173,18:52:03
11174,2023-06-09,L001,467.86,42.53,425.33,BE-11174,15:27:10
11175,2023-06-09,L001,533.51,48.50,485.01,BE-11175,14:35:20
11176,2023-06-09,L001,177.71,16.16,161.55,BE-11176,20:10:50
11177,2023-06-09,L001,54.53,4.96,49.57,BE-11177,14:09:41
11178,2023-06-09,L001,547.99,49.82,498.17,BE-11178,11:00:11
11179,2023-06-09,L002,261.86,23.81,238.05,BE-11179,18:57:16
11180,2023-06-09,L002,388.07,35.28,352.79,BE-11180,20:00:10
11181,2023-06-09,L002,183.66,16.70,166.96,BE-11181,14:33:05
11182,2023-06-10,L001,78.95,7.18,71.77,BE-11182,18:21:20
11183,2023-06-10,L001,226.35,20.58,205.77,BE-11183,21:13:41
11184,2023-06-10,L001,186.11,16.92,169.19,BE-11184,21:03:15
11185,2023-06-10,L001,187.24,17.02,170.22,BE-11185,18:28:31
11186,2023-06-10,L003,54.81,4.98,49.83,BE-11186,11:06:12
11187,2023-06-11,L001,145.65,13.24,132.41,BE-11187,21:40:35
11188,2023-06-11,L001,362.00,32.91,329.09,BE-11188,13:06:47
11189,2023-06-11,L001,483.68,43.97,439.71,BE-11189,12:13:21
11190,2023-06-11,L001,249.74,22.70,227.04,BE-11190,10:25:06
11191,2023-06-11,L001,123.05,11.19,111.86,BE-11191,11:25:39
11192,2023-06-11,L002,497.56,45.23,452.33,BE-11192,10:48:31
11193,2023-06-11,L002,449.56,40.87,408.69,BE-11193,14:00:14
11194,2023-06-11,L003,500.69,45.52,455.17,BE-11194,10:32:25
11195,2023-06-11,L003,139.77,12.71,127.06,BE-11195,17:53:55
11196,2023-06-11,L003,95.91,8.72,87.19,BE-11196,11:30:05
11197,2023-06-11,L003,30.91,2.81,28.10,BE-11197,11:58:19
11198,2023-06-12,L001,304.50,27.68,276.82,BE-11198,15:50:20
11199,2023-06-12,L001,288.05,26.19,261.86,BE-11199,10:48:20
11200,2023-06-12,L001,88.54,8.05,80.49,BE-11200,15:12:37
11201,2023-06-12,L001,304.09,27.64,276.45,BE-11201,13:34:15
11202,2023-06-12,L002,537.43,48.86,488.57,BE-11202,16:30:39
11203,2023-06-12,L002,301.16,27.38,273.78,BE-11203,15:51:23
11204,2023-06-12,L003,51.01,4.64,46.37,BE-11204,18:37:41
11205,2023-06-12,L003,531.34,48.30,483.04,BE-11205,19:08:06
11206,2023-06-12,L003,87.48,7.95,79.53,BE-11206,17:00:15
11207,2023-06-12,L003,186.54,16.96,169.58,BE-11207,15:45:16
11208,2023-06-12,L003,193.16,17.56,175.60,BE-11208,11:24:53
11209,2023-06-13,L001,497.06,45.19,451.87,BE-11209,21:14:43
11210,2023-06-13,L001,278.39,25.31,253.08,BE-11210,19:25:32
11211,2023-06-13,L001,64.87,5.90,58.97,BE-11211,18:26:09
11212,2023-06-13,L001,273.43,24.86,248.57,BE-11212,11:06:00
11213,2023-06-13,L001,166.90,15.17,151.73,BE-11213,12:03:40
11214,2023-06-13,L002,395.18,35.93,359.25,BE-11214,13:14:26
11215,2023-06-13,L002,275.51,25.05,250.46,BE-11215,10:56:07
11216,2023-06-13,L003,304.07,27.64,276.43,BE-11216,14:18:19
11217,2023-06-13,L003,422.20,38.38,383.82,BE-11217,11:06:43
11218,2023-06-13,L003,492.56,44.78,447.78,BE-11218,17:18:01
11219,2023-06-13,L003,96.71,8.79,87.92,BE-11219,16:00:08
11220,2023-06-13,L003,24.29,2.21,22.08,BE-11220,18:17:59
11221,2023-06-14,L001,275.21,25.02,250.19,BE-11221,18:24:42
11222,2023-06-14,L001,258.94,23.54,235.40,BE-11222,16:54:04
11223,2023-06-14,L001,488.22,44.38,443.84,BE-11223,18:12:42
11224,2023-06-14,L001,442.88,40.26,402.62,BE-11224,13:33:11
11225,2023-06-14,L002,193.39,17.58,175.81,BE-11225,13:56:15
11226,2023-06-14,L002,167.74,15.25,152.49,BE-11226,21:21:30
11227,2023-06-14,L003,132.74,12.07,120.67,BE-11227,21:23:59
11228,2023-06-14,L003,198.47,18.04,180.43,BE-11228,19:32:10
11229,2023-06-15,L001,518.79,47.16,471.63,BE-11229,14:25:03
11230,2023-06-15,L002,87.68,7.97,79.71,BE-11230,14:10:37
11231,2023-06-15,L002,389.06,35.37,353.69,BE-11231,15:03:19
11232,2023-06-15,L003,293.14,26.65,266.49,BE-11232,18:13:53
11233,2023-06-16,L001,399.26,36.30,362.96,BE-11233,12:55:24
11234,2023-06-16,L003,228.83,20.80,208.03,BE-11234,17:36:56
11235,2023-06-17,L002,523.59,47.60,475.99,BE-11235,14:31:19
11236,2023-06-17,L003,500.46,45.50,454.96,BE-11236,15:18:45
11237,2023-06-17,L003,436.18,39.65,396.53,BE-11237,17:40:44
11238,2023-06-17,L003,108.86,9.90,98.96,BE-11238,17:33:38
11239,2023-06-17,L003,132.26,12.02,120.24,BE-11239,16:56:58
11240,2023-06-18,L002,128.61,11.69,116.92,BE-11240,16:45:29
11241,2023-06-18,L002,500.87,45.53,455.34,BE-11241,20:58:01
11242,2023-06-18,L002,383.17,34.83,348.34,BE-11242,17:17:29
11243,2023-06-18,L003,320.58,29.14,291.44,BE-11243,10:08:14
11244,2023-06-18,L003,483.34,43.94,439.40,BE-11244,14:04:49
11245,2023-06-18,L003,457.33,41.58,415.75,BE-11245,17:02:02
11246,2023-06-19,L001,101.96,9.27,92.69,BE-11246,16:06:07
11247,2023-06-19,L001,394.25,35.84,358.41,BE-11247,16:37:50
11248,2023-06-19,L001,326.55,29.69,296.86,BE-11248,17:10:46
11249,2023-06-19,L001,59.69,5.43,54.26,BE-11249,10:43:16
11250,2023-06-19,L002,412.06,37.46,374.60,BE-11250,18:30:34
11251,2023-06-19,L003,96.73,8.79,87.94,BE-11251,20:14:55
11252,2023-06-20,L001,293.66,26.70,266.96,BE-11252,16:00:37
11253,2023-06-20,L002,177.04,16.09,160.95,BE-11253,12:33:32
11254,2023-06-20,L002,210.65,19.15,191.50,BE-11254,15:35:55
11255,2023-06-20,L002,453.41,41.22,412.19,BE-11255,10:52:24
11256,2023-06-20,L002,134.79,12.25,122.54,BE-11256,21:26:04
11257,2023-06-20,L003,175.22,15.93,159.29,BE-11257,16:36:09
11258,2023-06-20,L003,389.06,35.37,353.69,BE-11258,12:01:49
11259,2023-06-20,L003,200.50,18.23,182.27,BE-11259,19:38:50
11260,2023-06-20,L003,223.33,20.30,203.03,BE-11260,19:28:31
11261,2023-06-20,L003,275.77,25.07,250.70,BE-11261,15:31:38
11262,2023-06-21,L002,523.63,47.60,476.03,BE-11262,18:25:48
11263,2023-06-21,L002,412.05,37.46,374.59,BE-11263,18:35:32
11264,2023-06-21,L002,407.73,37.07,370.66,BE-11264,17:19:37
11265,2023-06-21,L003,324.96,29.54,295.42,BE-11265,11:56:09
11266,2023-06-21,L003,262.49,23.86,238.63,BE-11266,19:29:00
11267,2023-06-21,L003,73.11,6.65,66.46,BE-11267,21:14:56
11268,2023-06-21,L003,522.04,47.46,474.58,BE-11268,16:32:16
11269,2023-06-22,L001,51.50,4.68,46.82,BE-11269,15:40:52
11270,2023-06-22,L001,190.00,17.27,172.73,BE-11270,10:23:45
11271,2023-06-22,L001,521.42,47.40,474.02,BE-11271,21:19:13
11272,2023-06-22,L001,136.84,12.44,124.40,BE-11272,11:16:43
11273,2023-06-22,L003,143.54,13.05,130.49,BE-11273,12:07:46
11274,2023-06-22,L003,208.49,18.95,189.54,BE-11274,18:48:34
11275,2023-06-22,L003,471.04,42.82,428.22,BE-11275,15:06:04
11276,2023-06-22,L003,430.14,39.10,391.04,BE-11276,14:00:30
11277,2023-06-22,L003,501.72,45.61,456.11,BE-11277,11:27:05
11278,2023-06-23,L001,442.72,40.25,402.47,BE-11278,21:15:08
11279,2023-06-23,L001,373.08,33.92,339.16,BE-11279,19:42:53
11280,2023-06-23,L001,183.14,16.65,166.49,BE-11280,18:12:43
11281,2023-06-23,L001,49.52,4.50,45.02,BE-11281,21:09:07
11282,2023-06-23,L002,441.10,40.10,401.00,BE-11282,10:04:44
11283,2023-06-23,L003,220.86,20.08,200.78,BE-11283,14:00:47
11284,2023-06-23,L003,373.91,33.99,339.92,BE-11284,10:14:52
11285,2023-06-23,L003,538.09,48.92,489.17,BE-11285,18:06:02
11286,2023-06-23,L003,378.69,34.43,344.26,BE-11286,13:49:13
11287,2023-06-24,L002,379.40,34.49,344.91,BE-11287,13:08:50
11288,2023-06-24,L002,87.98,8.00,79.98,BE-11288,20:39:35
11289,2023-06-24,L002,252.58,22.96,229.62,BE-11289,13:01:55
11290,2023-06-24,L002,484.44,44.04,440.40,BE-11290,16:47:39
11291,2023-06-24,L002,25.28,2.30,22.98,BE-11291,11:10:36
11292,2023-06-24,L003,359.73,32.70,327.03,BE-11292,12:43:11
11293,2023-06-24,L003,275.62,25.06,250.56,BE-11293,16:12:00
11294,2023-06-26,L002,219.46,19.95,199.51,BE-11294,21:57:20
11295,2023-06-26,L003,392.34,35.67,356.67,BE-11295,13:38:39
11296,2023-06-26,L003,147.23,13.38,133.85,BE-11296,14:06:05
11297,2023-06-26,L003,418.22,38.02,380.20,BE-11297,14:36:07
11298,2023-06-26,L003,43.21,3.93,39.28,BE-11298,21:06:07
11299,2023-06-27,L001,415.44,37.77,377.67,BE-11299,16:44:48
11300,2023-06-27,L001,475.07,43.19,431.88,BE-11300,17:52:35
11301,2023-06-27,L001,366.53,33.32,333.21,BE-11301,12:05:07
11302,2023-06-27,L001,223.60,20.33,203.27,BE-11302,12:01:55
11303,2023-06-27,L003,240.45,21.86,218.59,BE-11303,18:48:11
11304,2023-06-27,L003,506.08,46.01,460.07,BE-11304,10:11:52
11305,2023-06-27,L003,263.29,23.94,239.35,BE-11305,14:10:52
11306,2023-06-27,L003,126.72,11.52,115.20,BE-11306,16:55:02
11307,2023-06-28,L001,387.62,35.24,352.38,BE-11307,13:00:05
11308,2023-06-28,L001,50.00,4.55,45.45,BE-11308,17:51:27
11309,2023-06-28,L001,548.56,49.87,498.69,BE-11309,16:21:53
11310,2023-06-28,L001,116.52,10.59,105.93,BE-11310,21:39:25
11311,2023-06-28,L003,330.86,30.08,300.78,BE-11311,19:35:03
11312,2023-06-29,L002,148.20,13.47,134.73,BE-11312,21:11:32
11313,2023-06-29,L002,239.40,21.76,217.64,BE-11313,13:21:36
11314,2023-06-29,L003,47.38,4.31,43.07,BE-11314,20:27:07
11315,2023-06-29,L003,142.82,12.98,129.84,BE-11315,11:51:44
11316,2023-06-30,L001,489.32,44.48,444.84,BE-11316,19:10:38
11317,2023-06-30,L002,508.01,46.18,461.83,BE-11317,11:39:47
11318,2023-06-30,L002,536.12,48.74,487.38,BE-11318,16:26:37
11319,2023-06-30,L002,56.37,5.12,51.25,BE-11319,11:58:31
11320,2023-06-30,L002,476.60,43.33,433.27,BE-11320,12:41:45
11321,2023-06-30,L003,525.94,47.81,478.13,BE-11321,12:09:42
11322,2023-06-30,L003,334.75,30.43,304.32,BE-11322,13:43:00
11323,2023-06-30,L003,263.49,23.95,239.54,BE-11323,13:38:23
11324,2023-06-30,L003,138.42,12.58,125.84,BE-11324,18:38:37
11325,2023-06-30,L003,165.21,15.02,150.19,BE-11325,12:40:43
11326,2023-07-01,L002,332.74,30.25,302.49,BE-11326,21:00:47
11327,2023-07-01,L002,286.30,26.03,260.27,BE-11327,18:18:44
11328,2023-07-01,L002,115.62,10.51,105.11,BE-11328,14:54:04
11329,2023-07-01,L002,342.97,31.18,311.79,BE-11329,13:43:11
11330,2023-07-01,L002,160.92,14.63,146.29,BE-11330,15:37:12
11331,2023-07-01,L003,399.52,36.32,363.20,BE-11331,18:23:56
11332,2023-07-01,L003,286.29,26.03,260.26,BE-11332,21:15:14
11333,2023-07-01,L003,48.36,4.40,43.96,BE-11333,17:18:47
11334,2023-07-01,L003,351.70,31.97,319.73,BE-11334,18:45:03
11335,2023-07-01,L003,220.58,20.05,200.53,BE-11335,16:46:46
11336,2023-07-02,L001,479.83,43.62,436.21,BE-11336,13:50:37
11337,2023-07-02,L003,112.05,10.19,101.86,BE-11337,12:40:05
11338,2023-07-02,L003,532.85,48.44,484.41,BE-11338,13:22:17
11339,2023-07-02,L003,176.21,16.02,160.19,BE-11339,20:51:40
11340,2023-07-02,L003,279.60,25.42,254.18,BE-11340,21:27:33
11341,2023-07-02,L003,45.65,4.15,41.50,BE-11341,11:44:17
11342,2023-07-03,L002,516.65,46.97,469.68,BE-11342,18:27:00
11343,2023-07-03,L003,545.14,49.56,495.58,BE-11343,19:55:59
11344,2023-07-03,L003,287.93,26.18,261.75,BE-11344,15:11:11
11345,2023-07-03,L003,125.96,11.45,114.51,BE-11345,20:55:35
11346,2023-07-03,L003,521.64,47.42,474.22,BE-11346,11:27:49
11347,2023-07-03,L003,284.10,25.83,258.27,BE-11347,20:53:38
11348,2023-07-04,L001,390.58,35.51,355.07,BE-11348,17:11:28
11349,2023-07-04,L001,109.38,9.94,99.44,BE-11349,21:24:07
11350,2023-07-04,L001,426.66,38.79,387.87,BE-11350,11:26:14
11351,2023-07-04,L002,515.50,46.86,468.64,BE-11351,15:36:14
11352,2023-07-04,L002,510.54,46.41,464.13,BE-11352,12:19:58
11353,2023-07-04,L002,261.37,23.76,237.61,BE-11353,21:58:03
11354,2023-07-04,L003,382.47,34.77,347.70,BE-11354,21:19:58
11355,2023-07-04,L003,124.07,11.28,112.79,BE-11355,12:00:30
11356,2023-07-04,L003,95.58,8.69,86.89,BE-11356,18:40:30
11357,2023-07-04,L003,111.02,10.09,100.93,BE-11357,14:14:32
11358,2023-07-05,L001,430.71,39.16,391.55,BE-11358,14:08:57
11359,2023-07-05,L001,275.08,25.01,250.07,BE-11359,20:20:47
11360,2023-07-05,L001,410.70,37.34,373.36,BE-11360,17:51:28
11361,2023-07-05,L001,312.71,28.43,284.28,BE-11361,11:25:52
11362,2023-07-05,L002,145.88,13.26,132.62,BE-11362,13:59:14
11363,2023-07-05,L002,271.00,24.64,246.36,BE-11363,19:57:41
11364,2023-07-05,L002,350.19,31.84,318.35,BE-11364,11:09:22
11365,2023-07-05,L003,371.76,33.80,337.96,BE-11365,18:39:04
11366,2023-07-05,L003,478.21,43.47,434.74,BE-11366,15:18:59
11367,2023-07-05,L003,187.78,17.07,170.71,BE-11367,13:46:40
11368,2023-07-05,L003,231.19,21.02,210.17,BE-11368,17:12:49
11369,2023-07-05,L003,56.57,5.14,51.43,BE-11369,18:38:32
11370,2023-07-06,L001,209.84,19.08,190.76,BE-11370,15:25:47
11371,2023-07-06,L001,459.95,41.81,418.14,BE-11371,14:03:53
11372,2023-07-06,L002,136.58,12.42,124.16,BE-11372,15:45:29
11373,2023-07-06,L002,502.59,45.69,456.90,BE-11373,17:07:03
11374,2023-07-06,L002,519.41,47.22,472.19,BE-11374,11:14:44
11375,2023-07-06,L002,337.41,30.67,306.74,BE-11375,17:45:22
11376,2023-07-06,L003,510.72,46.43,464.29,BE-11376,17:54:20
11377,2023-07-07,L001,351.33,31.94,319.39,BE-11377,20:40:56
11378,2023-07-07,L001,300.38,27.31,273.07,BE-11378,20:22:50
11379,2023-07-07,L001,172.60,15.69,156.91,BE-11379,16:56:38
11380,2023-07-07,L001,454.52,41.32,413.20,BE-11380,10:02:47
11381,2023-07-07,L002,297.76,27.07,270.69,BE-11381,21:26:04
11382,2023-07-07,L002,31.34,2.85,28.49,BE-11382,19:29:42
11383,2023-07-07,L002,285.32,25.94,259.38,BE-11383,21:18:57
11384,2023-07-07,L002,220.17,20.02,200.15,BE-11384,20:36:43
11385,2023-07-07,L003,345.58,31.42,314.16,BE-11385,16:16:48
11386,2023-07-07,L003,230.79,20.98,209.81,BE-11386,14:32:07
11387,2023-07-08,L001,28.67,2.61,26.06,BE-11387,15:13:37
11388,2023-07-08,L002,218.76,19.89,198.87,BE-11388,12:39:24
11389,2023-07-08,L002,140.64,12.79,127.85,BE-11389,14:48:23
11390,2023-07-08,L002,323.53,29.41,294.12,BE-11390,14:28:01
11391,2023-07-08,L003,211.84,19.26,192.58,BE-11391,20:02:37
11392,2023-07-08,L003,377.66,34.33,343.33,BE-11392,20:11:33
11393,2023-07-08,L003,531.61,48.33,483.28,BE-11393,19:42:39
11394,2023-07-08,L003,422.66,38.42,384.24,BE-11394,12:07:29
11395,2023-07-08,L003,187.59,17.05,170.54,BE-11395,11:02:58
11396,2023-07-09,L001,271.35,24.67,246.68,BE-11396,15:13:20
11397,2023-07-09,L001,222.66,20.24,202.42,BE-11397,10:37:27
11398,2023-07-09,L001,276.01,25.09,250.92,BE-11398,20:07:17
11399,2023-07-09,L001,441.16,40.11,401.05,BE-11399,15:46:39
11400,2023-07-09,L002,461.32,41.94,419.38,BE-11400,20:47:24
11401,2023-07-09,L002,73.04,6.64,66.40,BE-11401,15:58:10
11402,2023-07-09,L003,166.65,15.15,151.50,BE-11402,11:14:49
11403,2023-07-09,L003,394.98,35.91,359.07,BE-11403,16:23:01
11404,2023-07-09,L003,244.70,22.25,222.45,BE-11404,18:42:07
11405,2023-07-10,L001,79.20,7.20,72.00,BE-11405,17:05:38
11406,2023-07-10,L002,382.22,34.75,347.47,BE-11406,11:11:58
11407,2023-07-10,L002,287.47,26.13,261.34,BE-11407,14:00:22
11408,2023-07-10,L002,69.27,6.30,62.97,BE-11408,18:54:11
11409,2023-07-10,L002,425.81,38.71,387.10,BE-11409,19:54:45
11410,2023-07-10,L002,480.38,43.67,436.71,BE-11410,21:36:03
11411,2023-07-10,L003,246.36,22.40,223.96,BE-11411,18:12:39
11412,2023-07-10,L003,337.92,30.72,307.20,BE-11412,15:04:11
11413,2023-07-11,L001,121.51,11.05,110.46,BE-11413,19:18:47
11414,2023-07-11,L001,220.87,20.08,200.79,BE-11414,14:41:19
11415,2023-07-11,L001,197.92,17.99,179.93,BE-11415,13:29:14
11416,2023-07-11,L001,77.10,7.01,70.09,BE-11416,15:01:07
11417,2023-07-11,L001,51.04,4.64,46.40,BE-11417,16:05:09
11418,2023-07-11,L003,279.74,25.43,254.31,BE-11418,10:38:19
11419,2023-07-11,L003,501.41,45.58,455.83,BE-11419,10:24:28
11420,2023-07-12,L001,451.63,41.06,410.57,BE-11420,18:38:05
11421,2023-07-12,L001,97.00,8.82,88.18,BE-11421,18:09:07
11422,2023-07-12,L001,441.43,40.13,401.30,BE-11422,19:27:48
11423,2023-07-12,L001,537.67,48.88,488.79,BE-11423,14:16:46
11424,2023-07-12,L001,411.22,37.38,373.84,BE-11424,21:45:08
11425,2023-07-12,L002,255.57,23.23,232.34,BE-11425,14:22:19
11426,2023-07-12,L002,312.40,28.40,284.00,BE-11426,11:37:33
11427,2023-07-12,L002,135.14,12.29,122.85,BE-11427,14:16:07
11428,2023-07-12,L002,178.27,16.21,162.06,BE-11428,18:10:17
11429,2023-07-12,L003,122.67,11.15,111.52,BE-11429,15:28:02
11430,2023-07-12,L003,153.34,13.94,139.40,BE-11430,11:33:36
11431,2023-07-12,L003,524.87,47.72,477.15,BE-11431,16:00:55
11432,2023-07-12,L003,488.92,44.45,444.47,BE-11432,12:13:43
11433,2023-07-12,L003,224.41,20.40,204.01,BE-11433,11:04:14
11434,2023-07-13,L001,523.33,47.58,475.75,BE-11434,19:50:42
11435,2023-07-13,L001,397.11,36.10,361.01,BE-11435,16:59:01
11436,2023-07-13,L002,394.46,35.86,358.60,BE-11436,16:31:22
11437,2023-07-13,L002,361.19,32.84,328.35,BE-11437,11:35:50
11438,2023-07-13,L003,462.00,42.00,420.00,BE-11438,14:28:18
11439,2023-07-13,L003,340.67,30.97,309.70,BE-11439,15:11:18
11440,2023-07-13,L003,38.78,3.53,35.25,BE-11440,21:36:51
11441,2023-07-13,L003,192.50,17.50,175.00,BE-11441,13:32:59
11442,2023-07-13,L003,114.63,10.42,104.21,BE-11442,10:22:51
11443,2023-07-14,L001,186.60,16.96,169.64,BE-11443,10:19:43
11444,2023-07-14,L001,44.16,4.01,40.15,BE-11444,12:03:09
11445,2023-07-14,L001,345.63,31.42,314.21,BE-11445,17:34:10
11446,2023-07-14,L002,296.93,26.99,269.94,BE-11446,19:32:15
11447,2023-07-14,L002,37.05,3.37,33.68,BE-11447,18:13:20
11448,2023-07-14,L002,133.34,12.12,121.22,BE-11448,17:47:08
11449,2023-07-14,L002,135.52,12.32,123.20,BE-11449,10:22:57
11450,2023-07-14,L002,451.56,41.05,410.51,BE-11450,19:01:40
11451,2023-07-14,L003,278.41,25.31,253.10,BE-11451,12:50:32
11452,2023-07-14,L003,429.45,39.04,390.41,BE-11452,18:19:41
11453,2023-07-14,L003,405.06,36.82,368.24,BE-11453,10:45:08
11454,2023-07-15,L001,495.42,45.04,450.38,BE-11454,12:43:02
11455,2023-07-15,L001,90.11,8.19,81.92,BE-11455,17:33:29
11456,2023-07-15,L001,422.31,38.39,383.92,BE-11456,20:29:57
11457,2023-07-15,L001,529.11,48.10,481.01,BE-11457,10:39:35
11458,2023-07-15,L003,103.61,9.42,94.19,BE-11458,15:42:33
11459,2023-07-15,L003,410.30,37.30,373.00,BE-11459,17:33:51
11460,2023-07-15,L003,431.72,39.25,392.47,BE-11460,16:10:57
11461,2023-07-15,L003,297.26,27.02,270.24,BE-11461,17:21:59
11462,2023-07-15,L003,37.92,3.45,34.47,BE-11462,20:09:15
11463,2023-07-16,L001,222.06,20.19,201.87,BE-11463,19:17:21
11464,2023-07-16,L002,389.90,35.45,354.45,BE-11464,19:26:56
11465,2023-07-16,L002,358.04,32.55,325.49,BE-11465,13:19:15
11466,2023-07-16,L002,258.84,23.53,235.31,BE-11466,16:59:48
11467,2023-07-16,L002,507.50,46.14,461.36,BE-11467,17:23:15
11468,2023-07-16,L003,447.95,40.72,407.23,BE-11468,17:46:26
11469,2023-07-16,L003,151.61,13.78,137.83,BE-11469,11:53:24
11470,2023-07-16,L003,22.87,2.08,20.79,BE-11470,19:01:47
11471,2023-07-16,L003,58.67,5.33,53.34,BE-11471,10:23:23
11472,2023-07-17,L001,411.73,37.43,374.30,BE-11472,13:23:23
11473,2023-07-17,L001,239.38,21.76,217.62,BE-11473,12:30:00
11474,2023-07-17,L001,168.11,15.28,152.83,BE-11474,17:32:03
11475,2023-07-17,L001,483.25,43.93,439.32,BE-11475,15:24:53
11476,2023-07-17,L001,533.52,48.50,485.02,BE-11476,15:49:43
11477,2023-07-17,L002,123.75,11.25,112.50,BE-11477,18:13:58
11478,2023-07-17,L003,136.21,12.38,123.83,BE-11478,15:18:50
11479,2023-07-17,L003,432.83,39.35,393.48,BE-11479,13:45:36
11480,2023-07-17,L003,508.77,46.25,462.52,BE-11480,21:43:28
11481,2023-07-17,L003,256.03,23.28,232.75,BE-11481,15:52:19
11482,2023-07-17,L003,338.14,30.74,307.40,BE-11482,18:01:54
11483,2023-07-18,L001,527.22,47.93,479.29,BE-11483,12:24:00
11484,2023-07-18,L001,133.01,12.09,120.92,BE-11484,21:44:01
11485,2023-07-18,L001,348.99,31.73,317.26,BE-11485,15:24:02
11486,2023-07-18,L001,91.89,8.35,83.54,BE-11486,21:45:50
11487,2023-07-18,L001,35.85,3.26,32.59,BE-11487,20:41:07
11488,2023-07-18,L002,53.80,4.89,48.91,BE-11488,21:42:04
11489,2023-07-18,L003,541.02,49.18,491.84,BE-11489,16:23:46
11490,2023-07-18,L003,278.91,25.36,253.55,BE-11490,16:16:04
11491,2023-07-18,L003,132.35,12.03,120.32,BE-11491,16:38:01
11492,2023-07-18,L003,378.88,34.44,344.44,BE-11492,10:40:33
11493,2023-07-19,L001,144.75,13.16,131.59,BE-11493,15:39:25
11494,2023-07-19,L003,542.95,49.36,493.59,BE-11494,14:13:39
11495,2023-07-19,L003,340.77,30.98,309.79,BE-11495,13:16:42
11496,2023-07-19,L003,385.58,35.05,350.53,BE-11496,18:01:50
11497,2023-07-19,L003,200.67,18.24,182.43,BE-11497,19:59:41
11498,2023-07-19,L003,522.49,47.50,474.99,BE-11498,11:01:46
11499,2023-07-20,L001,54.41,4.95,49.46,BE-11499,18:42:54
11500,2023-07-20,L001,252.63,22.97,229.66,BE-11500,19:39:51
11501,2023-07-20,L002,30.48,2.77,27.71,BE-11501,20:19:21
11502,2023-07-20,L002,425.00,38.64,386.36,BE-11502,21:21:56
11503,2023-07-20,L003,193.19,17.56,175.63,BE-11503,14:45:42
11504,2023-07-20,L003,319.52,29.05,290.47,BE-11504,18:45:51
11505,2023-07-20,L003,455.58,41.42,414.16,BE-11505,16:02:36
11506,2023-07-21,L001,92.92,8.45,84.47,BE-11506,13:19:29
11507,2023-07-21,L001,497.62,45.24,452.38,BE-11507,20:23:20
11508,2023-07-21,L001,304.69,27.70,276.99,BE-11508,18:41:56
11509,2023-07-21,L001,504.13,45.83,458.30,BE-11509,16:20:19
11510,2023-07-21,L001,443.10,40.28,402.82,BE-11510,11:35:00
11511,2023-07-21,L002,481.04,43.73,437.31,BE-11511,14:27:27
11512,2023-07-21,L002,346.29,31.48,314.81,BE-11512,17:27:25
11513,2023-07-21,L002,72.91,6.63,66.28,BE-11513,16:08:46
11514,2023-07-21,L003,189.06,17.19,171.87,BE-11514,20:38:04
11515,2023-07-21,L003,279.26,25.39,253.87,BE-11515,20:10:37
11516,2023-07-22,L001,345.91,31.45,314.46,BE-11516,10:57:35
11517,2023-07-22,L001,441.35,40.12,401.23,BE-11517,14:03:16
11518,2023-07-22,L001,292.87,26.62,266.25,BE-11518,10:18:06
11519,2023-07-22,L002,404.81,36.80,368.01,BE-11519,21:08:28
11520,2023-07-22,L002,190.43,17.31,173.12,BE-11520,15:43:04
11521,2023-07-22,L002,281.85,25.62,256.23,BE-11521,18:09:28
11522,2023-07-22,L003,142.43,12.95,129.48,BE-11522,10:16:33
11523,2023-07-22,L003,173.68,15.79,157.89,BE-11523,12:19:38
11524,2023-07-23,L001,22.35,2.03,20.32,BE-11524,19:40:45
11525,2023-07-23,L001,70.15,6.38,63.77,BE-11525,14:39:33
11526,2023-07-23,L001,338.96,30.81,308.15,BE-11526,15:00:44
11527,2023-07-23,L001,29.80,2.71,27.09,BE-11527,20:36:32
11528,2023-07-24,L001,186.27,16.93,169.34,BE-11528,19:52:10
11529,2023-07-24,L001,522.87,47.53,475.34,BE-11529,12:30:40
11530,2023-07-24,L001,24.48,2.23,22.25,BE-11530,17:04:57
11531,2023-07-24,L001,366.85,33.35,333.50,BE-11531,14:01:59
11532,2023-07-24,L001,428.51,38.96,389.55,BE-11532,11:21:54
11533,2023-07-24,L002,258.81,23.53,235.28,BE-11533,16:53:23
11534,2023-07-24,L002,48.25,4.39,43.86,BE-11534,11:58:38
11535,2023-07-24,L002,43.04,3.91,39.13,BE-11535,17:42:26
11536,2023-07-24,L002,464.07,42.19,421.88,BE-11536,11:45:37
11537,2023-07-24,L003,76.21,6.93,69.28,BE-11537,13:43:46
11538,2023-07-24,L003,480.40,43.67,436.73,BE-11538,11:44:22
11539,2023-07-24,L003,374.95,34.09,340.86,BE-11539,12:10:06
11540,2023-07-25,L001,492.92,44.81,448.11,BE-11540,14:04:09
11541,2023-07-25,L001,440.17,40.02,400.15,BE-11541,16:53:12
11542,2023-07-25,L002,127.53,11.59,115.94,BE-11542,18:52:10
11543,2023-07-25,L002,285.69,25.97,259.72,BE-11543,15:14:51
11544,2023-07-25,L002,525.29,47.75,477.54,BE-11544,16:20:37
11545,2023-07-25,L002,130.97,11.91,119.06,BE-11545,20:36:52
11546,2023-07-25,L003,193.53,17.59,175.94,BE-11546,16:03:35
11547,2023-07-25,L003,397.24,36.11,361.13,BE-11547,12:42:11
11548,2023-07-25,L003,242.07,22.01,220.06,BE-11548,12:46:06
11549,2023-07-25,L003,314.14,28.56,285.58,BE-11549,20:46:24
11550,2023-07-25,L003,29.66,2.70,26.96,BE-11550,20:18:01
11551,2023-07-26,L001,373.00,33.91,339.09,BE-11551,15:05:15
11552,2023-07-26,L001,371.76,33.80,337.96,BE-11552,21:19:54
11553,2023-07-26,L001,320.34,29.12,291.22,BE-11553,13:33:24
11554,2023-07-26,L002,471.19,42.84,428.35,BE-11554,16:49:43
11555,2023-07-26,L002,288.52,26.23,262.29,BE-11555,20:40:31
11556,2023-07-26,L002,214.57,19.51,195.06,BE-11556,15:43:49
11557,2023-07-26,L002,276.56,25.14,251.42,BE-11557,10:54:51
11558,2023-07-27,L001,368.92,33.54,335.38,BE-11558,11:12:41
11559,2023-07-27,L002,88.17,8.02,80.15,BE-11559,19:38:26
11560,2023-07-27,L002,333.83,30.35,303.48,BE-11560,21:15:40
11561,2023-07-27,L002,475.38,43.22,432.16,BE-11561,20:44:23
11562,2023-07-27,L002,535.48,48.68,486.80,BE-11562,17:33:47
11563,2023-07-28,L001,244.67,22.24,222.43,BE-11563,21:16:41
11564,2023-07-28,L001,451.44,41.04,410.40,BE-11564,16:16:21
11565,2023-07-28,L001,435.04,39.55,395.49,BE-11565,18:15:52
11566,2023-07-28,L001,469.31,42.66,426.65,BE-11566,12:54:01
11567,2023-07-28,L002,138.85,12.62,126.23,BE-11567,18:53:19
11568,2023-07-28,L002,236.89,21.54,215.35,BE-11568,14:40:35
11569,2023-07-28,L002,524.93,47.72,477.21,BE-11569,21:00:01
11570,2023-07-28,L003,467.92,42.54,425.38,BE-11570,19:30:08
11571,2023-07-28,L003,304.44,27.68,276.76,BE-11571,14:05:06
11572,2023-07-28,L003,194.79,17.71,177.08,BE-11572,17:20:39
11573,2023-07-28,L003,201.08,18.28,182.80,BE-11573,11:06:13
11574,2023-07-29,L001,375.17,34.11,341.06,BE-11574,19:55:54
11575,2023-07-29,L001,273.92,24.90,249.02,BE-11575,17:28:50
11576,2023-07-29,L001,168.94,15.36,153.58,BE-11576,14:38:03
11577,2023-07-29,L001,37.03,3.37,33.66,BE-11577,20:52:14
11578,2023-07-29,L001,488.10,44.37,443.73,BE-11578,18:32:07
11579,2023-07-29,L002,346.62,31.51,315.11,BE-11579,14:44:29
11580,2023-07-29,L002,188.34,17.12,171.22,BE-11580,16:42:40
11581,2023-07-29,L002,426.34,38.76,387.58,BE-11581,18:19:57
11582,2023-07-29,L002,493.35,44.85,448.50,BE-11582,21:54:56
11583,2023-07-29,L003,133.95,12.18,121.77,BE-11583,18:27:17
11584,2023-07-29,L003,388.26,35.30,352.96,BE-11584,20:58:49
11585,2023-07-29,L003,25.89,2.35,23.54,BE-11585,11:22:23
11586,2023-07-29,L003,404.52,36.77,367.75,BE-11586,12:18:02
11587,2023-07-29,L003,360.22,32.75,327.47,BE-11587,11:22:37
11588,2023-07-30,L001,279.58,25.42,254.16,BE-11588,14:07:51
11589,2023-07-30,L001,117.43,10.68,106.75,BE-11589,19:56:14
11590,2023-07-30,L001,507.50,46.14,461.36,BE-11590,20:55:46
11591,2023-07-30,L001,518.32,47.12,471.20,BE-11591,11:12:21
11592,2023-07-30,L002,526.77,47.89,478.88,BE-11592,19:07:34
11593,2023-07-30,L002,543.53,49.41,494.12,BE-11593,12:51:54
11594,2023-07-30,L002,250.61,22.78,227.83,BE-11594,16:33:22
11595,2023-07-30,L003,69.77,6.34,63.43,BE-11595,18:49:06
11596,2023-07-31,L001,37.73,3.43,34.30,BE-11596,14:58:50
11597,2023-07-31,L003,51.49,4.68,46.81,BE-11597,16:37:57
11598,2023-08-01,L001,507.30,46.12,461.18,BE-11598,16:13:26
11599,2023-08-01,L001,545.21,49.56,495.65,BE-11599,18:19:54
11600,2023-08-01,L003,340.65,30.97,309.68,BE-11600,18:28:40
11601,2023-08-01,L003,512.41,46.58,465.83,BE-11601,13:33:32
11602,2023-08-02,L001,502.74,45.70,457.04,BE-11602,18:58:53
11603,2023-08-02,L002,309.02,28.09,280.93,BE-11603,12:49:08
11604,2023-08-02,L002,322.52,29.32,293.20,BE-11604,11:35:44
11605,2023-08-02,L002,453.72,41.25,412.47,BE-11605,10:13:30
11606,2023-08-02,L002,35.82,3.26,32.56,BE-11606,19:10:11
11607,2023-08-02,L002,446.71,40.61,406.10,BE-11607,17:23:31
11608,2023-08-02,L003,194.26,17.66,176.60,BE-11608,21:26:57
11609,2023-08-02,L003,81.65,7.42,74.23,BE-11609,20:34:12
11610,2023-08-02,L003,265.62,24.15,241.47,BE-11610,15:24:11
11611,2023-08-03,L001,309.30,28.12,281.18,BE-11611,18:32:11
11612,2023-08-03,L003,145.42,13.22,132.20,BE-11612,21:50:52
11613,2023-08-03,L003,291.32,26.48,264.84,BE-11613,16:10:13
11614,2023-08-03,L003,193.67,17.61,176.06,BE-11614,15:33:00
11615,2023-08-04,L001,500.36,45.49,454.87,BE-11615,12:19:38
11616,2023-08-04,L001,545.11,49.56,495.55,BE-11616,21:28:21
11617,2023-08-04,L002,451.28,41.03,410.25,BE-11617,16:28:28
11618,2023-08-04,L002,425.28,38.66,386.62,BE-11618,19:06:44
11619,2023-08-04,L003,252.67,22.97,229.70,BE-11619,18:07:10
11620,2023-08-05,L001,319.77,29.07,290.70,BE-11620,18:21:29
11621,2023-08-05,L001,72.33,6.58,65.75,BE-11621,11:17:39
11622,2023-08-05,L001,211.76,19.25,192.51,BE-11622,14:09:09
11623,2023-08-05,L001,99.83,9.08,90.75,BE-11623,20:25:11
11624,2023-08-05,L002,298.80,27.16,271.64,BE-11624,20:54:00
11625,2023-08-05,L002,278.79,25.34,253.45,BE-11625,18:36:40
11626,2023-08-05,L002,470.39,42.76,427.63,BE-11626,15:40:58
11627,2023-08-05,L002,406.40,36.95,369.45,BE-11627,18:14:44
11628,2023-08-06,L001,39.38,3.58,35.80,BE-11628,11:54:51
11629,2023-08-06,L001,132.68,12.06,120.62,BE-11629,14:00:31
11630,2023-08-06,L001,414.40,37.67,376.73,BE-11630,20:45:35
11631,2023-08-06,L001,409.82,37.26,372.56,BE-11631,20:43:53
11632,2023-08-06,L002,470.29,42.75,427.54,BE-11632,19:38:52
11633,2023-08-06,L002,531.25,48.30,482.95,BE-11633,15:15:12
11634,2023-08-06,L002,252.16,22.92,229.24,BE-11634,11:53:51
11635,2023-08-06,L002,331.68,30.15,301.53,BE-11635,19:53:30
11636,2023-08-06,L002,527.21,47.93,479.28,BE-11636,12:54:23
11637,2023-08-06,L003,79.19,7.20,71.99,BE-11637,21:33:57
11638,2023-08-07,L001,406.40,36.95,369.45,BE-11638,13:10:25
11639,2023-08-07,L002,364.42,33.13,331.29,BE-11639,12:41:01
11640,2023-08-07,L003,28.83,2.62,26.21,BE-11640,15:57:31
11641,2023-08-07,L003,287.35,26.12,261.23,BE-11641,15:59:27
11642,2023-08-07,L003,85.30,7.75,77.55,BE-11642,11:07:45
11643,2023-08-07,L003,36.45,3.31,33.14,BE-11643,12:52:06
11644,2023-08-07,L003,522.21,47.47,474.74,BE-11644,14:46:06
11645,2023-08-08,L001,390.34,35.49,354.85,BE-11645,13:54:50
11646,2023-08-08,L001,303.16,27.56,275.60,BE-11646,18:05:04
11647,2023-08-08,L001,130.04,11.82,118.22,BE-11647,20:15:31
11648,2023-08-08,L001,466.75,42.43,424.32,BE-11648,21:01:40
11649,2023-08-08,L001,272.81,24.80,248.01,BE-11649,10:29:53
11650,2023-08-08,L002,226.54,20.59,205.95,BE-11650,16:06:44
11651,2023-08-08,L002,286.89,26.08,260.81,BE-11651,13:37:30
11652,2023-08-08,L002,253.66,23.06,230.60,BE-11652,17:02:31
11653,2023-08-08,L003,272.93,24.81,248.12,BE-11653,12:58:10
11654,2023-08-08,L003,467.98,42.54,425.44,BE-11654,17:45:40
11655,2023-08-09,L002,96.07,8.73,87.34,BE-11655,12:15:53
11656,2023-08-09,L002,262.92,23.90,239.02,BE-11656,15:48:41
11657,2023-08-09,L002,403.94,36.72,367.22,BE-11657,14:19:51
11658,2023-08-09,L003,173.17,15.74,157.43,BE-11658,11:15:54
11659,2023-08-09,L003,68.06,6.19,61.87,BE-11659,14:50:07
11660,2023-08-09,L003,495.83,45.08,450.75,BE-11660,17:47:42
11661,2023-08-09,L003,475.35,43.21,432.14,BE-11661,15:48:09
11662,2023-08-10,L001,365.12,33.19,331.93,BE-11662,15:10:23
11663,2023-08-10,L001,320.87,29.17,291.70,BE-11663,15:42:59
11664,2023-08-10,L002,54.77,4.98,49.79,BE-11664,17:58:02
11665,2023-08-10,L003,523.27,47.57,475.70,BE-11665,10:57:40
11666,2023-08-10,L003,70.21,6.38,63.83,BE-11666,19:31:45
11667,2023-08-10,L003,484.12,44.01,440.11,BE-11667,19:04:18
11668,2023-08-11,L001,104.42,9.49,94.93,BE-11668,13:53:42
11669,2023-08-11,L001,119.15,10.83,108.32,BE-11669,18:11:23
11670,2023-08-11,L001,425.67,38.70,386.97,BE-11670,11:08:45
11671,2023-08-11,L001,548.88,49.90,498.98,BE-11671,18:54:15
11672,2023-08-11,L001,204.50,18.59,185.91,BE-11672,18:08:33
11673,2023-08-11,L002,491.77,44.71,447.06,BE-11673,15:10:31
11674,2023-08-11,L002,504.17,45.83,458.34,BE-11674,13:26:26
11675,2023-08-12,L001,182.56,16.60,165.96,BE-11675,10:32:46
11676,2023-08-12,L001,228.64,20.79,207.85,BE-11676,16:48:43
11677,2023-08-12,L003,395.88,35.99,359.89,BE-11677,13:09:02
11678,2023-08-12,L003,110.52,10.05,100.47,BE-11678,15:00:31
11679,2023-08-13,L001,123.27,11.21,112.06,BE-11679,11:06:10
11680,2023-08-13,L001,536.02,48.73,487.29,BE-11680,15:02:46
11681,2023-08-15,L001,214.40,19.49,194.91,BE-11681,13:34:43
11682,2023-08-15,L001,271.93,24.72,247.21,BE-11682,20:23:40
11683,2023-08-15,L001,202.80,18.44,184.36,BE-11683,16:08:12
11684,2023-08-15,L001,269.12,24.47,244.65,BE-11684,15:37:24
11685,2023-08-15,L002,346.59,31.51,315.08,BE-11685,20:35:39
11686,2023-08-15,L002,179.66,16.33,163.33,BE-11686,19:49:37
11687,2023-08-15,L003,179.04,16.28,162.76,BE-11687,14:19:40
11688,2023-08-16,L001,268.24,24.39,243.85,BE-11688,14:16:49
11689,2023-08-16,L002,333.54,30.32,303.22,BE-11689,13:18:40
11690,2023-08-16,L002,108.77,9.89,98.88,BE-11690,21:45:04
11691,2023-08-16,L002,39.18,3.56,35.62,BE-11691,18:01:29
11692,2023-08-16,L002,331.56,30.14,301.42,BE-11692,10:56:24
11693,2023-08-16,L002,257.97,23.45,234.52,BE-11693,16:58:26
11694,2023-08-17,L001,514.16,46.74,467.42,BE-11694,17:46:38
11695,2023-08-17,L001,196.15,17.83,178.32,BE-11695,13:04:49
11696,2023-08-17,L001,170.03,15.46,154.57,BE-11696,12:09:08
11697,2023-08-17,L001,399.51,36.32,363.19,BE-11697,21:04:15
11698,2023-08-17,L002,273.56,24.87,248.69,BE-11698,11:48:28
11699,2023-08-17,L002,72.82,6.62,66.20,BE-11699,11:25:54
11700,2023-08-17,L002,181.98,16.54,165.44,BE-11700,20:49:51
11701,2023-08-17,L002,137.30,12.48,124.82,BE-11701,10:31:26
11702,2023-08-18,L001,297.75,27.07,270.68,BE-11702,19:32:04
11703,2023-08-18,L001,524.08,47.64,476.44,BE-11703,13:22:27
11704,2023-08-18,L001,231.35,21.03,210.32,BE-11704,14:15:01
11705,2023-08-18,L003,312.82,28.44,284.38,BE-11705,15:41:18
11706,2023-08-18,L003,502.28,45.66,456.62,BE-11706,16:21:32
11707,2023-08-18,L003,217.24,19.75,197.49,BE-11707,17:42:24
11708,2023-08-18,L003,108.54,9.87,98.67,BE-11708,11:08:56
11709,2023-08-18,L003,327.06,29.73,297.33,BE-11709,16:50:22
11710,2023-08-19,L001,42.56,3.87,38.69,BE-11710,20:32:21
11711,2023-08-19,L001,231.67,21.06,210.61,BE-11711,17:20:04
11712,2023-08-20,L001,222.38,20.22,202.16,BE-11712,14:46:17
11713,2023-08-20,L001,395.56,35.96,359.60,BE-11713,20:51:26
11714,2023-08-20,L001,416.79,37.89,378.90,BE-11714,13:29:31
11715,2023-08-20,L003,403.96,36.72,367.24,BE-11715,20:05:41
11716,2023-08-20,L003,548.27,49.84,498.43,BE-11716,17:03:56
11717,2023-08-20,L003,376.11,34.19,341.92,BE-11717,12:37:18
11718,2023-08-20,L003,65.95,6.00,59.95,BE-11718,14:27:35
11719,2023-08-20,L003,221.87,20.17,201.70,BE-11719,19:57:03
11720,2023-08-21,L001,501.78,45.62,456.16,BE-11720,15:24:30
11721,2023-08-21,L001,185.60,16.87,168.73,BE-11721,16:56:34
11722,2023-08-21,L001,56.67,5.15,51.52,BE-11722,17:56:34
11723,2023-08-21,L002,68.35,6.21,62.14,BE-11723,18:30:15
11724,2023-08-21,L002,323.84,29.44,294.40,BE-11724,21:07:45
11725,2023-08-21,L002,419.32,38.12,381.20,BE-11725,11:05:27
11726,2023-08-21,L002,403.72,36.70,367.02,BE-11726,14:40:21
11727,2023-08-21,L002,172.56,15.69,156.87,BE-11727,21:37:27
11728,2023-08-21,L003,510.68,46.43,464.25,BE-11728,18:51:51
11729,2023-08-21,L003,363.06,33.01,330.05,BE-11729,20:31:33
11730,2023-08-21,L003,469.13,42.65,426.48,BE-11730,18:47:23
11731,2023-08-21,L003,301.93,27.45,274.48,BE-11731,10:24:20
11732,2023-08-21,L003,305.80,27.80,278.00,BE-11732,19:38:31
11733,2023-08-22,L001,396.30,36.03,360.27,BE-11733,13:43:51
11734,2023-08-22,L001,169.57,15.42,154.15,BE-11734,13:00:37
11735,2023-08-22,L001,353.28,32.12,321.16,BE-11735,12:16:39
11736,2023-08-22,L001,96.48,8.77,87.71,BE-11736,19:34:27
11737,2023-08-22,L001,336.39,30.58,305.81,BE-11737,18:55:59
11738,2023-08-22,L002,332.07,30.19,301.88,BE-11738,15:44:42
11739,2023-08-22,L002,34.73,3.16,31.57,BE-11739,16:26:08
11740,2023-08-22,L003,355.56,32.32,323.24,BE-11740,19:35:41
11741,2023-08-22,L003,459.53,41.78,417.75,BE-11741,15:06:19
11742,2023-08-22,L003,405.89,36.90,368.99,BE-11742,12:31:13
11743,2023-08-22,L003,356.24,32.39,323.85,BE-11743,12:09:39
11744,2023-08-22,L003,142.69,12.97,129.72,BE-11744,18:27:53
11745,2023-08-23,L002,294.04,26.73,267.31,BE-11745,19:07:30
11746,2023-08-24,L001,122.27,11.12,111.15,BE-11746,14:06:16
11747,2023-08-24,L001,136.40,12.40,124.00,BE-11747,12:46:22
11748,2023-08-24,L003,245.96,22.36,223.60,BE-11748,19:05:43
11749,2023-08-24,L003,408.57,37.14,371.43,BE-11749,11:29:47
11750,2023-08-24,L003,231.22,21.02,210.20,BE-11750,17:18:51
11751,2023-08-25,L001,305.49,27.77,277.72,BE-11751,13:28:33
11752,2023-08-25,L001,123.99,11.27,112.72,BE-11752,19:11:35
11753,2023-08-25,L002,116.52,10.59,105.93,BE-11753,14:41:03
11754,2023-08-25,L002,317.65,28.88,288.77,BE-11754,15:01:28
11755,2023-08-25,L002,403.31,36.66,366.65,BE-11755,19:40:25
11756,2023-08-25,L003,299.55,27.23,272.32,BE-11756,16:47:32
11757,2023-08-26,L001,335.58,30.51,305.07,BE-11757,13:48:17
11758,2023-08-26,L001,269.89,24.54,245.35,BE-11758,18:25:14
11759,2023-08-26,L002,457.51,41.59,415.92,BE-11759,11:55:27
11760,2023-08-26,L002,455.73,41.43,414.30,BE-11760,17:40:56
11761,2023-08-26,L002,209.20,19.02,190.18,BE-11761,19:33:03
11762,2023-08-26,L002,86.76,7.89,78.87,BE-11762,12:07:21
11763,2023-08-26,L002,422.04,38.37,383.67,BE-11763,13:05:14
11764,2023-08-26,L003,210.52,19.14,191.38,BE-11764,18:31:09
11765,2023-08-26,L003,514.48,46.77,467.71,BE-11765,16:20:41
11766,2023-08-26,L003,328.11,29.83,298.28,BE-11766,19:35:35
11767,2023-08-26,L003,360.40,32.76,327.64,BE-11767,20:04:07
11768,2023-08-27,L001,370.84,33.71,337.13,BE-11768,10:41:58
11769,2023-08-27,L001,241.01,21.91,219.10,BE-11769,19:59:59
11770,2023-08-27,L001,294.28,26.75,267.53,BE-11770,10:33:44
11771,2023-08-27,L002,410.91,37.36,373.55,BE-11771,14:55:18
11772,2023-08-27,L002,127.28,11.57,115.71,BE-11772,10:16:47
11773,2023-08-27,L002,76.24,6.93,69.31,BE-11773,18:12:50
11774,2023-08-27,L002,469.60,42.69,426.91,BE-11774,12:15:11
11775,2023-08-27,L002,206.48,18.77,187.71,BE-11775,11:44:43
11776,2023-08-27,L003,81.84,7.44,74.40,BE-11776,11:23:04
11777,2023-08-27,L003,328.79,29.89,298.90,BE-11777,11:57:36
11778,2023-08-28,L001,444.43,40.40,404.03,BE-11778,20:40:59
11779,2023-08-28,L001,490.51,44.59,445.92,BE-11779,21:18:05
11780,2023-08-28,L002,147.19,13.38,133.81,BE-11780,17:18:48
11781,2023-08-28,L002,101.50,9.23,92.27,BE-11781,15:45:42
11782,2023-08-28,L003,508.01,46.18,461.83,BE-11782,16:43:57
11783,2023-08-28,L003,210.18,19.11,191.07,BE-11783,20:41:46
11784,2023-08-29,L001,225.30,20.48,204.82,BE-11784,10:10:28
11785,2023-08-29,L002,428.68,38.97,389.71,BE-11785,16:11:54
11786,2023-08-29,L003,529.28,48.12,481.16,BE-11786,13:52:43
11787,2023-08-29,L003,446.58,40.60,405.98,BE-11787,15:36:33
11788,2023-08-30,L001,143.15,13.01,130.14,BE-11788,11:03:00
11789,2023-08-30,L002,249.18,22.65,226.53,BE-11789,13:38:21
11790,2023-08-30,L002,79.43,7.22,72.21,BE-11790,20:12:42
11791,2023-08-30,L002,417.26,37.93,379.33,BE-11791,17:39:57
11792,2023-08-30,L002,411.60,37.42,374.18,BE-11792,20:44:02
11793,2023-08-31,L001,310.99,28.27,282.72,BE-11793,16:03:20
11794,2023-08-31,L001,26.94,2.45,24.49,BE-11794,21:41:26
11795,2023-08-31,L003,216.99,19.73,197.26,BE-11795,19:40:21
11796,2023-08-31,L003,460.44,41.86,418.58,BE-11796,19:58:20
11797,2023-09-01,L001,209.95,19.09,190.86,BE-11797,10:46:42
11798,2023-09-01,L001,195.68,17.79,177.89,BE-11798,15:24:07
11799,2023-09-01,L001,56.09,5.10,50.99,BE-11799,13:27:00
11800,2023-09-01,L001,314.17,28.56,285.61,BE-11800,13:56:47
11801,2023-09-01,L001,235.40,21.40,214.00,BE-11801,18:25:28
11802,2023-09-01,L002,349.57,31.78,317.79,BE-11802,13:51:34
11803,2023-09-01,L002,143.75,13.07,130.68,BE-11803,12:18:15
11804,2023-09-01,L002,67.71,6.16,61.55,BE-11804,19:30:17
11805,2023-09-01,L002,222.94,20.27,202.67,BE-11805,13:23:16
11806,2023-09-01,L002,343.96,31.27,312.69,BE-11806,16:47:42
11807,2023-09-01,L003,296.90,26.99,269.91,BE-11807,14:19:02
11808,2023-09-01,L003,524.99,47.73,477.26,BE-11808,13:57:55
11809,2023-09-02,L001,145.07,13.19,131.88,BE-11809,16:47:22
11810,2023-09-02,L001,55.98,5.09,50.89,BE-11810,17:44:27
11811,2023-09-02,L001,424.61,38.60,386.01,BE-11811,11:02:56
11812,2023-09-02,L001,490.41,44.58,445.83,BE-11812,18:35:47
11813,2023-09-02,L003,544.87,49.53,495.34,BE-11813,16:57:54
11814,2023-09-03,L001,520.94,47.36,473.58,BE-11814,16:25:40
11815,2023-09-03,L002,73.25,6.66,66.59,BE-11815,19:05:54
11816,2023-09-03,L002,47.83,4.35,43.48,BE-11816,20:11:07
11817,2023-09-03,L002,178.98,16.27,162.71,BE-11817,15:00:56
11818,2023-09-03,L002,317.03,28.82,288.21,BE-11818,20:47:22
11819,2023-09-03,L003,57.49,5.23,52.26,BE-11819,12:03:34
11820,2023-09-03,L003,399.98,36.36,363.62,BE-11820,12:53:39
11821,2023-09-03,L003,276.00,25.09,250.91,BE-11821,17:30:23
11822,2023-09-04,L001,187.97,17.09,170.88,BE-11822,11:21:43
11823,2023-09-04,L002,393.94,35.81,358.13,BE-11823,14:22:58
11824,2023-09-04,L002,165.30,15.03,150.27,BE-11824,17:24:32
11825,2023-09-04,L002,52.57,4.78,47.79,BE-11825,11:56:18
11826,2023-09-04,L003,148.35,13.49,134.86,BE-11826,18:27:28
11827,2023-09-04,L003,318.03,28.91,289.12,BE-11827,15:09:17
11828,2023-09-04,L003,289.00,26.27,262.73,BE-11828,16:16:04
11829,2023-09-05,L001,391.66,35.61,356.05,BE-11829,14:31:09
11830,2023-09-05,L001,493.52,44.87,448.65,BE-11830,16:39:07
11831,2023-09-05,L003,505.49,45.95,459.54,BE-11831,16:16:44
11832,2023-09-05,L003,57.64,5.24,52.40,BE-11832,10:48:56
11833,2023-09-05,L003,349.60,31.78,317.82,BE-11833,20:02:59
11834,2023-09-05,L003,157.41,14.31,143.10,BE-11834,13:15:58
11835,2023-09-05,L003,54.91,4.99,49.92,BE-11835,18:11:13
11836,2023-09-06,L001,342.89,31.17,311.72,BE-11836,15:37:54
11837,2023-09-06,L001,330.76,30.07,300.69,BE-11837,15:16:06
11838,2023-09-06,L001,361.28,32.84,328.44,BE-11838,17:52:14
11839,2023-09-06,L001,371.58,33.78,337.80,BE-11839,16:32:51
11840,2023-09-06,L001,477.63,43.42,434.21,BE-11840,12:04:11
11841,2023-09-06,L002,397.00,36.09,360.91,BE-11841,19:50:47
11842,2023-09-06,L002,173.62,15.78,157.84,BE-11842,13:37:47
11843,2023-09-06,L002,278.29,25.30,252.99,BE-11843,13:13:22
11844,2023-09-06,L002,383.64,34.88,348.76,BE-11844,10:44:23
11845,2023-09-06,L003,42.00,3.82,38.18,BE-11845,11:11:09
11846,2023-09-06,L003,426.21,38.75,387.46,BE-11846,18:33:43
11847,2023-09-06,L003,257.39,23.40,233.99,BE-11847,17:06:28
11848,2023-09-06,L003,397.65,36.15,361.50,BE-11848,19:29:27
11849,2023-09-06,L003,490.72,44.61,446.11,BE-11849,12:49:57
11850,2023-09-07,L001,72.33,6.58,65.75,BE-11850,20:18:58
11851,2023-09-07,L002,524.28,47.66,476.62,BE-11851,12:15:37
11852,2023-09-07,L002,299.12,27.19,271.93,BE-11852,18:38:25
11853,2023-09-07,L002,388.30,35.30,353.00,BE-11853,16:19:29
11854,2023-09-07,L002,169.82,15.44,154.38,BE-11854,14:02:24
11855,2023-09-07,L002,350.55,31.87,318.68,BE-11855,17:22:19
11856,2023-09-07,L003,85.98,7.82,78.16,BE-11856,13:08:39
11857,2023-09-07,L003,398.57,36.23,362.34,BE-11857,20:49:52
11858,2023-09-08,L001,487.20,44.29,442.91,BE-11858,16:18:32
11859,2023-09-08,L001,153.46,13.95,139.51,BE-11859,20:27:22
11860,2023-09-08,L001,457.63,41.60,416.03,BE-11860,11:52:59
11861,2023-09-08,L001,289.93,26.36,263.57,BE-11861,12:08:13
11862,2023-09-08,L001,123.61,11.24,112.37,BE-11862,15:54:48
11863,2023-09-08,L003,385.52,35.05,350.47,BE-11863,15:05:23
11864,2023-09-08,L003,275.22,25.02,250.20,BE-11864,10:52:53
11865,2023-09-09,L001,281.80,25.62,256.18,BE-11865,13:52:35
11866,2023-09-09,L002,108.54,9.87,98.67,BE-11866,11:26:28
11867,2023-09-09,L002,171.69,15.61,156.08,BE-11867,21:59:55
11868,2023-09-09,L002,141.78,12.89,128.89,BE-11868,18:00:39
11869,2023-09-09,L003,244.70,22.25,222.45,BE-11869,18:36:34
11870,2023-09-10,L001,205.92,18.72,187.20,BE-11870,16:38:59
11871,2023-09-10,L001,192.64,17.51,175.13,BE-11871,15:43:34
11872,2023-09-10,L001,476.39,43.31,433.08,BE-11872,19:54:58
11873,2023-09-10,L001,107.07,9.73,97.34,BE-11873,14:21:53
11874,2023-09-10,L001,168.22,15.29,152.93,BE-11874,10:17:29
11875,2023-09-10,L003,341.63,31.06,310.57,BE-11875,12:27:43
11876,2023-09-10,L003,474.09,43.10,430.99,BE-11876,18:42:39
11877,2023-09-11,L001,339.29,30.84,308.45,BE-11877,21:25:08
11878,2023-09-11,L001,109.24,9.93,99.31,BE-11878,10:22:35
11879,2023-09-11,L002,497.96,45.27,452.69,BE-11879,21:50:22
11880,2023-09-11,L002,149.69,13.61,136.08,BE-11880,18:40:49
11881,2023-09-11,L002,428.31,38.94,389.37,BE-11881,12:07:29
11882,2023-09-11,L002,216.37,19.67,196.70,BE-11882,11:48:00
11883,2023-09-11,L002,49.38,4.49,44.89,BE-11883,12:25:52
11884,2023-09-12,L001,461.04,41.91,419.13,BE-11884,14:22:20
11885,2023-09-12,L002,284.04,25.82,258.22,BE-11885,17:16:44
11886,2023-09-12,L003,505.38,45.94,459.44,BE-11886,16:34:41
11887,2023-09-12,L003,129.29,11.75,117.54,BE-11887,19:24:05
11888,2023-09-12,L003,365.49,33.23,332.26,BE-11888,20:54:26
11889,2023-09-12,L003,372.23,33.84,338.39,BE-11889,19:33:44
11890,2023-09-13,L002,463.84,42.17,421.67,BE-11890,21:06:54
11891,2023-09-13,L002,201.06,18.28,182.78,BE-11891,20:44:07
11892,2023-09-13,L002,100.11,9.10,91.01,BE-11892,17:59:44
11893,2023-09-13,L002,63.26,5.75,57.51,BE-11893,16:35:01
11894,2023-09-13,L002,508.64,46.24,462.40,BE-11894,13:13:30
11895,2023-09-13,L003,225.67,20.52,205.15,BE-11895,10:39:12
11896,2023-09-13,L003,513.28,46.66,466.62,BE-11896,12:43:29
11897,2023-09-13,L003,355.87,32.35,323.52,BE-11897,12:17:58
11898,2023-09-14,L001,535.79,48.71,487.08,BE-11898,14:38:41
11899,2023-09-14,L001,133.08,12.10,120.98,BE-11899,21:51:56
11900,2023-09-14,L001,333.28,30.30,302.98,BE-11900,15:59:22
11901,2023-09-14,L001,440.28,40.03,400.25,BE-11901,15:23:15
11902,2023-09-14,L002,389.76,35.43,354.33,BE-11902,10:08:35
11903,2023-09-14,L002,22.77,2.07,20.70,BE-11903,13:20:52
11904,2023-09-14,L002,491.59,44.69,446.90,BE-11904,20:02:25
11905,2023-09-14,L002,85.68,7.79,77.89,BE-11905,14:16:51
11906,2023-09-14,L003,199.55,18.14,181.41,BE-11906,20:13:43
11907,2023-09-14,L003,274.73,24.98,249.75,BE-11907,19:01:27
11908,2023-09-14,L003,189.74,17.25,172.49,BE-11908,12:01:16
11909,2023-09-15,L002,233.42,21.22,212.20,BE-11909,20:21:25
11910,2023-09-15,L002,232.54,21.14,211.40,BE-11910,11:36:13
11911,2023-09-15,L002,431.49,39.23,392.26,BE-11911,18:11:10
11912,2023-09-15,L002,96.92,8.81,88.11,BE-11912,11:31:32
11913,2023-09-15,L002,168.24,15.29,152.95,BE-11913,15:03:44
11914,2023-09-15,L003,286.18,26.02,260.16,BE-11914,11:00:48
11915,2023-09-15,L003,57.32,5.21,52.11,BE-11915,11:10:07
11916,2023-09-15,L003,529.32,48.12,481.20,BE-11916,14:03:15
11917,2023-09-15,L003,82.50,7.50,75.00,BE-11917,20:03:23
11918,2023-09-16,L001,65.53,5.96,59.57,BE-11918,20:20:53
11919,2023-09-16,L001,339.26,30.84,308.42,BE-11919,16:13:30
11920,2023-09-16,L001,468.99,42.64,426.35,BE-11920,18:31:49
11921,2023-09-16,L001,51.16,4.65,46.51,BE-11921,12:45:39
11922,2023-09-16,L002,426.33,38.76,387.57,BE-11922,19:51:49
11923,2023-09-16,L002,303.39,27.58,275.81,BE-11923,13:50:20
11924,2023-09-16,L002,433.76,39.43,394.33,BE-11924,16:37:27
11925,2023-09-16,L002,129.77,11.80,117.97,BE-11925,21:43:30
11926,2023-09-16,L002,373.85,33.99,339.86,BE-11926,20:46:16
11927,2023-09-16,L003,533.24,48.48,484.76,BE-11927,17:25:18
11928,2023-09-17,L003,281.13,25.56,255.57,BE-11928,18:21:29
11929,2023-09-17,L003,95.44,8.68,86.76,BE-11929,21:41:07
11930,2023-09-17,L003,81.28,7.39,73.89,BE-11930,21:29:41
11931,2023-09-17,L003,76.27,6.93,69.34,BE-11931,21:14:26
11932,2023-09-18,L001,51.52,4.68,46.84,BE-11932,18:03:41
11933,2023-09-18,L001,188.10,17.10,171.00,BE-11933,20:03:35
11934,2023-09-18,L001,331.19,30.11,301.08,BE-11934,20:15:55
11935,2023-09-18,L002,69.78,6.34,63.44,BE-11935,14:47:14
11936,2023-09-18,L002,416.21,37.84,378.37,BE-11936,13:54:13
11937,2023-09-18,L002,133.07,12.10,120.97,BE-11937,18:46:09
11938,2023-09-18,L003,281.94,25.63,256.31,BE-11938,18:02:17
11939,2023-09-19,L001,374.80,34.07,340.73,BE-11939,16:08:11
11940,2023-09-19,L001,208.97,19.00,189.97,BE-11940,17:31:29
11941,2023-09-19,L001,428.05,38.91,389.14,BE-11941,11:49:02
11942,2023-09-19,L001,122.75,11.16,111.59,BE-11942,14:46:41
11943,2023-09-19,L001,346.49,31.50,314.99,BE-11943,15:17:47
11944,2023-09-19,L002,210.08,19.10,190.98,BE-11944,21:28:52
11945,2023-09-19,L002,461.19,41.93,419.26,BE-11945,12:15:12
11946,2023-09-19,L002,497.53,45.23,452.30,BE-11946,18:01:45
11947,2023-09-19,L002,457.82,41.62,416.20,BE-11947,10:13:48
11948,2023-09-19,L002,48.95,4.45,44.50,BE-11948,15:31:16
11949,2023-09-19,L003,446.64,40.60,406.04,BE-11949,13:47:59
11950,2023-09-19,L003,136.05,12.37,123.68,BE-11950,18:38:04
11951,2023-09-19,L003,312.16,28.38,283.78,BE-11951,21:47:19
11952,2023-09-20,L001,149.16,13.56,135.60,BE-11952,10:04:55
11953,2023-09-20,L001,128.36,11.67,116.69,BE-11953,17:00:17
11954,2023-09-20,L001,253.89,23.08,230.81,BE-11954,14:26:53
11955,2023-09-20,L001,313.35,28.49,284.86,BE-11955,11:35:06
11956,2023-09-20,L002,149.80,13.62,136.18,BE-11956,18:45:32
11957,2023-09-20,L003,206.57,18.78,187.79,BE-11957,13:00:59
11958,2023-09-20,L003,398.71,36.25,362.46,BE-11958,16:34:43
11959,2023-09-20,L003,63.84,5.80,58.04,BE-11959,21:07:04
11960,2023-09-21,L001,254.46,23.13,231.33,BE-11960,12:19:14
11961,2023-09-21,L002,132.79,12.07,120.72,BE-11961,13:10:18
11962,2023-09-21,L002,79.96,7.27,72.69,BE-11962,15:54:24
11963,2023-09-21,L002,407.13,37.01,370.12,BE-11963,14:04:12
11964,2023-09-21,L002,267.61,24.33,243.28,BE-11964,21:28:46
11965,2023-09-21,L002,128.34,11.67,116.67,BE-11965,18:47:26
11966,2023-09-21,L003,440.09,40.01,400.08,BE-11966,10:37:23
11967,2023-09-21,L003,376.28,34.21,342.07,BE-11967,11:55:34
11968,2023-09-21,L003,83.45,7.59,75.86,BE-11968,16:28:01
11969,2023-09-21,L003,483.65,43.97,439.68,BE-11969,10:05:43
11970,2023-09-21,L003,169.57,15.42,154.15,BE-11970,19:19:40
11971,2023-09-22,L001,114.21,10.38,103.83,BE-11971,14:36:16
11972,2023-09-22,L001,369.59,33.60,335.99,BE-11972,12:19:00
11973,2023-09-22,L002,35.92,3.27,32.65,BE-11973,18:23:39
11974,2023-09-22,L003,254.37,23.12,231.25,BE-11974,14:50:38
11975,2023-09-22,L003,489.82,44.53,445.29,BE-11975,14:00:05
11976,2023-09-22,L003,54.12,4.92,49.20,BE-11976,19:20:44
11977,2023-09-23,L001,227.17,20.65,206.52,BE-11977,19:18:21
11978,2023-09-23,L002,352.04,32.00,320.04,BE-11978,10:37:27
11979,2023-09-23,L002,80.27,7.30,72.97,BE-11979,15:10:05
11980,2023-09-23,L002,75.05,6.82,68.23,BE-11980,10:54:57
11981,2023-09-23,L002,251.42,22.86,228.56,BE-11981,18:12:46
11982,2023-09-23,L002,426.34,38.76,387.58,BE-11982,18:14:37
11983,2023-09-23,L003,505.70,45.97,459.73,BE-11983,13:21:10
11984,2023-09-23,L003,546.67,49.70,496.97,BE-11984,18:03:21
11985,2023-09-23,L003,327.80,29.80,298.00,BE-11985,18:41:18
11986,2023-09-24,L001,156.72,14.25,142.47,BE-11986,15:50:46
11987,2023-09-24,L003,190.88,17.35,173.53,BE-11987,12:40:47
11988,2023-09-25,L001,278.10,25.28,252.82,BE-11988,20:35:52
11989,2023-09-25,L002,138.85,12.62,126.23,BE-11989,19:42:19
11990,2023-09-25,L002,203.47,18.50,184.97,BE-11990,19:46:32
11991,2023-09-25,L003,62.80,5.71,57.09,BE-11991,14:18:23
11992,2023-09-25,L003,68.52,6.23,62.29,BE-11992,10:56:47
11993,2023-09-25,L003,245.03,22.28,222.75,BE-11993,16:47:40
11994,2023-09-25,L003,184.24,16.75,167.49,BE-11994,17:47:52
11995,2023-09-26,L002,461.56,41.96,419.60,BE-11995,18:32:25
11996,2023-09-26,L002,86.71,7.88,78.83,BE-11996,17:30:41
11997,2023-09-26,L002,420.07,38.19,381.88,BE-11997,19:37:07
11998,2023-09-26,L002,312.00,28.36,283.64,BE-11998,10:09:01
11999,2023-09-26,L002,322.30,29.30,293.00,BE-11999,12:54:26
12000,2023-09-26,L003,184.18,16.74,167.44,BE-12000,17:45:10
12001,2023-09-26,L003,119.20,10.84,108.36,BE-12001,18:51:20
12002,2023-09-26,L003,206.46,18.77,187.69,BE-12002,14:24:13
12003,2023-09-26,L003,234.18,21.29,212.89,BE-12003,12:08:28
12004,2023-09-27,L001,26.43,2.40,24.03,BE-12004,12:55:06
12005,2023-09-27,L001,315.78,28.71,287.07,BE-12005,10:05:48
12006,2023-09-27,L001,244.70,22.25,222.45,BE-12006,14:05:39
12007,2023-09-27,L001,150.72,13.70,137.02,BE-12007,15:51:03
12008,2023-09-27,L001,424.56,38.60,385.96,BE-12008,11:18:53
12009,2023-09-27,L002,48.14,4.38,43.76,BE-12009,19:07:31
12010,2023-09-27,L002,497.08,45.19,451.89,BE-12010,17:14:07
12011,2023-09-27,L002,500.68,45.52,455.16,BE-12011,12:17:05
12012,2023-09-27,L002,31.71,2.88,28.83,BE-12012,12:13:36
12013,2023-09-27,L003,65.81,5.98,59.83,BE-12013,21:33:31
12014,2023-09-27,L003,458.05,41.64,416.41,BE-12014,13:40:15
12015,2023-09-28,L001,390.39,35.49,354.90,BE-12015,20:05:30
12016,2023-09-28,L003,322.18,29.29,292.89,BE-12016,17:37:36
12017,2023-09-28,L003,543.31,49.39,493.92,BE-12017,19:38:20
12018,2023-09-29,L001,26.09,2.37,23.72,BE-12018,12:49:06
12019,2023-09-29,L001,27.67,2.52,25.15,BE-12019,12:53:37
12020,2023-09-29,L002,362.93,32.99,329.94,BE-12020,15:26:02
12021,2023-09-29,L002,175.36,15.94,159.42,BE-12021,17:16:27
12022,2023-09-29,L003,204.34,18.58,185.76,BE-12022,11:10:00
12023,2023-09-29,L003,394.50,35.86,358.64,BE-12023,21:40:44
12024,2023-09-30,L001,276.88,25.17,251.71,BE-12024,11:39:57
12025,2023-09-30,L002,384.44,34.95,349.49,BE-12025,18:13:23
12026,2023-09-30,L002,83.39,7.58,75.81,BE-12026,17:35:40
12027,2023-09-30,L002,329.48,29.95,299.53,BE-12027,19:15:57
12028,2023-09-30,L002,208.66,18.97,189.69,BE-12028,21:54:10
12029,2023-09-30,L003,367.11,33.37,333.74,BE-12029,13:42:22
12030,2023-10-01,L001,227.00,20.64,206.36,BE-12030,19:12:28
12031,2023-10-01,L002,35.22,3.20,32.02,BE-12031,18:04:42
12032,2023-10-01,L002,444.04,40.37,403.67,BE-12032,11:02:04
12033,2023-10-01,L002,281.47,25.59,255.88,BE-12033,13:57:23
12034,2023-10-01,L002,250.86,22.81,228.05,BE-12034,16:21:02
12035,2023-10-01,L003,281.52,25.59,255.93,BE-12035,18:43:58
12036,2023-10-02,L001,103.28,9.39,93.89,BE-12036,10:31:46
12037,2023-10-02,L002,506.26,46.02,460.24,BE-12037,16:44:36
12038,2023-10-02,L002,136.98,12.45,124.53,BE-12038,13:13:49
12039,2023-10-02,L002,481.53,43.78,437.75,BE-12039,17:02:32
12040,2023-10-02,L002,256.67,23.33,233.34,BE-12040,15:08:20
12041,2023-10-02,L002,127.47,11.59,115.88,BE-12041,10:06:39
12042,2023-10-02,L003,529.58,48.14,481.44,BE-12042,10:10:56
12043,2023-10-02,L003,301.96,27.45,274.51,BE-12043,17:48:09
12044,2023-10-02,L003,62.04,5.64,56.40,BE-12044,12:36:06
12045,2023-10-02,L003,177.84,16.17,161.67,BE-12045,14:28:45
12046,2023-10-03,L001,504.81,45.89,458.92,BE-12046,20:08:27
12047,2023-10-03,L001,543.84,49.44,494.40,BE-12047,12:09:41
12048,2023-10-03,L003,93.86,8.53,85.33,BE-12048,14:28:31
12049,2023-10-04,L001,144.11,13.10,131.01,BE-12049,12:59:56
12050,2023-10-04,L001,217.03,19.73,197.30,BE-12050,17:02:31
12051,2023-10-04,L002,537.52,48.87,488.65,BE-12051,15:32:55
12052,2023-10-04,L002,69.25,6.30,62.95,BE-12052,20:07:47
12053,2023-10-04,L002,540.27,49.12,491.15,BE-12053,14:04:26
12054,2023-10-04,L002,412.70,37.52,375.18,BE-12054,21:56:44
12055,2023-10-04,L002,170.57,15.51,155.06,BE-12055,12:53:36
12056,2023-10-04,L003,368.65,33.51,335.14,BE-12056,11:13:15
12057,2023-10-04,L003,404.91,36.81,368.10,BE-12057,10:20:03
12058,2023-10-05,L001,126.38,11.49,114.89,BE-12058,16:26:17
12059,2023-10-05,L001,453.68,41.24,412.44,BE-12059,15:28:24
12060,2023-10-05,L001,484.58,44.05,440.53,BE-12060,21:09:55
12061,2023-10-05,L001,132.26,12.02,120.24,BE-12061,18:49:21
12062,2023-10-05,L002,167.86,15.26,152.60,BE-12062,19:48:02
12063,2023-10-05,L003,394.27,35.84,358.43,BE-12063,17:58:09
12064,2023-10-06,L001,535.65,48.70,486.95,BE-12064,11:44:55
12065,2023-10-06,L002,145.69,13.24,132.45,BE-12065,21:59:57
12066,2023-10-06,L002,535.49,48.68,486.81,BE-12066,10:02:34
12067,2023-10-06,L003,531.66,48.33,483.33,BE-12067,15:27:19
12068,2023-10-06,L003,486.72,44.25,442.47,BE-12068,21:48:33
12069,2023-10-06,L003,56.39,5.13,51.26,BE-12069,17:13:24
12070,2023-10-06,L003,39.23,3.57,35.66,BE-12070,21:14:40
12071,2023-10-07,L001,45.72,4.16,41.56,BE-12071,19:23:26
12072,2023-10-07,L001,543.52,49.41,494.11,BE-12072,18:57:46
12073,2023-10-07,L001,445.57,40.51,405.06,BE-12073,19:12:25
12074,2023-10-07,L002,67.14,6.10,61.04,BE-12074,20:43:19
12075,2023-10-07,L002,163.11,14.83,148.28,BE-12075,12:50:21
12076,2023-10-07,L002,117.59,10.69,106.90,BE-12076,15:32:28
12077,2023-10-07,L002,361.04,32.82,328.22,BE-12077,21:49:23
12078,2023-10-07,L003,418.96,38.09,380.87,BE-12078,11:37:42
12079,2023-10-07,L003,60.40,5.49,54.91,BE-12079,15:38:32
12080,2023-10-07,L003,94.25,8.57,85.68,BE-12080,15:54:54
12081,2023-10-07,L003,135.88,12.35,123.53,BE-12081,13:33:42
12082,2023-10-07,L003,226.54,20.59,205.95,BE-12082,15:09:20
12083,2023-10-08,L001,318.70,28.97,289.73,BE-12083,15:46:09
12084,2023-10-08,L001,447.49,40.68,406.81,BE-12084,11:08:46
12085,2023-10-08,L001,380.83,34.62,346.21,BE-12085,13:09:25
12086,2023-10-08,L001,81.05,7.37,73.68,BE-12086,10:34:01
12087,2023-10-08,L001,229.09,20.83,208.26,BE-12087,10:45:12
12088,2023-10-08,L002,102.74,9.34,93.40,BE-12088,10:51:05
12089,2023-10-08,L002,157.70,14.34,143.36,BE-12089,12:09:29
12090,2023-10-08,L002,262.26,23.84,238.42,BE-12090,18:48:31
12091,2023-10-08,L003,479.38,43.58,435.80,BE-12091,20:41:47
12092,2023-10-08,L003,369.75,33.61,336.14,BE-12092,13:32:16
12093,2023-10-08,L003,33.26,3.02,30.24,BE-12093,14:27:41
12094,2023-10-08,L003,345.46,31.41,314.05,BE-12094,21:15:02
12095,2023-10-09,L002,131.95,12.00,119.95,BE-12095,14:12:56
12096,2023-10-09,L002,157.17,14.29,142.88,BE-12096,17:53:22
12097,2023-10-09,L002,121.09,11.01,110.08,BE-12097,11:45:38
12098,2023-10-09,L003,116.45,10.59,105.86,BE-12098,17:40:52
12099,2023-10-10,L003,547.01,49.73,497.28,BE-12099,14:17:25
12100,2023-10-10,L003,128.35,11.67,116.68,BE-12100,16:49:51
12101,2023-10-11,L001,163.20,14.84,148.36,BE-12101,17:05:02
12102,2023-10-11,L001,77.44,7.04,70.40,BE-12102,19:30:08
12103,2023-10-11,L001,126.35,11.49,114.86,BE-12103,13:44:35
12104,2023-10-11,L001,68.23,6.20,62.03,BE-12104,17:45:34
12105,2023-10-11,L003,474.84,43.17,431.67,BE-12105,17:28:38
12106,2023-10-11,L003,148.07,13.46,134.61,BE-12106,15:44:09
12107,2023-10-12,L001,236.92,21.54,215.38,BE-12107,12:38:10
12108,2023-10-12,L001,359.94,32.72,327.22,BE-12108,14:18:41
12109,2023-10-12,L001,511.71,46.52,465.19,BE-12109,10:03:55
12110,2023-10-12,L003,415.43,37.77,377.66,BE-12110,18:01:27
12111,2023-10-12,L003,254.23,23.11,231.12,BE-12111,11:29:20
12112,2023-10-12,L003,462.45,42.04,420.41,BE-12112,16:35:57
12113,2023-10-12,L003,398.17,36.20,361.97,BE-12113,17:25:04
12114,2023-10-13,L001,112.15,10.20,101.95,BE-12114,21:11:13
12115,2023-10-13,L001,400.72,36.43,364.29,BE-12115,13:24:44
12116,2023-10-13,L001,141.01,12.82,128.19,BE-12116,13:39:42
12117,2023-10-13,L001,316.18,28.74,287.44,BE-12117,12:27:39
12118,2023-10-13,L001,23.96,2.18,21.78,BE-12118,10:34:42
12119,2023-10-13,L003,134.37,12.22,122.15,BE-12119,13:19:14
12120,2023-10-13,L003,247.98,22.54,225.44,BE-12120,13:13:47
12121,2023-10-14,L001,426.64,38.79,387.85,BE-12121,14:36:31
12122,2023-10-14,L001,482.48,43.86,438.62,BE-12122,19:33:56
12123,2023-10-14,L001,359.31,32.66,326.65,BE-12123,12:05:41
12124,2023-10-14,L003,145.65,13.24,132.41,BE-12124,18:45:02
12125,2023-10-15,L001,460.45,41.86,418.59,BE-12125,15:42:22
12126,2023-10-15,L002,422.48,38.41,384.07,BE-12126,12:51:06
12127,2023-10-15,L002,291.51,26.50,265.01,BE-12127,18:52:29
12128,2023-10-15,L002,384.60,34.96,349.64,BE-12128,18:56:22
12129,2023-10-15,L002,158.84,14.44,144.40,BE-12129,13:24:07
12130,2023-10-15,L002,547.46,49.77,497.69,BE-12130,17:29:43
12131,2023-10-16,L002,453.48,41.23,412.25,BE-12131,18:20:33
12132,2023-10-16,L002,272.80,24.80,248.00,BE-12132,17:11:39
12133,2023-10-16,L002,523.33,47.58,475.75,BE-12133,11:37:05
12134,2023-10-16,L002,447.01,40.64,406.37,BE-12134,21:42:38
12135,2023-10-16,L002,22.99,2.09,20.90,BE-12135,16:18:44
12136,2023-10-16,L003,539.97,49.09,490.88,BE-12136,10:16:22
12137,2023-10-16,L003,243.51,22.14,221.37,BE-12137,10:08:23
12138,2023-10-16,L003,156.67,14.24,142.43,BE-12138,20:58:03
12139,2023-10-17,L001,413.20,37.56,375.64,BE-12139,19:13:03
12140,2023-10-17,L001,62.17,5.65,56.52,BE-12140,18:20:02
12141,2023-10-17,L001,51.89,4.72,47.17,BE-12141,16:38:27
12142,2023-10-17,L001,425.05,38.64,386.41,BE-12142,17:30:53
12143,2023-10-17,L001,204.29,18.57,185.72,BE-12143,19:46:27
12144,2023-10-17,L002,469.28,42.66,426.62,BE-12144,10:02:18
12145,2023-10-17,L002,525.38,47.76,477.62,BE-12145,10:12:58
12146,2023-10-17,L002,299.40,27.22,272.18,BE-12146,21:37:13
12147,2023-10-17,L003,76.24,6.93,69.31,BE-12147,19:37:21
12148,2023-10-17,L003,472.76,42.98,429.78,BE-12148,15:11:48
12149,2023-10-17,L003,210.52,19.14,191.38,BE-12149,17:45:36
12150,2023-10-18,L001,499.02,45.37,453.65,BE-12150,15:38:07
12151,2023-10-18,L002,29.25,2.66,26.59,BE-12151,10:01:03
12152,2023-10-18,L003,289.04,26.28,262.76,BE-12152,13:10:32
12153,2023-10-18,L003,256.97,23.36,233.61,BE-12153,14:09:14
12154,2023-10-18,L003,365.53,33.23,332.30,BE-12154,19:11:28
12155,2023-10-19,L001,281.76,25.61,256.15,BE-12155,10:29:09
12156,2023-10-19,L001,99.30,9.03,90.27,BE-12156,11:20:01
12157,2023-10-19,L001,447.06,40.64,406.42,BE-12157,12:48:58
12158,2023-10-19,L001,128.25,11.66,116.59,BE-12158,15:00:29
12159,2023-10-19,L002,188.11,17.10,171.01,BE-12159,17:06:16
12160,2023-10-19,L003,147.77,13.43,134.34,BE-12160,15:02:32
12161,2023-10-19,L003,461.20,41.93,419.27,BE-12161,10:25:19
12162,2023-10-19,L003,141.11,12.83,128.28,BE-12162,16:05:15
12163,2023-10-19,L003,314.73,28.61,286.12,BE-12163,18:45:08
12164,2023-10-19,L003,257.94,23.45,234.49,BE-12164,17:34:19
12165,2023-10-20,L002,192.19,17.47,174.72,BE-12165,21:54:22
12166,2023-10-20,L003,104.61,9.51,95.10,BE-12166,21:33:42
12167,2023-10-20,L003,211.84,19.26,192.58,BE-12167,13:34:29
12168,2023-10-21,L001,327.46,29.77,297.69,BE-12168,10:04:23
12169,2023-10-21,L001,59.49,5.41,54.08,BE-12169,13:59:14
12170,2023-10-21,L001,86.03,7.82,78.21,BE-12170,12:07:38
12171,2023-10-21,L001,102.93,9.36,93.57,BE-12171,17:17:10
12172,2023-10-21,L001,409.93,37.27,372.66,BE-12172,12:50:42
12173,2023-10-21,L002,470.78,42.80,427.98,BE-12173,20:44:10
12174,2023-10-21,L002,251.94,22.90,229.04,BE-12174,19:45:09
12175,2023-10-21,L002,400.80,36.44,364.36,BE-12175,13:16:50
12176,2023-10-21,L003,243.67,22.15,221.52,BE-12176,20:09:18
12177,2023-10-22,L001,22.56,2.05,20.51,BE-12177,13:06:28
12178,2023-10-22,L002,140.84,12.80,128.04,BE-12178,15:53:44
12179,2023-10-22,L002,526.57,47.87,478.70,BE-12179,15:21:26
12180,2023-10-22,L003,358.19,32.56,325.63,BE-12180,16:03:31
12181,2023-10-23,L001,367.70,33.43,334.27,BE-12181,21:20:04
12182,2023-10-23,L001,65.96,6.00,59.96,BE-12182,19:38:44
12183,2023-10-23,L001,77.58,7.05,70.53,BE-12183,12:14:23
12184,2023-10-23,L001,39.04,3.55,35.49,BE-12184,17:34:36
12185,2023-10-23,L002,319.42,29.04,290.38,BE-12185,13:03:38
12186,2023-10-23,L002,199.63,18.15,181.48,BE-12186,18:57:52
12187,2023-10-23,L002,170.43,15.49,154.94,BE-12187,13:09:09
12188,2023-10-23,L002,482.89,43.90,438.99,BE-12188,17:33:50
12189,2023-10-23,L002,417.14,37.92,379.22,BE-12189,21:44:18
12190,2023-10-23,L003,266.31,24.21,242.10,BE-12190,20:06:28
12191,2023-10-23,L003,203.30,18.48,184.82,BE-12191,21:27:08
12192,2023-10-23,L003,303.08,27.55,275.53,BE-12192,16:46:31
12193,2023-10-24,L001,485.36,44.12,441.24,BE-12193,11:35:51
12194,2023-10-24,L001,276.16,25.11,251.05,BE-12194,21:45:59
12195,2023-10-24,L001,203.46,18.50,184.96,BE-12195,13:18:45
12196,2023-10-24,L001,199.98,18.18,181.80,BE-12196,11:11:32
12197,2023-10-24,L002,416.59,37.87,378.72,BE-12197,13:36:05
12198,2023-10-24,L002,463.34,42.12,421.22,BE-12198,21:18:23
12199,2023-10-24,L003,71.06,6.46,64.60,BE-12199,20:27:29
12200,2023-10-24,L003,268.93,24.45,244.48,BE-12200,20:09:03
12201,2023-10-25,L001,214.58,19.51,195.07,BE-12201,17:40:54
12202,2023-10-25,L001,546.77,49.71,497.06,BE-12202,15:32:24
12203,2023-10-25,L001,491.17,44.65,446.52,BE-12203,12:54:05
12204,2023-10-25,L001,161.69,14.70,146.99,BE-12204,10:41:40
12205,2023-10-25,L002,516.76,46.98,469.78,BE-12205,17:03:09
12206,2023-10-25,L002,132.45,12.04,120.41,BE-12206,19:59:11
12207,2023-10-25,L002,429.79,39.07,390.72,BE-12207,17:59:22
12208,2023-10-25,L002,425.99,38.73,387.26,BE-12208,21:01:42
12209,2023-10-25,L002,280.46,25.50,254.96,BE-12209,16:50:32
12210,2023-10-25,L003,69.21,6.29,62.92,BE-12210,10:22:53
12211,2023-10-25,L003,400.63,36.42,364.21,BE-12211,11:48:05
12212,2023-10-26,L001,45.44,4.13,41.31,BE-12212,10:22:41
12213,2023-10-26,L001,400.32,36.39,363.93,BE-12213,19:48:38
12214,2023-10-26,L001,164.05,14.91,149.14,BE-12214,21:29:07
12215,2023-10-26,L003,121.10,11.01,110.09,BE-12215,15:21:37
12216,2023-10-26,L003,149.86,13.62,136.24,BE-12216,14:28:09
12217,2023-10-26,L003,505.08,45.92,459.16,BE-12217,21:22:02
12218,2023-10-26,L003,33.15,3.01,30.14,BE-12218,15:31:44
12219,2023-10-26,L003,226.49,20.59,205.90,BE-12219,14:21:04
12220,2023-10-27,L001,237.20,21.56,215.64,BE-12220,11:47:24
12221,2023-10-27,L002,497.78,45.25,452.53,BE-12221,21:16:29
12222,2023-10-27,L003,481.40,43.76,437.64,BE-12222,15:09:17
12223,2023-10-27,L003,338.60,30.78,307.82,BE-12223,10:42:41
12224,2023-10-28,L001,105.39,9.58,95.81,BE-12224,17:22:48
12225,2023-10-28,L001,195.62,17.78,177.84,BE-12225,12:56:31
12226,2023-10-28,L001,248.14,22.56,225.58,BE-12226,14:27:05
12227,2023-10-28,L001,22.32,2.03,20.29,BE-12227,18:04:46
12228,2023-10-28,L002,506.50,46.05,460.45,BE-12228,15:10:13
12229,2023-10-28,L003,533.23,48.48,484.75,BE-12229,20:06:57
12230,2023-10-29,L001,36.72,3.34,33.38,BE-12230,17:21:21
12231,2023-10-29,L001,392.44,35.68,356.76,BE-12231,20:31:01
12232,2023-10-29,L001,44.92,4.08,40.84,BE-12232,16:49:26
12233,2023-10-29,L001,247.29,22.48,224.81,BE-12233,21:52:12
12234,2023-10-29,L001,83.08,7.55,75.53,BE-12234,13:14:51
12235,2023-10-29,L002,127.31,11.57,115.74,BE-12235,14:31:19
12236,2023-10-29,L002,164.60,14.96,149.64,BE-12236,12:51:40
12237,2023-10-29,L002,384.96,35.00,349.96,BE-12237,19:51:52
12238,2023-10-29,L002,227.88,20.72,207.16,BE-12238,21:25:29
12239,2023-10-29,L002,35.22,3.20,32.02,BE-12239,15:28:37
12240,2023-10-29,L003,308.64,28.06,280.58,BE-12240,15:45:37
12241,2023-10-29,L003,490.75,44.61,446.14,BE-12241,14:50:49
12242,2023-10-29,L003,352.13,32.01,320.12,BE-12242,10:48:51
12243,2023-10-29,L003,288.59,26.24,262.35,BE-12243,15:05:00
12244,2023-10-30,L001,446.56,40.60,405.96,BE-12244,10:18:44
12245,2023-10-30,L001,180.00,16.36,163.64,BE-12245,18:09:36
12246,2023-10-30,L001,260.79,23.71,237.08,BE-12246,15:59:34
12247,2023-10-30,L001,101.79,9.25,92.54,BE-12247,19:16:09
12248,2023-10-30,L002,414.08,37.64,376.44,BE-12248,10:04:57
12249,2023-10-30,L002,341.53,31.05,310.48,BE-12249,14:35:04
12250,2023-10-30,L002,295.27,26.84,268.43,BE-12250,18:54:15
12251,2023-10-30,L003,490.86,44.62,446.24,BE-12251,11:15:22
12252,2023-10-30,L003,129.29,11.75,117.54,BE-12252,18:46:04
12253,2023-10-30,L003,144.58,13.14,131.44,BE-12253,10:22:30
12254,2023-10-31,L001,382.91,34.81,348.10,BE-12254,13:45:45
12255,2023-10-31,L001,352.59,32.05,320.54,BE-12255,17:14:01
12256,2023-10-31,L001,315.21,28.66,286.55,BE-12256,10:47:32
12257,2023-10-31,L003,77.40,7.04,70.36,BE-12257,10:02:34
12258,2023-10-31,L003,350.42,31.86,318.56,BE-12258,21:30:56
12259,2023-10-31,L003,408.73,37.16,371.57,BE-12259,14:56:20
12260,2023-11-01,L001,461.45,41.95,419.50,BE-12260,18:46:28
12261,2023-11-01,L001,132.04,12.00,120.04,BE-12261,12:03:13
12262,2023-11-01,L001,490.04,44.55,445.49,BE-12262,14:29:08
12263,2023-11-01,L001,249.28,22.66,226.62,BE-12263,11:52:56
12264,2023-11-01,L001,154.53,14.05,140.48,BE-12264,21:13:26
12265,2023-11-01,L002,156.02,14.18,141.84,BE-12265,11:23:18
12266,2023-11-01,L002,327.28,29.75,297.53,BE-12266,17:52:26
12267,2023-11-01,L002,303.20,27.56,275.64,BE-12267,10:32:54
12268,2023-11-01,L002,382.15,34.74,347.41,BE-12268,14:35:08
12269,2023-11-01,L003,37.14,3.38,33.76,BE-12269,15:00:23
12270,2023-11-01,L003,263.22,23.93,239.29,BE-12270,10:24:03
12271,2023-11-01,L003,68.50,6.23,62.27,BE-12271,13:51:26
12272,2023-11-01,L003,131.47,11.95,119.52,BE-12272,11:06:36
12273,2023-11-01,L003,301.46,27.41,274.05,BE-12273,17:55:24
12274,2023-11-02,L001,95.38,8.67,86.71,BE-12274,13:51:33
12275,2023-11-02,L001,450.48,40.95,409.53,BE-12275,15:25:36
12276,2023-11-02,L001,356.65,32.42,324.23,BE-12276,16:51:02
12277,2023-11-02,L002,461.79,41.98,419.81,BE-12277,20:27:24
12278,2023-11-02,L002,335.49,30.50,304.99,BE-12278,10:08:48
12279,2023-11-03,L001,526.52,47.87,478.65,BE-12279,13:00:59
12280,2023-11-03,L001,120.37,10.94,109.43,BE-12280,13:05:47
12281,2023-11-03,L001,104.09,9.46,94.63,BE-12281,15:12:22
12282,2023-11-03,L001,197.70,17.97,179.73,BE-12282,11:26:13
12283,2023-11-03,L002,328.14,29.83,298.31,BE-12283,20:37:29
12284,2023-11-03,L003,348.67,31.70,316.97,BE-12284,13:39:46
12285,2023-11-03,L003,220.95,20.09,200.86,BE-12285,18:32:21
12286,2023-11-03,L003,339.15,30.83,308.32,BE-12286,19:29:47
12287,2023-11-03,L003,117.17,10.65,106.52,BE-12287,15:20:57
12288,2023-11-04,L002,451.41,41.04,410.37,BE-12288,13:27:25
12289,2023-11-04,L003,400.29,36.39,363.90,BE-12289,14:46:25
12290,2023-11-05,L001,305.66,27.79,277.87,BE-12290,16:34:13
12291,2023-11-05,L001,282.15,25.65,256.50,BE-12291,10:59:02
12292,2023-11-05,L001,199.29,18.12,181.17,BE-12292,14:51:48
12293,2023-11-05,L002,265.65,24.15,241.50,BE-12293,13:26:56
12294,2023-11-05,L002,371.85,33.80,338.05,BE-12294,21:21:02
12295,2023-11-05,L002,396.37,36.03,360.34,BE-12295,13:02:54
12296,2023-11-05,L003,338.84,30.80,308.04,BE-12296,15:42:22
12297,2023-11-05,L003,241.74,21.98,219.76,BE-12297,21:38:03
12298,2023-11-06,L001,277.28,25.21,252.07,BE-12298,17:33:31
12299,2023-11-06,L001,192.41,17.49,174.92,BE-12299,21:32:26
12300,2023-11-06,L001,543.07,49.37,493.70,BE-12300,21:48:20
12301,2023-11-06,L002,27.92,2.54,25.38,BE-12301,14:27:19
12302,2023-11-06,L002,68.67,6.24,62.43,BE-12302,11:26:16
12303,2023-11-06,L003,35.80,3.25,32.55,BE-12303,11:32:09
12304,2023-11-06,L003,39.09,3.55,35.54,BE-12304,18:27:31
12305,2023-11-06,L003,46.28,4.21,42.07,BE-12305,19:10:25
12306,2023-11-06,L003,270.34,24.58,245.76,BE-12306,17:30:47
12307,2023-11-06,L003,434.36,39.49,394.87,BE-12307,17:40:15
12308,2023-11-07,L001,520.86,47.35,473.51,BE-12308,19:53:14
12309,2023-11-07,L001,98.15,8.92,89.23,BE-12309,11:39:57
12310,2023-11-07,L003,277.08,25.19,251.89,BE-12310,14:38:29
12311,2023-11-07,L003,304.78,27.71,277.07,BE-12311,14:46:06
12312,2023-11-07,L003,500.37,45.49,454.88,BE-12312,20:19:11
12313,2023-11-07,L003,179.50,16.32,163.18,BE-12313,15:57:01
12314,2023-11-08,L001,507.16,46.11,461.05,BE-12314,21:46:31
12315,2023-11-08,L001,106.83,9.71,97.12,BE-12315,19:10:22
12316,2023-11-08,L001,305.66,27.79,277.87,BE-12316,21:34:49
12317,2023-11-08,L001,466.91,42.45,424.46,BE-12317,18:58:34
12318,2023-11-08,L001,433.62,39.42,394.20,BE-12318,21:45:57
12319,2023-11-08,L003,92.73,8.43,84.30,BE-12319,11:35:05
12320,2023-11-08,L003,397.58,36.14,361.44,BE-12320,12:13:24
12321,2023-11-09,L001,195.42,17.77,177.65,BE-12321,11:53:47
12322,2023-11-09,L001,303.75,27.61,276.14,BE-12322,21:36:36
12323,2023-11-09,L001,492.34,44.76,447.58,BE-12323,11:38:46
12324,2023-11-09,L001,70.21,6.38,63.83,BE-12324,18:04:33
12325,2023-11-09,L001,532.20,48.38,483.82,BE-12325,17:56:40
12326,2023-11-09,L002,318.93,28.99,289.94,BE-12326,12:57:37
12327,2023-11-09,L002,257.97,23.45,234.52,BE-12327,19:01:54
12328,2023-11-09,L003,44.41,4.04,40.37,BE-12328,10:04:01
12329,2023-11-10,L001,66.94,6.09,60.85,BE-12329,16:16:30
12330,2023-11-10,L001,151.64,13.79,137.85,BE-12330,10:46:58
12331,2023-11-10,L003,305.29,27.75,277.54,BE-12331,19:38:15
12332,2023-11-11,L001,91.75,8.34,83.41,BE-12332,19:08:34
12333,2023-11-11,L002,414.13,37.65,376.48,BE-12333,17:33:49
12334,2023-11-11,L002,63.16,5.74,57.42,BE-12334,19:22:54
12335,2023-11-11,L002,412.29,37.48,374.81,BE-12335,21:53:23
12336,2023-11-11,L003,41.43,3.77,37.66,BE-12336,16:59:41
12337,2023-11-11,L003,115.03,10.46,104.57,BE-12337,14:06:59
12338,2023-11-11,L003,52.46,4.77,47.69,BE-12338,12:16:41
12339,2023-11-11,L003,153.29,13.94,139.35,BE-12339,13:57:03
12340,2023-11-12,L001,393.38,35.76,357.62,BE-12340,13:01:35
12341,2023-11-12,L001,123.08,11.19,111.89,BE-12341,21:07:16
12342,2023-11-12,L002,152.42,13.86,138.56,BE-12342,16:54:23
12343,2023-11-12,L002,112.84,10.26,102.58,BE-12343,20:24:27
12344,2023-11-12,L003,74.02,6.73,67.29,BE-12344,15:24:56
12345,2023-11-12,L003,460.54,41.87,418.67,BE-12345,21:07:42
12346,2023-11-12,L003,458.81,41.71,417.10,BE-12346,13:08:06
12347,2023-11-12,L003,334.13,30.38,303.75,BE-12347,13:07:38
12348,2023-11-13,L001,451.11,41.01,410.10,BE-12348,17:33:29
12349,2023-11-13,L001,449.67,40.88,408.79,BE-12349,14:01:40
12350,2023-11-13,L001,149.52,13.59,135.93,BE-12350,11:03:08
12351,2023-11-13,L002,208.71,18.97,189.74,BE-12351,17:00:47
12352,2023-11-13,L002,163.00,14.82,148.18,BE-12352,17:19:48
12353,2023-11-13,L002,72.29,6.57,65.72,BE-12353,10:23:14
12354,2023-11-13,L002,240.57,21.87,218.70,BE-12354,21:23:29
12355,2023-11-13,L002,189.53,17.23,172.30,BE-12355,21:16:48
12356,2023-11-13,L003,118.24,10.75,107.49,BE-12356,16:55:30
12357,2023-11-13,L003,497.97,45.27,452.70,BE-12357,15:40:51
12358,2023-11-13,L003,68.77,6.25,62.52,BE-12358,12:12:09
12359,2023-11-14,L001,234.81,21.35,213.46,BE-12359,21:39:27
12360,2023-11-14,L001,250.35,22.76,227.59,BE-12360,19:46:12
12361,2023-11-14,L001,355.64,32.33,323.31,BE-12361,11:39:34
12362,2023-11-14,L001,475.00,43.18,431.82,BE-12362,19:38:39
12363,2023-11-14,L002,472.64,42.97,429.67,BE-12363,20:59:16
12364,2023-11-14,L002,194.89,17.72,177.17,BE-12364,18:36:52
12365,2023-11-14,L002,147.39,13.40,133.99,BE-12365,21:55:55
12366,2023-11-14,L003,508.16,46.20,461.96,BE-12366,15:11:38
12367,2023-11-14,L003,163.47,14.86,148.61,BE-12367,18:32:26
12368,2023-11-15,L001,404.62,36.78,367.84,BE-12368,15:58:26
12369,2023-11-15,L001,241.78,21.98,219.80,BE-12369,10:45:58
12370,2023-11-15,L001,492.72,44.79,447.93,BE-12370,12:43:29
12371,2023-11-15,L002,322.12,29.28,292.84,BE-12371,21:36:32
12372,2023-11-15,L003,202.70,18.43,184.27,BE-12372,14:43:52
12373,2023-11-15,L003,301.16,27.38,273.78,BE-12373,15:29:11
12374,2023-11-15,L003,235.33,21.39,213.94,BE-12374,12:18:57
12375,2023-11-15,L003,327.64,29.79,297.85,BE-12375,10:10:53
12376,2023-11-15,L003,154.75,14.07,140.68,BE-12376,10:47:33
12377,2023-11-16,L001,128.29,11.66,116.63,BE-12377,17:33:15
12378,2023-11-16,L001,201.79,18.34,183.45,BE-12378,15:46:59
12379,2023-11-16,L002,387.66,35.24,352.42,BE-12379,19:41:10
12380,2023-11-16,L002,402.06,36.55,365.51,BE-12380,12:19:16
12381,2023-11-16,L002,59.75,5.43,54.32,BE-12381,16:57:23
12382,2023-11-16,L003,259.48,23.59,235.89,BE-12382,19:09:52
12383,2023-11-16,L003,460.42,41.86,418.56,BE-12383,19:43:51
12384,2023-11-16,L003,95.73,8.70,87.03,BE-12384,20:38:43
12385,2023-11-16,L003,199.89,18.17,181.72,BE-12385,21:40:26
12386,2023-11-17,L001,302.70,27.52,275.18,BE-12386,13:47:52
12387,2023-11-17,L001,379.74,34.52,345.22,BE-12387,20:50:04
12388,2023-11-17,L001,496.56,45.14,451.42,BE-12388,14:14:06
12389,2023-11-17,L001,30.40,2.76,27.64,BE-12389,12:13:03
12390,2023-11-17,L001,276.44,25.13,251.31,BE-12390,20:25:47
12391,2023-11-17,L003,384.88,34.99,349.89,BE-12391,21:26:43
12392,2023-11-18,L001,125.66,11.42,114.24,BE-12392,17:36:23
12393,2023-11-18,L001,434.08,39.46,394.62,BE-12393,16:12:31
12394,2023-11-18,L001,468.30,42.57,425.73,BE-12394,19:53:36
12395,2023-11-19,L001,310.57,28.23,282.34,BE-12395,16:11:45
12396,2023-11-19,L001,409.75,37.25,372.50,BE-12396,16:49:57
12397,2023-11-19,L001,342.85,31.17,311.68,BE-12397,12:09:18
12398,2023-11-19,L001,310.65,28.24,282.41,BE-12398,12:24:11
12399,2023-11-19,L001,291.41,26.49,264.92,BE-12399,11:27:44
12400,2023-11-19,L002,251.06,22.82,228.24,BE-12400,11:53:48
12401,2023-11-19,L002,341.08,31.01,310.07,BE-12401,15:28:58
12402,2023-11-19,L002,340.98,31.00,309.98,BE-12402,11:25:50
12403,2023-11-19,L002,456.30,41.48,414.82,BE-12403,10:34:25
12404,2023-11-19,L002,429.46,39.04,390.42,BE-12404,15:42:04
12405,2023-11-19,L003,480.51,43.68,436.83,BE-12405,10:24:25
12406,2023-11-20,L002,232.72,21.16,211.56,BE-12406,17:09:17
12407,2023-11-20,L003,529.04,48.09,480.95,BE-12407,14:13:14
12408,2023-11-21,L001,30.22,2.75,27.47,BE-12408,17:14:56
12409,2023-11-21,L001,537.72,48.88,488.84,BE-12409,10:57:41
12410,2023-11-21,L001,373.20,33.93,339.27,BE-12410,13:21:37
12411,2023-11-21,L001,548.41,49.86,498.55,BE-12411,15:58:15
12412,2023-11-21,L001,114.48,10.41,104.07,BE-12412,10:31:14
12413,2023-11-21,L002,419.91,38.17,381.74,BE-12413,21:14:08
12414,2023-11-22,L001,243.62,22.15,221.47,BE-12414,14:27:58
12415,2023-11-22,L002,214.81,19.53,195.28,BE-12415,19:06:31
12416,2023-11-22,L002,48.21,4.38,43.83,BE-12416,10:05:53
12417,2023-11-22,L003,323.55,29.41,294.14,BE-12417,15:42:06
12418,2023-11-22,L003,296.46,26.95,269.51,BE-12418,19:46:02
12419,2023-11-22,L003,259.51,23.59,235.92,BE-12419,14:30:42
12420,2023-11-22,L003,63.76,5.80,57.96,BE-12420,12:19:31
12421,2023-11-23,L001,293.63,26.69,266.94,BE-12421,14:50:49
12422,2023-11-23,L002,448.38,40.76,407.62,BE-12422,18:21:44
12423,2023-11-23,L003,233.54,21.23,212.31,BE-12423,19:59:28
12424,2023-11-23,L003,77.76,7.07,70.69,BE-12424,15:08:05
12425,2023-11-23,L003,509.40,46.31,463.09,BE-12425,18:32:19
12426,2023-11-23,L003,484.86,44.08,440.78,BE-12426,21:36:31
12427,2023-11-24,L001,44.85,4.08,40.77,BE-12427,13:34:24
12428,2023-11-24,L001,295.54,26.87,268.67,BE-12428,10:31:31
12429,2023-11-24,L001,531.67,48.33,483.34,BE-12429,13:36:17
12430,2023-11-24,L001,528.69,48.06,480.63,BE-12430,17:05:10
12431,2023-11-24,L001,204.52,18.59,185.93,BE-12431,21:16:42
12432,2023-11-24,L002,368.50,33.50,335.00,BE-12432,19:37:26
12433,2023-11-24,L003,114.97,10.45,104.52,BE-12433,10:45:29
12434,2023-11-24,L003,435.82,39.62,396.20,BE-12434,20:52:05
12435,2023-11-24,L003,347.71,31.61,316.10,BE-12435,10:36:42
12436,2023-11-24,L003,89.03,8.09,80.94,BE-12436,15:24:19
12437,2023-11-24,L003,537.72,48.88,488.84,BE-12437,12:29:05
12438,2023-11-25,L001,75.21,6.84,68.37,BE-12438,11:00:13
12439,2023-11-25,L002,301.34,27.39,273.95,BE-12439,21:15:26
12440,2023-11-25,L002,261.05,23.73,237.32,BE-12440,15:03:21
12441,2023-11-25,L002,45.43,4.13,41.30,BE-12441,10:02:48
12442,2023-11-25,L002,38.36,3.49,34.87,BE-12442,18:03:05
12443,2023-11-25,L002,524.06,47.64,476.42,BE-12443,14:58:34
12444,2023-11-26,L001,537.57,48.87,488.70,BE-12444,20:12:29
12445,2023-11-26,L001,196.39,17.85,178.54,BE-12445,18:37:19
12446,2023-11-26,L002,490.08,44.55,445.53,BE-12446,10:45:22
12447,2023-11-26,L002,376.48,34.23,342.25,BE-12447,14:03:36
12448,2023-11-26,L003,378.64,34.42,344.22,BE-12448,12:38:27
12449,2023-11-27,L001,547.66,49.79,497.87,BE-12449,12:22:51
12450,2023-11-27,L002,285.81,25.98,259.83,BE-12450,14:06:00
12451,2023-11-27,L003,138.74,12.61,126.13,BE-12451,21:32:53
12452,2023-11-27,L003,487.78,44.34,443.44,BE-12452,13:18:30
12453,2023-11-28,L001,72.23,6.57,65.66,BE-12453,21:57:23
12454,2023-11-28,L001,180.39,16.40,163.99,BE-12454,11:32:19
12455,2023-11-28,L002,327.75,29.80,297.95,BE-12455,21:20:35
12456,2023-11-28,L002,154.96,14.09,140.87,BE-12456,17:42:23
12457,2023-11-28,L003,327.28,29.75,297.53,BE-12457,20:20:35
12458,2023-11-29,L001,291.68,26.52,265.16,BE-12458,21:28:29
12459,2023-11-29,L002,447.87,40.72,407.15,BE-12459,21:55:43
12460,2023-11-30,L001,400.81,36.44,364.37,BE-12460,17:57:04
12461,2023-11-30,L001,393.23,35.75,357.48,BE-12461,11:50:57
12462,2023-11-30,L001,157.62,14.33,143.29,BE-12462,16:43:14
12463,2023-11-30,L003,119.66,10.88,108.78,BE-12463,18:37:28
12464,2023-11-30,L003,342.46,31.13,311.33,BE-12464,16:25:30
12465,2023-11-30,L003,257.93,23.45,234.48,BE-12465,11:16:10
12466,2023-11-30,L003,206.48,18.77,187.71,BE-12466,14:47:48
12467,2023-11-30,L003,483.44,43.95,439.49,BE-12467,19:12:33
12468,2023-12-01,L001,27.45,2.50,24.95,BE-12468,18:17:35
12469,2023-12-01,L001,148.63,13.51,135.12,BE-12469,20:56:11
12470,2023-12-01,L001,498.88,45.35,453.53,BE-12470,21:34:23
12471,2023-12-01,L001,91.07,8.28,82.79,BE-12471,19:37:01
12472,2023-12-01,L002,287.01,26.09,260.92,BE-12472,12:16:28
12473,2023-12-01,L002,445.39,40.49,404.90,BE-12473,17:34:03
12474,2023-12-01,L002,192.29,17.48,174.81,BE-12474,21:55:11
12475,2023-12-01,L003,515.42,46.86,468.56,BE-12475,17:19:22
12476,2023-12-01,L003,198.58,18.05,180.53,BE-12476,13:42:54
12477,2023-12-01,L003,148.51,13.50,135.01,BE-12477,13:39:09
12478,2023-12-01,L003,241.97,22.00,219.97,BE-12478,16:00:49
12479,2023-12-01,L003,434.78,39.53,395.25,BE-12479,17:54:37
12480,2023-12-02,L001,323.20,29.38,293.82,BE-12480,16:05:09
12481,2023-12-02,L001,93.61,8.51,85.10,BE-12481,20:17:28
12482,2023-12-02,L001,363.86,33.08,330.78,BE-12482,17:19:03
12483,2023-12-02,L001,386.89,35.17,351.72,BE-12483,20:11:17
12484,2023-12-02,L002,353.28,32.12,321.16,BE-12484,17:39:30
12485,2023-12-02,L003,349.15,31.74,317.41,BE-12485,17:29:32
12486,2023-12-02,L003,359.84,32.71,327.13,BE-12486,14:52:47
12487,2023-12-02,L003,262.96,23.91,239.05,BE-12487,13:13:38
12488,2023-12-02,L003,229.44,20.86,208.58,BE-12488,21:12:01
12489,2023-12-02,L003,382.06,34.73,347.33,BE-12489,10:05:30
12490,2023-12-03,L001,272.70,24.79,247.91,BE-12490,16:59:40
12491,2023-12-03,L002,133.84,12.17,121.67,BE-12491,10:24:35
12492,2023-12-03,L002,49.24,4.48,44.76,BE-12492,19:28:52
12493,2023-12-03,L002,358.52,32.59,325.93,BE-12493,16:43:47
12494,2023-12-03,L002,26.59,2.42,24.17,BE-12494,16:34:15
12495,2023-12-03,L002,524.61,47.69,476.92,BE-12495,19:34:20
12496,2023-12-03,L003,471.22,42.84,428.38,BE-12496,12:42:42
12497,2023-12-03,L003,406.04,36.91,369.13,BE-12497,19:24:13
12498,2023-12-03,L003,33.04,3.00,30.04,BE-12498,15:22:27
12499,2023-12-04,L001,26.76,2.43,24.33,BE-12499,21:25:38
12500,2023-12-04,L002,527.66,47.97,479.69,BE-12500,11:22:19
12501,2023-12-04,L002,332.29,30.21,302.08,BE-12501,19:46:57
12502,2023-12-04,L003,215.90,19.63,196.27,BE-12502,12:34:00
12503,2023-12-04,L003,457.60,41.60,416.00,BE-12503,19:45:44
12504,2023-12-05,L001,55.99,5.09,50.90,BE-12504,19:13:11
12505,2023-12-05,L001,415.73,37.79,377.94,BE-12505,18:55:48
12506,2023-12-05,L002,119.99,10.91,109.08,BE-12506,19:58:25
12507,2023-12-05,L002,250.84,22.80,228.04,BE-12507,10:42:09
12508,2023-12-05,L002,246.03,22.37,223.66,BE-12508,16:22:44
12509,2023-12-05,L002,384.64,34.97,349.67,BE-12509,15:40:48
12510,2023-12-05,L002,485.76,44.16,441.60,BE-12510,19:46:30
12511,2023-12-05,L003,77.72,7.07,70.65,BE-12511,12:14:12
12512,2023-12-05,L003,438.29,39.84,398.45,BE-12512,10:07:53
12513,2023-12-05,L003,327.26,29.75,297.51,BE-12513,21:22:22
12514,2023-12-05,L003,216.11,19.65,196.46,BE-12514,21:35:09
12515,2023-12-06,L001,520.08,47.28,472.80,BE-12515,11:10:48
12516,2023-12-06,L001,543.18,49.38,493.80,BE-12516,11:53:03
12517,2023-12-06,L001,301.01,27.36,273.65,BE-12517,18:17:33
12518,2023-12-06,L001,461.11,41.92,419.19,BE-12518,14:03:28
12519,2023-12-06,L003,477.31,43.39,433.92,BE-12519,14:39:17
12520,2023-12-06,L003,28.84,2.62,26.22,BE-12520,12:23:32
12521,2023-12-06,L003,92.14,8.38,83.76,BE-12521,11:49:18
12522,2023-12-06,L003,174.82,15.89,158.93,BE-12522,19:52:30
12523,2023-12-07,L001,191.25,17.39,173.86,BE-12523,15:10:00
12524,2023-12-07,L002,365.11,33.19,331.92,BE-12524,12:56:21
12525,2023-12-07,L002,230.29,20.94,209.35,BE-12525,20:06:12
12526,2023-12-07,L002,337.93,30.72,307.21,BE-12526,11:02:47
12527,2023-12-07,L002,470.76,42.80,427.96,BE-12527,15:06:02
12528,2023-12-07,L002,125.39,11.40,113.99,BE-12528,11:18:41
12529,2023-12-08,L001,430.11,39.10,391.01,BE-12529,18:17:25
12530,2023-12-08,L001,265.88,24.17,241.71,BE-12530,10:51:36
12531,2023-12-08,L002,270.00,24.55,245.45,BE-12531,17:20:55
12532,2023-12-08,L002,45.43,4.13,41.30,BE-12532,16:03:43
12533,2023-12-08,L002,245.98,22.36,223.62,BE-12533,19:14:48
12534,2023-12-08,L002,320.22,29.11,291.11,BE-12534,12:19:53
12535,2023-12-08,L002,483.56,43.96,439.60,BE-12535,17:41:35
12536,2023-12-08,L003,356.21,32.38,323.83,BE-12536,11:39:55
12537,2023-12-08,L003,52.38,4.76,47.62,BE-12537,12:19:15
12538,2023-12-08,L003,538.71,48.97,489.74,BE-12538,14:52:47
12539,2023-12-08,L003,280.87,25.53,255.34,BE-12539,15:37:00
12540,2023-12-09,L001,374.02,34.00,340.02,BE-12540,21:19:10
12541,2023-12-09,L002,475.22,43.20,432.02,BE-12541,19:13:37
12542,2023-12-09,L003,538.93,48.99,489.94,BE-12542,21:10:44
12543,2023-12-09,L003,288.92,26.27,262.65,BE-12543,10:38:18
12544,2023-12-10,L002,155.41,14.13,141.28,BE-12544,10:39:58
12545,2023-12-10,L002,428.59,38.96,389.63,BE-12545,20:19:02
12546,2023-12-10,L003,517.63,47.06,470.57,BE-12546,11:12:45
12547,2023-12-10,L003,177.07,16.10,160.97,BE-12547,13:45:10
12548,2023-12-10,L003,213.21,19.38,193.83,BE-12548,12:52:49
12549,2023-12-10,L003,286.68,26.06,260.62,BE-12549,13:57:47
12550,2023-12-11,L001,511.51,46.50,465.01,BE-12550,17:40:44
12551,2023-12-11,L001,117.34,10.67,106.67,BE-12551,18:48:18
12552,2023-12-11,L002,68.18,6.20,61.98,BE-12552,17:35:46
12553,2023-12-11,L003,549.08,49.92,499.16,BE-12553,20:01:03
12554,2023-12-11,L003,452.91,41.17,411.74,BE-12554,16:42:22
12555,2023-12-11,L003,53.93,4.90,49.03,BE-12555,20:12:55
12556,2023-12-11,L003,460.99,41.91,419.08,BE-12556,17:58:18
12557,2023-12-11,L003,505.18,45.93,459.25,BE-12557,16:34:09
12558,2023-12-12,L001,55.22,5.02,50.20,BE-12558,16:41:49
12559,2023-12-12,L001,180.11,16.37,163.74,BE-12559,12:24:16
12560,2023-12-12,L001,296.76,26.98,269.78,BE-12560,19:22:40
12561,2023-12-12,L002,407.98,37.09,370.89,BE-12561,19:31:43
12562,2023-12-12,L003,250.10,22.74,227.36,BE-12562,12:58:38
12563,2023-12-13,L001,234.38,21.31,213.07,BE-12563,13:27:34
12564,2023-12-13,L002,367.50,33.41,334.09,BE-12564,11:39:24
12565,2023-12-13,L002,346.80,31.53,315.27,BE-12565,15:23:20
12566,2023-12-13,L003,290.41,26.40,264.01,BE-12566,12:08:12
12567,2023-12-13,L003,480.19,43.65,436.54,BE-12567,10:53:50
12568,2023-12-14,L001,115.74,10.52,105.22,BE-12568,20:07:19
12569,2023-12-14,L001,135.54,12.32,123.22,BE-12569,16:54:24
12570,2023-12-14,L001,523.82,47.62,476.20,BE-12570,20:12:43
12571,2023-12-14,L001,224.81,20.44,204.37,BE-12571,18:58:34
12572,2023-12-14,L001,431.42,39.22,392.20,BE-12572,10:24:59
12573,2023-12-14,L002,91.20,8.29,82.91,BE-12573,10:12:32
12574,2023-12-14,L003,78.71,7.16,71.55,BE-12574,14:12:17
12575,2023-12-14,L003,42.93,3.90,39.03,BE-12575,20:03:29
12576,2023-12-14,L003,84.94,7.72,77.22,BE-12576,11:28:09
12577,2023-12-15,L001,377.64,34.33,343.31,BE-12577,20:44:05
12578,2023-12-15,L001,88.37,8.03,80.34,BE-12578,18:18:18
12579,2023-12-15,L001,413.69,37.61,376.08,BE-12579,13:22:31
12580,2023-12-15,L002,219.41,19.95,199.46,BE-12580,19:02:18
12581,2023-12-15,L002,42.71,3.88,38.83,BE-12581,20:41:09
12582,2023-12-15,L002,341.78,31.07,310.71,BE-12582,12:50:40
12583,2023-12-15,L002,299.88,27.26,272.62,BE-12583,14:20:53
12584,2023-12-15,L002,498.53,45.32,453.21,BE-12584,20:10:44
12585,2023-12-15,L003,434.61,39.51,395.10,BE-12585,16:33:01
12586,2023-12-15,L003,50.90,4.63,46.27,BE-12586,19:01:07
12587,2023-12-15,L003,62.73,5.70,57.03,BE-12587,20:09:11
12588,2023-12-15,L003,437.66,39.79,397.87,BE-12588,13:58:06
12589,2023-12-15,L003,49.97,4.54,45.43,BE-12589,19:31:58
12590,2023-12-16,L001,283.06,25.73,257.33,BE-12590,18:17:58
12591,2023-12-16,L002,124.17,11.29,112.88,BE-12591,11:20:49
12592,2023-12-16,L002,85.98,7.82,78.16,BE-12592,13:29:46
12593,2023-12-16,L002,300.87,27.35,273.52,BE-12593,21:37:25
12594,2023-12-16,L003,184.47,16.77,167.70,BE-12594,21:17:14
12595,2023-12-16,L003,142.99,13.00,129.99,BE-12595,18:12:46
12596,2023-12-16,L003,277.64,25.24,252.40,BE-12596,16:50:04
12597,2023-12-16,L003,94.96,8.63,86.33,BE-12597,15:32:08
12598,2023-12-16,L003,508.30,46.21,462.09,BE-12598,17:25:28
12599,2023-12-17,L002,332.43,30.22,302.21,BE-12599,12:58:45
12600,2023-12-17,L002,218.93,19.90,199.03,BE-12600,14:54:34
12601,2023-12-17,L003,381.48,34.68,346.80,BE-12601,15:37:50
12602,2023-12-17,L003,119.47,10.86,108.61,BE-12602,13:07:10
12603,2023-12-17,L003,89.75,8.16,81.59,BE-12603,16:24:32
12604,2023-12-17,L003,305.38,27.76,277.62,BE-12604,10:17:53
12605,2023-12-17,L003,75.70,6.88,68.82,BE-12605,13:05:19
12606,2023-12-18,L001,448.28,40.75,407.53,BE-12606,21:27:26
12607,2023-12-18,L001,150.83,13.71,137.12,BE-12607,13:00:30
12608,2023-12-18,L001,407.35,37.03,370.32,BE-12608,19:42:25
12609,2023-12-18,L001,363.44,33.04,330.40,BE-12609,13:04:19
12610,2023-12-18,L001,58.62,5.33,53.29,BE-12610,11:53:53
12611,2023-12-18,L002,491.06,44.64,446.42,BE-12611,14:12:06
12612,2023-12-18,L002,357.18,32.47,324.71,BE-12612,16:17:31
12613,2023-12-18,L003,24.29,2.21,22.08,BE-12613,16:00:49
12614,2023-12-19,L001,544.09,49.46,494.63,BE-12614,11:26:48
12615,2023-12-19,L001,76.63,6.97,69.66,BE-12615,17:52:02
12616,2023-12-19,L001,328.65,29.88,298.77,BE-12616,15:41:45
12617,2023-12-19,L002,461.36,41.94,419.42,BE-12617,12:30:47
12618,2023-12-19,L003,75.63,6.88,68.75,BE-12618,19:17:27
12619,2023-12-19,L003,247.53,22.50,225.03,BE-12619,13:07:23
12620,2023-12-19,L003,359.70,32.70,327.00,BE-12620,17:38:51
12621,2023-12-19,L003,142.94,12.99,129.95,BE-12621,16:10:14
12622,2023-12-19,L003,446.69,40.61,406.08,BE-12622,18:15:34
12623,2023-12-20,L002,317.01,28.82,288.19,BE-12623,19:59:09
12624,2023-12-20,L002,536.96,48.81,488.15,BE-12624,20:30:26
12625,2023-12-20,L002,328.92,29.90,299.02,BE-12625,13:21:02
12626,2023-12-20,L002,458.66,41.70,416.96,BE-12626,10:12:20
12627,2023-12-20,L002,325.01,29.55,295.46,BE-12627,12:40:26
12628,2023-12-21,L002,136.11,12.37,123.74,BE-12628,18:04:58
12629,2023-12-21,L002,429.77,39.07,390.70,BE-12629,13:44:24
12630,2023-12-21,L003,222.39,20.22,202.17,BE-12630,21:27:45
12631,2023-12-21,L003,397.52,36.14,361.38,BE-12631,20:45:36
12632,2023-12-21,L003,532.49,48.41,484.08,BE-12632,19:10:09
12633,2023-12-22,L001,430.72,39.16,391.56,BE-12633,18:57:05
12634,2023-12-22,L001,477.24,43.39,433.85,BE-12634,10:39:45
12635,2023-12-22,L001,167.41,15.22,152.19,BE-12635,21:38:02
12636,2023-12-22,L002,334.71,30.43,304.28,BE-12636,15:48:33
12637,2023-12-22,L002,298.13,27.10,271.03,BE-12637,10:09:47
12638,2023-12-22,L002,36.83,3.35,33.48,BE-12638,15:43:02
12639,2023-12-22,L002,531.75,48.34,483.41,BE-12639,18:33:47
12640,2023-12-22,L002,359.07,32.64,326.43,BE-12640,12:02:47
12641,2023-12-22,L003,159.29,14.48,144.81,BE-12641,19:58:07
12642,2023-12-22,L003,73.80,6.71,67.09,BE-12642,12:02:26
12643,2023-12-22,L003,83.07,7.55,75.52,BE-12643,21:39:16
12644,2023-12-22,L003,292.21,26.56,265.65,BE-12644,20:48:00
12645,2023-12-22,L003,320.88,29.17,291.71,BE-12645,17:16:18
12646,2023-12-23,L001,148.94,13.54,135.40,BE-12646,18:26:03
12647,2023-12-23,L001,37.55,3.41,34.14,BE-12647,10:23:30
12648,2023-12-23,L001,418.15,38.01,380.14,BE-12648,20:24:55
12649,2023-12-23,L001,307.20,27.93,279.27,BE-12649,11:58:39
12650,2023-12-23,L002,144.84,13.17,131.67,BE-12650,14:27:08
12651,2023-12-23,L002,244.22,22.20,222.02,BE-12651,10:01:05
12652,2023-12-23,L002,415.95,37.81,378.14,BE-12652,20:26:06
12653,2023-12-23,L002,286.26,26.02,260.24,BE-12653,12:25:45
12654,2023-12-23,L002,528.15,48.01,480.14,BE-12654,10:14:20
12655,2023-12-23,L003,481.24,43.75,437.49,BE-12655,10:52:02
12656,2023-12-23,L003,48.72,4.43,44.29,BE-12656,18:11:40
12657,2023-12-24,L001,64.13,5.83,58.30,BE-12657,15:58:22
12658,2023-12-24,L001,401.38,36.49,364.89,BE-12658,10:29:29
12659,2023-12-24,L001,123.92,11.27,112.65,BE-12659,11:15:57
12660,2023-12-24,L002,403.25,36.66,366.59,BE-12660,17:36:21
12661,2023-12-24,L002,232.73,21.16,211.57,BE-12661,12:48:56
12662,2023-12-24,L003,245.44,22.31,223.13,BE-12662,11:23:37
12663,2023-12-25,L001,477.29,43.39,433.90,BE-12663,17:08:35
12664,2023-12-25,L002,219.22,19.93,199.29,BE-12664,21:54:54
12665,2023-12-25,L002,295.37,26.85,268.52,BE-12665,10:40:48
12666,2023-12-25,L002,335.31,30.48,304.83,BE-12666,19:59:36
12667,2023-12-25,L002,159.86,14.53,145.33,BE-12667,13:44:45
12668,2023-12-25,L003,397.67,36.15,361.52,BE-12668,21:17:54
12669,2023-12-25,L003,197.32,17.94,179.38,BE-12669,16:07:02
12670,2023-12-26,L001,468.19,42.56,425.63,BE-12670,20:09:56
12671,2023-12-26,L001,199.54,18.14,181.40,BE-12671,14:34:10
12672,2023-12-26,L002,302.45,27.50,274.95,BE-12672,14:35:27
12673,2023-12-26,L002,338.44,30.77,307.67,BE-12673,13:25:19
12674,2023-12-26,L003,197.49,17.95,179.54,BE-12674,10:23:58
12675,2023-12-27,L001,129.94,11.81,118.13,BE-12675,12:19:47
12676,2023-12-27,L001,95.65,8.70,86.95,BE-12676,14:36:03
12677,2023-12-27,L002,251.70,22.88,228.82,BE-12677,11:47:53
12678,2023-12-27,L002,544.15,49.47,494.68,BE-12678,13:14:44
12679,2023-12-27,L002,349.61,31.78,317.83,BE-12679,13:48:40
12680,2023-12-27,L002,410.30,37.30,373.00,BE-12680,18:19:11
12681,2023-12-27,L003,355.77,32.34,323.43,BE-12681,19:39:18
12682,2023-12-28,L001,299.95,27.27,272.68,BE-12682,20:14:07
12683,2023-12-28,L001,381.25,34.66,346.59,BE-12683,20:23:33
12684,2023-12-28,L002,309.16,28.11,281.05,BE-12684,12:48:54
12685,2023-12-29,L001,533.52,48.50,485.02,BE-12685,12:37:26
12686,2023-12-29,L003,485.89,44.17,441.72,BE-12686,14:42:03
12687,2023-12-29,L003,44.33,4.03,40.30,BE-12687,21:05:20
12688,2023-12-29,L003,229.25,20.84,208.41,BE-12688,17:26:13
12689,2023-12-29,L003,484.33,44.03,440.30,BE-12689,20:27:07
12690,2023-12-30,L001,255.56,23.23,232.33,BE-12690,17:25:48
12691,2023-12-30,L001,213.33,19.39,193.94,BE-12691,11:12:40
12692,2023-12-30,L002,148.69,13.52,135.17,BE-12692,19:58:28
12693,2023-12-30,L003,344.04,31.28,312.76,BE-12693,14:13:00
12694,2023-12-30,L003,271.08,24.64,246.44,BE-12694,16:02:10
12695,2023-12-30,L003,38.91,3.54,35.37,BE-12695,17:32:20
12696,2023-12-30,L003,188.83,17.17,171.66,BE-12696,15:02:50
12697,2023-12-30,L003,283.64,25.79,257.85,BE-12697,13:13:48
12698,2023-12-31,L001,143.23,13.02,130.21,BE-12698,10:42:57
12699,2023-12-31,L001,60.57,5.51,55.06,BE-12699,12:33:02
12700,2023-12-31,L001,185.92,16.90,169.02,BE-12700,14:50:02
12701,2023-12-31,L001,519.84,47.26,472.58,BE-12701,14:06:39
12702,2023-12-31,L001,290.25,26.39,263.86,BE-12702,19:04:34
12703,2023-12-31,L002,526.88,47.90,478.98,BE-12703,18:43:55
12704,2023-12-31,L002,194.27,17.66,176.61,BE-12704,10:40:33
12705,2023-12-31,L003,458.18,41.65,416.53,BE-12705,10:35:12
12706,2023-12-31,L003,224.16,20.38,203.78,BE-12706,12:41:30
12707,2023-12-31,L003,353.74,32.16,321.58,BE-12707,15:42:20
12708,2024-01-01,L001,320.17,29.11,291.06,BE-12708,11:24:24
12709,2024-01-01,L002,523.15,47.56,475.59,BE-12709,19:08:29
12710,2024-01-01,L002,266.56,24.23,242.33,BE-12710,14:51:49
12711,2024-01-01,L003,529.14,48.10,481.04,BE-12711,12:55:01
12712,2024-01-01,L003,425.36,38.67,386.69,BE-12712,12:23:05
12713,2024-01-01,L003,146.77,13.34,133.43,BE-12713,17:23:51
12714,2024-01-01,L003,383.90,34.90,349.00,BE-12714,17:17:41
12715,2024-01-02,L001,337.25,30.66,306.59,BE-12715,18:38:10
12716,2024-01-02,L001,213.65,19.42,194.23,BE-12716,13:54:58
12717,2024-01-02,L001,46.07,4.19,41.88,BE-12717,17:19:33
12718,2024-01-02,L001,479.29,43.57,435.72,BE-12718,11:00:38
12719,2024-01-02,L001,112.57,10.23,102.34,BE-12719,16:50:31
12720,2024-01-02,L002,289.98,26.36,263.62,BE-12720,20:57:01
12721,2024-01-02,L003,228.04,20.73,207.31,BE-12721,13:44:44
12722,2024-01-02,L003,165.12,15.01,150.11,BE-12722,21:02:29
12723,2024-01-02,L003,410.96,37.36,373.60,BE-12723,10:40:09
12724,2024-01-03,L001,392.16,35.65,356.51,BE-12724,12:06:27
12725,2024-01-03,L001,512.53,46.59,465.94,BE-12725,19:06:33
12726,2024-01-03,L001,385.46,35.04,350.42,BE-12726,12:28:47
12727,2024-01-03,L001,460.49,41.86,418.63,BE-12727,15:25:24
12728,2024-01-03,L002,329.99,30.00,299.99,BE-12728,21:20:42
12729,2024-01-03,L002,331.83,30.17,301.66,BE-12729,18:46:26
12730,2024-01-03,L003,342.75,31.16,311.59,BE-12730,16:09:19
12731,2024-01-03,L003,214.15,19.47,194.68,BE-12731,18:09:37
12732,2024-01-03,L003,299.07,27.19,271.88,BE-12732,19:45:47
12733,2024-01-03,L003,231.63,21.06,210.57,BE-12733,19:59:38
12734,2024-01-04,L002,197.53,17.96,179.57,BE-12734,16:05:27
12735,2024-01-04,L002,240.38,21.85,218.53,BE-12735,19:33:27
12736,2024-01-04,L003,92.96,8.45,84.51,BE-12736,13:05:48
12737,2024-01-04,L003,200.09,18.19,181.90,BE-12737,13:13:48
12738,2024-01-04,L003,453.05,41.19,411.86,BE-12738,13:31:12
12739,2024-01-06,L001,342.69,31.15,311.54,BE-12739,16:14:53
12740,2024-01-06,L001,318.92,28.99,289.93,BE-12740,14:47:19
12741,2024-01-06,L001,156.50,14.23,142.27,BE-12741,20:57:53
12742,2024-01-06,L002,269.54,24.50,245.04,BE-12742,10:41:07
12743,2024-01-06,L002,430.37,39.12,391.25,BE-12743,18:36:16
12744,2024-01-07,L001,532.81,48.44,484.37,BE-12744,16:17:16
12745,2024-01-07,L001,203.78,18.53,185.25,BE-12745,10:31:16
12746,2024-01-07,L002,327.12,29.74,297.38,BE-12746,12:00:53
12747,2024-01-07,L003,443.71,40.34,403.37,BE-12747,12:42:09
12748,2024-01-07,L003,235.93,21.45,214.48,BE-12748,12:18:34
12749,2024-01-07,L003,266.95,24.27,242.68,BE-12749,11:44:10
12750,2024-01-08,L002,236.38,21.49,214.89,BE-12750,12:28:18
12751,2024-01-08,L003,445.92,40.54,405.38,BE-12751,21:04:36
12752,2024-01-09,L001,385.92,35.08,350.84,BE-12752,13:03:54
12753,2024-01-09,L001,369.06,33.55,335.51,BE-12753,13:12:05
12754,2024-01-09,L001,296.80,26.98,269.82,BE-12754,10:00:42
12755,2024-01-09,L002,426.48,38.77,387.71,BE-12755,18:39:28
12756,2024-01-09,L003,133.39,12.13,121.26,BE-12756,20:36:53
12757,2024-01-09,L003,362.61,32.96,329.65,BE-12757,11:42:06
12758,2024-01-10,L002,132.66,12.06,120.60,BE-12758,11:47:51
12759,2024-01-10,L002,49.57,4.51,45.06,BE-12759,15:35:19
12760,2024-01-10,L003,365.82,33.26,332.56,BE-12760,12:35:35
12761,2024-01-10,L003,49.28,4.48,44.80,BE-12761,18:51:10
12762,2024-01-10,L003,352.37,32.03,320.34,BE-12762,12:12:40
12763,2024-01-11,L002,391.93,35.63,356.30,BE-12763,12:17:24
12764,2024-01-11,L002,76.16,6.92,69.24,BE-12764,16:43:58
12765,2024-01-11,L002,280.19,25.47,254.72,BE-12765,20:50:25
12766,2024-01-11,L002,25.43,2.31,23.12,BE-12766,14:43:51
12767,2024-01-11,L003,483.37,43.94,439.43,BE-12767,14:36:56
12768,2024-01-11,L003,447.08,40.64,406.44,BE-12768,15:48:47
12769,2024-01-11,L003,509.39,46.31,463.08,BE-12769,11:18:57
12770,2024-01-12,L001,537.14,48.83,488.31,BE-12770,15:20:06
12771,2024-01-12,L001,372.05,33.82,338.23,BE-12771,19:46:46
12772,2024-01-12,L001,138.07,12.55,125.52,BE-12772,16:50:16
12773,2024-01-12,L001,270.35,24.58,245.77,BE-12773,12:02:14
12774,2024-01-12,L002,358.47,32.59,325.88,BE-12774,12:11:35
12775,2024-01-12,L003,452.72,41.16,411.56,BE-12775,15:42:34
12776,2024-01-12,L003,286.59,26.05,260.54,BE-12776,19:13:40
12777,2024-01-12,L003,357.21,32.47,324.74,BE-12777,10:39:41
12778,2024-01-12,L003,246.57,22.42,224.15,BE-12778,20:40:25
12779,2024-01-12,L003,120.37,10.94,109.43,BE-12779,13:35:55
12780,2024-01-14,L001,142.68,12.97,129.71,BE-12780,21:21:54
12781,2024-01-14,L001,68.66,6.24,62.42,BE-12781,18:25:23
12782,2024-01-14,L002,291.54,26.50,265.04,BE-12782,19:51:23
12783,2024-01-14,L002,65.68,5.97,59.71,BE-12783,21:51:04
12784,2024-01-14,L002,515.03,46.82,468.21,BE-12784,11:54:28
12785,2024-01-14,L002,248.75,22.61,226.14,BE-12785,19:13:50
12786,2024-01-14,L003,144.45,13.13,131.32,BE-12786,14:52:32
12787,2024-01-14,L003,377.15,34.29,342.86,BE-12787,11:27:33
12788,2024-01-14,L003,192.70,17.52,175.18,BE-12788,20:23:43
12789,2024-01-14,L003,133.09,12.10,120.99,BE-12789,15:37:07
12790,2024-01-14,L003,417.52,37.96,379.56,BE-12790,15:54:12
12791,2024-01-15,L001,396.31,36.03,360.28,BE-12791,18:54:05
12792,2024-01-15,L001,138.31,12.57,125.74,BE-12792,21:07:43
12793,2024-01-15,L001,51.76,4.71,47.05,BE-12793,16:51:24
12794,2024-01-15,L002,132.29,12.03,120.26,BE-12794,21:50:06
12795,2024-01-15,L002,246.93,22.45,224.48,BE-12795,11:21:03
12796,2024-01-15,L003,321.64,29.24,292.40,BE-12796,17:08:34
12797,2024-01-15,L003,368.97,33.54,335.43,BE-12797,17:12:42
12798,2024-01-16,L002,70.55,6.41,64.14,BE-12798,12:14:41
12799,2024-01-16,L002,208.73,18.98,189.75,BE-12799,21:17:48
12800,2024-01-16,L002,35.40,3.22,32.18,BE-12800,17:01:48
12801,2024-01-16,L002,155.93,14.18,141.75,BE-12801,18:32:06
12802,2024-01-16,L002,95.00,8.64,86.36,BE-12802,17:48:27
12803,2024-01-16,L003,54.86,4.99,49.87,BE-12803,21:35:03
12804,2024-01-16,L003,41.82,3.80,38.02,BE-12804,16:17:50
12805,2024-01-17,L001,284.94,25.90,259.04,BE-12805,11:50:06
12806,2024-01-17,L002,308.69,28.06,280.63,BE-12806,11:09:44
12807,2024-01-18,L001,366.85,33.35,333.50,BE-12807,17:56:23
12808,2024-01-18,L001,104.29,9.48,94.81,BE-12808,20:09:32
12809,2024-01-18,L002,228.07,20.73,207.34,BE-12809,17:32:50
12810,2024-01-18,L002,322.99,29.36,293.63,BE-12810,11:09:21
12811,2024-01-18,L003,58.77,5.34,53.43,BE-12811,20:11:01
12812,2024-01-18,L003,426.47,38.77,387.70,BE-12812,18:57:25
12813,2024-01-18,L003,22.44,2.04,20.40,BE-12813,17:27:40
12814,2024-01-18,L003,165.76,15.07,150.69,BE-12814,10:52:08
12815,2024-01-18,L003,52.20,4.75,47.45,BE-12815,10:19:41
12816,2024-01-19,L001,51.55,4.69,46.86,BE-12816,21:54:27
12817,2024-01-19,L003,41.87,3.81,38.06,BE-12817,19:33:40
12818,2024-01-19,L003,480.38,43.67,436.71,BE-12818,21:00:02
12819,2024-01-19,L003,544.20,49.47,494.73,BE-12819,12:31:52
12820,2024-01-19,L003,172.58,15.69,156.89,BE-12820,10:39:23
12821,2024-01-19,L003,465.15,42.29,422.86,BE-12821,20:06:42
12822,2024-01-20,L003,269.45,24.50,244.95,BE-12822,19:49:30
12823,2024-01-20,L003,392.11,35.65,356.46,BE-12823,21:15:25
12824,2024-01-20,L003,53.31,4.85,48.46,BE-12824,13:33:41
12825,2024-01-20,L003,439.91,39.99,399.92,BE-12825,15:48:32
12826,2024-01-21,L001,507.33,46.12,461.21,BE-12826,16:48:45
12827,2024-01-21,L001,242.17,22.02,220.15,BE-12827,13:03:48
12828,2024-01-21,L001,242.69,22.06,220.63,BE-12828,11:54:53
12829,2024-01-21,L002,494.04,44.91,449.13,BE-12829,12:39:38
12830,2024-01-22,L001,418.23,38.02,380.21,BE-12830,16:44:02
12831,2024-01-22,L001,299.93,27.27,272.66,BE-12831,19:31:23
12832,2024-01-22,L002,198.06,18.01,180.05,BE-12832,13:15:47
12833,2024-01-22,L002,333.85,30.35,303.50,BE-12833,20:12:26
12834,2024-01-22,L002,421.27,38.30,382.97,BE-12834,11:38:38
12835,2024-01-23,L001,33.92,3.08,30.84,BE-12835,13:19:52
12836,2024-01-23,L001,306.96,27.91,279.05,BE-12836,12:26:35
12837,2024-01-23,L001,311.03,28.28,282.75,BE-12837,16:53:58
12838,2024-01-23,L002,532.74,48.43,484.31,BE-12838,15:55:56
12839,2024-01-23,L002,282.19,25.65,256.54,BE-12839,16:17:00
12840,2024-01-23,L002,486.27,44.21,442.06,BE-12840,18:56:16
12841,2024-01-23,L002,538.56,48.96,489.60,BE-12841,19:58:50
12842,2024-01-23,L002,504.91,45.90,459.01,BE-12842,16:58:36
12843,2024-01-23,L003,277.12,25.19,251.93,BE-12843,18:44:05
12844,2024-01-23,L003,329.30,29.94,299.36,BE-12844,17:00:13
12845,2024-01-23,L003,439.35,39.94,399.41,BE-12845,10:48:07
12846,2024-01-23,L003,486.37,44.22,442.15,BE-12846,10:24:55
12847,2024-01-23,L003,48.31,4.39,43.92,BE-12847,10:21:37
12848,2024-01-24,L002,61.52,5.59,55.93,BE-12848,19:03:13
12849,2024-01-24,L002,197.04,17.91,179.13,BE-12849,13:21:20
12850,2024-01-24,L002,248.81,22.62,226.19,BE-12850,14:25:47
12851,2024-01-24,L003,355.65,32.33,323.32,BE-12851,13:32:46
12852,2024-01-24,L003,319.24,29.02,290.22,BE-12852,11:09:09
12853,2024-01-24,L003,406.80,36.98,369.82,BE-12853,16:58:27
12854,2024-01-24,L003,495.24,45.02,450.22,BE-12854,13:56:24
12855,2024-01-24,L003,323.59,29.42,294.17,BE-12855,11:25:57
12856,2024-01-25,L001,464.73,42.25,422.48,BE-12856,12:21:05
12857,2024-01-25,L001,30.27,2.75,27.52,BE-12857,14:00:05
12858,2024-01-25,L002,350.79,31.89,318.90,BE-12858,11:58:43
12859,2024-01-25,L002,488.42,44.40,444.02,BE-12859,11:21:58
12860,2024-01-25,L003,475.18,43.20,431.98,BE-12860,18:20:43
12861,2024-01-25,L003,148.01,13.46,134.55,BE-12861,11:37:43
12862,2024-01-25,L003,173.13,15.74,157.39,BE-12862,17:41:13
12863,2024-01-26,L001,321.55,29.23,292.32,BE-12863,13:30:57
12864,2024-01-26,L002,283.62,25.78,257.84,BE-12864,16:30:30
12865,2024-01-26,L002,283.05,25.73,257.32,BE-12865,16:19:24
12866,2024-01-26,L002,89.25,8.11,81.14,BE-12866,12:21:30
12867,2024-01-26,L002,365.69,33.24,332.45,BE-12867,20:07:28
12868,2024-01-26,L002,134.87,12.26,122.61,BE-12868,20:28:39
12869,2024-01-26,L003,357.42,32.49,324.93,BE-12869,11:32:49
12870,2024-01-27,L001,131.12,11.92,119.20,BE-12870,11:11:16
12871,2024-01-27,L001,273.84,24.89,248.95,BE-12871,13:42:23
12872,2024-01-27,L001,367.27,33.39,333.88,BE-12872,17:03:31
12873,2024-01-27,L001,174.44,15.86,158.58,BE-12873,20:20:52
12874,2024-01-27,L002,233.18,21.20,211.98,BE-12874,16:47:01
12875,2024-01-27,L002,224.27,20.39,203.88,BE-12875,10:10:43
12876,2024-01-27,L002,261.70,23.79,237.91,BE-12876,13:47:31
12877,2024-01-27,L002,351.00,31.91,319.09,BE-12877,13:06:15
12878,2024-01-28,L001,221.51,20.14,201.37,BE-12878,20:14:02
12879,2024-01-28,L001,121.83,11.08,110.75,BE-12879,19:15:31
12880,2024-01-28,L001,408.90,37.17,371.73,BE-12880,17:33:44
12881,2024-01-28,L002,131.74,11.98,119.76,BE-12881,17:06:43
12882,2024-01-28,L002,428.02,38.91,389.11,BE-12882,14:18:02
12883,2024-01-28,L003,390.90,35.54,355.36,BE-12883,21:39:15
12884,2024-01-28,L003,431.38,39.22,392.16,BE-12884,12:19:00
12885,2024-01-28,L003,436.57,39.69,396.88,BE-12885,12:53:40
12886,2024-01-28,L003,129.92,11.81,118.11,BE-12886,21:00:42
12887,2024-01-28,L003,246.54,22.41,224.13,BE-12887,20:13:56
12888,2024-01-29,L001,214.74,19.52,195.22,BE-12888,13:24:48
12889,2024-01-29,L001,413.47,37.59,375.88,BE-12889,15:29:04
12890,2024-01-29,L001,216.26,19.66,196.60,BE-12890,17:46:06
12891,2024-01-29,L001,209.88,19.08,190.80,BE-12891,13:56:28
12892,2024-01-29,L001,139.87,12.72,127.15,BE-12892,19:19:58
12893,2024-01-29,L003,174.33,15.85,158.48,BE-12893,21:28:44
12894,2024-01-29,L003,250.51,22.77,227.74,BE-12894,18:44:20
12895,2024-01-30,L001,53.57,4.87,48.70,BE-12895,21:30:52
12896,2024-01-30,L001,131.91,11.99,119.92,BE-12896,11:48:27
12897,2024-01-30,L002,237.54,21.59,215.95,BE-12897,15:28:59
12898,2024-01-30,L002,123.45,11.22,112.23,BE-12898,16:26:14
12899,2024-01-30,L002,324.15,29.47,294.68,BE-12899,15:31:17
12900,2024-01-30,L002,418.79,38.07,380.72,BE-12900,14:53:26
12901,2024-01-30,L002,495.11,45.01,450.10,BE-12901,17:38:49
12902,2024-01-30,L003,491.69,44.70,446.99,BE-12902,17:22:47
12903,2024-01-30,L003,536.70,48.79,487.91,BE-12903,15:21:05
12904,2024-01-30,L003,150.01,13.64,136.37,BE-12904,17:15:32
12905,2024-01-30,L003,30.00,2.73,27.27,BE-12905,12:18:02
12906,2024-01-31,L001,209.24,19.02,190.22,BE-12906,18:06:53
12907,2024-01-31,L001,76.88,6.99,69.89,BE-12907,19:33:43
12908,2024-01-31,L003,237.81,21.62,216.19,BE-12908,11:05:48
12909,2024-01-31,L003,253.80,23.07,230.73,BE-12909,18:20:32
12910,2024-02-01,L001,414.18,37.65,376.53,BE-12910,14:16:23
12911,2024-02-01,L001,474.09,43.10,430.99,BE-12911,10:15:28
12912,2024-02-01,L001,386.80,35.16,351.64,BE-12912,13:12:43
12913,2024-02-01,L002,217.44,19.77,197.67,BE-12913,13:57:39
12914,2024-02-01,L002,310.61,28.24,282.37,BE-12914,15:15:54
12915,2024-02-01,L002,247.36,22.49,224.87,BE-12915,17:11:43
12916,2024-02-01,L003,184.84,16.80,168.04,BE-12916,14:15:51
12917,2024-02-02,L002,474.45,43.13,431.32,BE-12917,11:41:30
12918,2024-02-02,L002,177.24,16.11,161.13,BE-12918,20:10:39
12919,2024-02-02,L002,503.81,45.80,458.01,BE-12919,20:27:37
12920,2024-02-02,L003,214.33,19.48,194.85,BE-12920,16:48:32
12921,2024-02-02,L003,163.50,14.86,148.64,BE-12921,17:04:27
12922,2024-02-03,L001,487.81,44.35,443.46,BE-12922,14:12:44
12923,2024-02-03,L001,310.02,28.18,281.84,BE-12923,20:46:14
12924,2024-02-03,L001,508.19,46.20,461.99,BE-12924,19:34:42
12925,2024-02-03,L002,238.39,21.67,216.72,BE-12925,10:50:45
12926,2024-02-03,L002,452.85,41.17,411.68,BE-12926,10:53:28
12927,2024-02-03,L002,247.61,22.51,225.10,BE-12927,16:51:03
12928,2024-02-03,L002,109.85,9.99,99.86,BE-12928,19:59:37
12929,2024-02-03,L003,500.27,45.48,454.79,BE-12929,15:28:30
12930,2024-02-03,L003,78.82,7.17,71.65,BE-12930,13:14:09
12931,2024-02-03,L003,197.99,18.00,179.99,BE-12931,14:19:27
12932,2024-02-03,L003,155.51,14.14,141.37,BE-12932,15:25:16
12933,2024-02-03,L003,524.61,47.69,476.92,BE-12933,21:58:16
12934,2024-02-04,L001,294.44,26.77,267.67,BE-12934,13:36:27
12935,2024-02-04,L001,514.80,46.80,468.00,BE-12935,11:13:38
12936,2024-02-04,L001,205.53,18.68,186.85,BE-12936,11:12:51
12937,2024-02-04,L002,488.90,44.45,444.45,BE-12937,21:57:31
12938,2024-02-04,L002,486.95,44.27,442.68,BE-12938,13:36:13
12939,2024-02-04,L003,429.85,39.08,390.77,BE-12939,13:34:58
12940,2024-02-04,L003,300.66,27.33,273.33,BE-12940,12:26:03
12941,2024-02-04,L003,328.04,29.82,298.22,BE-12941,11:40:44
12942,2024-02-04,L003,360.36,32.76,327.60,BE-12942,11:06:35
12943,2024-02-05,L001,198.48,18.04,180.44,BE-12943,14:56:44
12944,2024-02-05,L001,536.04,48.73,487.31,BE-12944,21:21:36
12945,2024-02-05,L001,271.15,24.65,246.50,BE-12945,13:58:02
12946,2024-02-05,L002,33.41,3.04,30.37,BE-12946,17:16:48
12947,2024-02-05,L002,413.52,37.59,375.93,BE-12947,20:46:09
12948,2024-02-05,L002,30.32,2.76,27.56,BE-12948,17:16:07
12949,2024-02-06,L001,344.40,31.31,313.09,BE-12949,14:13:01
12950,2024-02-06,L002,216.47,19.68,196.79,BE-12950,17:54:13
12951,2024-02-06,L002,516.23,46.93,469.30,BE-12951,15:27:56
12952,2024-02-06,L002,239.80,21.80,218.00,BE-12952,19:02:13
12953,2024-02-06,L002,27.28,2.48,24.80,BE-12953,13:02:23
12954,2024-02-06,L003,410.22,37.29,372.93,BE-12954,18:04:03
12955,2024-02-06,L003,340.01,30.91,309.10,BE-12955,21:00:45
12956,2024-02-07,L001,344.37,31.31,313.06,BE-12956,14:27:40
12957,2024-02-07,L001,250.11,22.74,227.37,BE-12957,13:44:39
12958,2024-02-07,L002,348.54,31.69,316.85,BE-12958,14:53:18
12959,2024-02-07,L002,335.74,30.52,305.22,BE-12959,18:22:41
12960,2024-02-07,L002,36.43,3.31,33.12,BE-12960,20:55:19
12961,2024-02-07,L003,224.79,20.44,204.35,BE-12961,13:43:57
12962,2024-02-08,L001,51.03,4.64,46.39,BE-12962,15:41:15
12963,2024-02-08,L001,503.10,45.74,457.36,BE-12963,21:21:12
12964,2024-02-08,L001,441.46,40.13,401.33,BE-12964,14:03:50
12965,2024-02-08,L001,468.71,42.61,426.10,BE-12965,17:42:25
12966,2024-02-08,L002,83.19,7.56,75.63,BE-12966,16:17:50
12967,2024-02-08,L002,59.79,5.44,54.35,BE-12967,16:37:17
12968,2024-02-08,L003,71.74,6.52,65.22,BE-12968,20:38:55
12969,2024-02-09,L001,98.79,8.98,89.81,BE-12969,10:20:57
12970,2024-02-09,L001,121.17,11.02,110.15,BE-12970,16:20:26
12971,2024-02-09,L001,31.42,2.86,28.56,BE-12971,19:10:09
12972,2024-02-09,L002,527.89,47.99,479.90,BE-12972,12:02:18
12973,2024-02-09,L002,401.91,36.54,365.37,BE-12973,18:33:08
12974,2024-02-09,L002,185.75,16.89,168.86,BE-12974,17:17:40
12975,2024-02-09,L002,505.13,45.92,459.21,BE-12975,11:55:45
12976,2024-02-09,L002,304.25,27.66,276.59,BE-12976,17:08:47
12977,2024-02-10,L001,481.43,43.77,437.66,BE-12977,20:29:54
12978,2024-02-10,L002,383.55,34.87,348.68,BE-12978,16:57:22
12979,2024-02-10,L002,402.61,36.60,366.01,BE-12979,11:04:32
12980,2024-02-10,L002,129.67,11.79,117.88,BE-12980,21:08:23
12981,2024-02-10,L002,484.47,44.04,440.43,BE-12981,12:28:47
12982,2024-02-10,L003,346.46,31.50,314.96,BE-12982,11:38:30
12983,2024-02-10,L003,511.48,46.50,464.98,BE-12983,13:28:27
12984,2024-02-10,L003,163.04,14.82,148.22,BE-12984,10:38:26
12985,2024-02-10,L003,264.63,24.06,240.57,BE-12985,12:21:30
12986,2024-02-10,L003,381.28,34.66,346.62,BE-12986,10:51:21
12987,2024-02-11,L001,538.04,48.91,489.13,BE-12987,13:51:02
12988,2024-02-11,L001,388.83,35.35,353.48,BE-12988,12:34:23
12989,2024-02-11,L001,32.65,2.97,29.68,BE-12989,11:41:55
12990,2024-02-11,L003,259.64,23.60,236.04,BE-12990,11:08:18
12991,2024-02-11,L003,359.81,32.71,327.10,BE-12991,13:43:05
12992,2024-02-11,L003,94.41,8.58,85.83,BE-12992,19:34:57
12993,2024-02-12,L001,374.75,34.07,340.68,BE-12993,10:40:57
12994,2024-02-12,L001,504.71,45.88,458.83,BE-12994,17:50:23
12995,2024-02-12,L001,462.77,42.07,420.70,BE-12995,18:24:19
12996,2024-02-12,L002,409.13,37.19,371.94,BE-12996,14:50:55
12997,2024-02-12,L002,457.67,41.61,416.06,BE-12997,14:30:56
12998,2024-02-12,L003,548.58,49.87,498.71,BE-12998,20:46:23
12999,2024-02-12,L003,229.66,20.88,208.78,BE-12999,19:36:57
13000,2024-02-12,L003,230.42,20.95,209.47,BE-13000,17:55:01
13001,2024-02-13,L002,333.75,30.34,303.41,BE-13001,13:41:58
13002,2024-02-13,L002,456.20,41.47,414.73,BE-13002,18:43:21
13003,2024-02-13,L002,367.39,33.40,333.99,BE-13003,16:33:01
13004,2024-02-13,L002,527.82,47.98,479.84,BE-13004,17:42:01
13005,2024-02-14,L001,458.95,41.72,417.23,BE-13005,10:27:45
13006,2024-02-14,L001,400.16,36.38,363.78,BE-13006,14:55:47
13007,2024-02-14,L001,159.98,14.54,145.44,BE-13007,13:22:02
13008,2024-02-14,L001,90.27,8.21,82.06,BE-13008,17:04:36
13009,2024-02-14,L001,223.71,20.34,203.37,BE-13009,20:38:59
13010,2024-02-15,L002,177.14,16.10,161.04,BE-13010,20:53:56
13011,2024-02-15,L002,79.82,7.26,72.56,BE-13011,21:32:14
13012,2024-02-15,L002,533.90,48.54,485.36,BE-13012,15:25:24
13013,2024-02-15,L002,420.84,38.26,382.58,BE-13013,12:57:59
13014,2024-02-15,L003,73.48,6.68,66.80,BE-13014,12:54:10
13015,2024-02-15,L003,66.29,6.03,60.26,BE-13015,20:00:29
13016,2024-02-15,L003,395.36,35.94,359.42,BE-13016,14:56:56
13017,2024-02-16,L001,129.68,11.79,117.89,BE-13017,14:53:16
13018,2024-02-16,L001,98.67,8.97,89.70,BE-13018,16:58:00
13019,2024-02-16,L002,142.32,12.94,129.38,BE-13019,17:14:04
13020,2024-02-16,L002,413.28,37.57,375.71,BE-13020,17:05:38
13021,2024-02-16,L002,394.31,35.85,358.46,BE-13021,14:19:05
13022,2024-02-17,L001,216.11,19.65,196.46,BE-13022,21:14:34
13023,2024-02-17,L001,213.59,19.42,194.17,BE-13023,18:23:16
13024,2024-02-17,L002,379.13,34.47,344.66,BE-13024,14:35:05
13025,2024-02-17,L002,95.07,8.64,86.43,BE-13025,11:41:08
13026,2024-02-17,L003,403.41,36.67,366.74,BE-13026,16:55:57
13027,2024-02-17,L003,48.92,4.45,44.47,BE-13027,10:13:28
13028,2024-02-17,L003,495.48,45.04,450.44,BE-13028,21:14:45
13029,2024-02-17,L003,475.30,43.21,432.09,BE-13029,18:47:29
13030,2024-02-17,L003,432.20,39.29,392.91,BE-13030,13:26:29
13031,2024-02-18,L002,510.65,46.42,464.23,BE-13031,10:34:43
13032,2024-02-18,L003,480.11,43.65,436.46,BE-13032,11:08:59
13033,2024-02-18,L003,233.62,21.24,212.38,BE-13033,21:46:35
13034,2024-02-19,L001,491.29,44.66,446.63,BE-13034,15:18:46
13035,2024-02-19,L002,201.91,18.36,183.55,BE-13035,19:16:08
13036,2024-02-19,L002,87.16,7.92,79.24,BE-13036,20:36:54
13037,2024-02-19,L002,241.45,21.95,219.50,BE-13037,19:59:16
13038,2024-02-19,L003,229.29,20.84,208.45,BE-13038,15:37:57
13039,2024-02-20,L001,124.26,11.30,112.96,BE-13039,18:52:55
13040,2024-02-20,L002,143.81,13.07,130.74,BE-13040,12:24:20
13041,2024-02-20,L002,525.94,47.81,478.13,BE-13041,15:27:59
13042,2024-02-20,L002,238.41,21.67,216.74,BE-13042,18:46:46
13043,2024-02-20,L003,449.65,40.88,408.77,BE-13043,16:10:38
13044,2024-02-20,L003,410.86,37.35,373.51,BE-13044,18:44:50
13045,2024-02-20,L003,397.71,36.16,361.55,BE-13045,10:55:05
13046,2024-02-21,L001,88.65,8.06,80.59,BE-13046,16:21:21
13047,2024-02-21,L001,454.75,41.34,413.41,BE-13047,19:33:45
13048,2024-02-21,L001,317.69,28.88,288.81,BE-13048,20:56:48
13049,2024-02-21,L002,183.43,16.68,166.75,BE-13049,14:25:25
13050,2024-02-21,L002,153.59,13.96,139.63,BE-13050,16:05:40
13051,2024-02-21,L003,538.64,48.97,489.67,BE-13051,13:29:15
13052,2024-02-21,L003,84.34,7.67,76.67,BE-13052,19:18:04
13053,2024-02-21,L003,182.24,16.57,165.67,BE-13053,13:03:51
13054,2024-02-21,L003,138.22,12.57,125.65,BE-13054,18:17:46
13055,2024-02-22,L001,420.99,38.27,382.72,BE-13055,16:13:54
13056,2024-02-22,L001,424.29,38.57,385.72,BE-13056,18:12:32
13057,2024-02-22,L001,336.05,30.55,305.50,BE-13057,19:43:57
13058,2024-02-22,L001,189.15,17.20,171.95,BE-13058,19:13:58
13059,2024-02-22,L002,148.50,13.50,135.00,BE-13059,20:49:34
13060,2024-02-23,L001,242.18,22.02,220.16,BE-13060,12:59:04
13061,2024-02-23,L001,127.48,11.59,115.89,BE-13061,11:08:08
13062,2024-02-23,L001,390.91,35.54,355.37,BE-13062,17:20:10
13063,2024-02-23,L001,508.82,46.26,462.56,BE-13063,18:03:37
13064,2024-02-23,L003,548.46,49.86,498.60,BE-13064,17:56:36
13065,2024-02-23,L003,26.64,2.42,24.22,BE-13065,18:21:45
13066,2024-02-23,L003,454.63,41.33,413.30,BE-13066,10:30:23
13067,2024-02-24,L001,397.74,36.16,361.58,BE-13067,15:18:45
13068,2024-02-24,L001,371.76,33.80,337.96,BE-13068,18:55:55
13069,2024-02-24,L001,489.18,44.47,444.71,BE-13069,15:57:25
13070,2024-02-24,L001,102.43,9.31,93.12,BE-13070,19:58:24
13071,2024-02-24,L001,505.80,45.98,459.82,BE-13071,20:08:32
13072,2024-02-24,L002,333.60,30.33,303.27,BE-13072,13:40:39
13073,2024-02-24,L003,132.57,12.05,120.52,BE-13073,11:47:56
13074,2024-02-24,L003,295.97,26.91,269.06,BE-13074,12:47:20
13075,2024-02-25,L001,193.72,17.61,176.11,BE-13075,15:26:22
13076,2024-02-25,L001,535.73,48.70,487.03,BE-13076,13:38:00
13077,2024-02-25,L001,490.71,44.61,446.10,BE-13077,12:15:26
13078,2024-02-25,L001,199.62,18.15,181.47,BE-13078,11:55:58
13079,2024-02-25,L001,462.45,42.04,420.41,BE-13079,21:41:39
13080,2024-02-25,L003,131.10,11.92,119.18,BE-13080,17:59:04
13081,2024-02-25,L003,429.28,39.03,390.25,BE-13081,12:59:33
13082,2024-02-26,L001,442.57,40.23,402.34,BE-13082,20:13:45
13083,2024-02-26,L001,511.02,46.46,464.56,BE-13083,20:09:46
13084,2024-02-26,L001,463.47,42.13,421.34,BE-13084,10:41:56
13085,2024-02-27,L001,29.70,2.70,27.00,BE-13085,17:02:18
13086,2024-02-27,L001,167.60,15.24,152.36,BE-13086,20:55:06
13087,2024-02-27,L001,95.13,8.65,86.48,BE-13087,20:21:00
13088,2024-02-27,L001,392.68,35.70,356.98,BE-13088,18:11:54
13089,2024-02-27,L001,512.36,46.58,465.78,BE-13089,19:29:48
13090,2024-02-27,L003,520.19,47.29,472.90,BE-13090,13:57:16
13091,2024-02-27,L003,394.38,35.85,358.53,BE-13091,19:18:29
13092,2024-02-27,L003,510.93,46.45,464.48,BE-13092,19:47:29
13093,2024-02-27,L003,90.30,8.21,82.09,BE-13093,15:18:10
13094,2024-02-28,L001,184.42,16.77,167.65,BE-13094,15:42:57
13095,2024-02-28,L001,246.82,22.44,224.38,BE-13095,15:54:44
13096,2024-02-28,L003,182.77,16.62,166.15,BE-13096,19:09:17
13097,2024-02-28,L003,156.37,14.22,142.15,BE-13097,17:42:09
13098,2024-02-29,L001,242.21,22.02,220.19,BE-13098,14:29:09
13099,2024-02-29,L001,54.98,5.00,49.98,BE-13099,20:06:26
13100,2024-02-29,L002,212.72,19.34,193.38,BE-13100,13:48:10
13101,2024-02-29,L002,120.49,10.95,109.54,BE-13101,15:03:25
13102,2024-02-29,L002,433.99,39.45,394.54,BE-13102,15:10:35
13103,2024-02-29,L002,36.05,3.28,32.77,BE-13103,13:11:45
13104,2024-02-29,L003,142.14,12.92,129.22,BE-13104,17:35:13
13105,2024-02-29,L003,212.34,19.30,193.04,BE-13105,13:20:53
13106,2024-02-29,L003,324.98,29.54,295.44,BE-13106,18:30:32
13107,2024-02-29,L003,460.15,41.83,418.32,BE-13107,11:19:10
13108,2024-02-29,L003,22.81,2.07,20.74,BE-13108,10:20:11
13109,2024-03-01,L001,407.41,37.04,370.37,BE-13109,13:07:32
13110,2024-03-01,L001,298.89,27.17,271.72,BE-13110,12:55:47
13111,2024-03-01,L001,228.70,20.79,207.91,BE-13111,20:01:18
13112,2024-03-01,L001,220.21,20.02,200.19,BE-13112,13:11:05
13113,2024-03-01,L001,219.53,19.96,199.57,BE-13113,18:50:16
13114,2024-03-01,L003,108.30,9.85,98.45,BE-13114,13:27:26
13115,2024-03-01,L003,53.35,4.85,48.50,BE-13115,14:35:22
13116,2024-03-01,L003,295.77,26.89,268.88,BE-13116,18:38:30
13117,2024-03-01,L003,241.48,21.95,219.53,BE-13117,16:58:25
13118,2024-03-02,L001,296.09,26.92,269.17,BE-13118,17:45:45
13119,2024-03-02,L001,142.36,12.94,129.42,BE-13119,17:45:51
13120,2024-03-02,L001,265.35,24.12,241.23,BE-13120,10:13:11
13121,2024-03-02,L002,55.21,5.02,50.19,BE-13121,15:20:20
13122,2024-03-02,L002,133.76,12.16,121.60,BE-13122,19:03:29
13123,2024-03-02,L002,105.95,9.63,96.32,BE-13123,18:18:39
13124,2024-03-02,L002,214.93,19.54,195.39,BE-13124,19:10:23
13125,2024-03-02,L002,113.99,10.36,103.63,BE-13125,11:50:15
13126,2024-03-02,L003,181.11,16.46,164.65,BE-13126,18:55:05
13127,2024-03-02,L003,391.14,35.56,355.58,BE-13127,20:49:48
13128,2024-03-02,L003,173.57,15.78,157.79,BE-13128,11:34:37
13129,2024-03-02,L003,538.12,48.92,489.20,BE-13129,10:50:04
13130,2024-03-03,L001,324.67,29.52,295.15,BE-13130,16:11:43
13131,2024-03-03,L002,342.83,31.17,311.66,BE-13131,13:40:24
13132,2024-03-03,L002,354.84,32.26,322.58,BE-13132,17:35:15
13133,2024-03-03,L002,335.13,30.47,304.66,BE-13133,19:39:00
13134,2024-03-03,L003,254.03,23.09,230.94,BE-13134,17:36:46
13135,2024-03-04,L001,22.36,2.03,20.33,BE-13135,20:19:28
13136,2024-03-04,L001,544.89,49.54,495.35,BE-13136,14:17:35
13137,2024-03-04,L001,198.52,18.05,180.47,BE-13137,16:09:32
13138,2024-03-04,L002,170.04,15.46,154.58,BE-13138,19:10:00
13139,2024-03-04,L002,389.91,35.45,354.46,BE-13139,14:55:10
13140,2024-03-04,L002,164.27,14.93,149.34,BE-13140,12:39:32
13141,2024-03-04,L002,413.03,37.55,375.48,BE-13141,16:04:13
13142,2024-03-04,L003,540.89,49.17,491.72,BE-13142,13:57:33
13143,2024-03-05,L001,344.67,31.33,313.34,BE-13143,15:43:09
13144,2024-03-05,L002,388.29,35.30,352.99,BE-13144,13:53:13
13145,2024-03-05,L002,38.26,3.48,34.78,BE-13145,10:47:53
13146,2024-03-05,L002,474.66,43.15,431.51,BE-13146,14:09:49
13147,2024-03-05,L003,217.16,19.74,197.42,BE-13147,14:38:03
13148,2024-03-05,L003,287.08,26.10,260.98,BE-13148,12:40:54
13149,2024-03-05,L003,172.56,15.69,156.87,BE-13149,13:01:42
13150,2024-03-05,L003,266.00,24.18,241.82,BE-13150,11:59:19
13151,2024-03-06,L001,325.35,29.58,295.77,BE-13151,14:48:46
13152,2024-03-06,L001,79.90,7.26,72.64,BE-13152,20:02:20
13153,2024-03-06,L001,322.71,29.34,293.37,BE-13153,15:51:40
13154,2024-03-06,L001,495.78,45.07,450.71,BE-13154,17:19:22
13155,2024-03-06,L001,467.30,42.48,424.82,BE-13155,21:54:09
13156,2024-03-06,L002,170.57,15.51,155.06,BE-13156,19:02:44
13157,2024-03-06,L002,479.46,43.59,435.87,BE-13157,15:14:27
13158,2024-03-06,L002,415.90,37.81,378.09,BE-13158,13:46:13
13159,2024-03-06,L002,209.58,19.05,190.53,BE-13159,13:25:41
13160,2024-03-06,L003,504.13,45.83,458.30,BE-13160,12:47:03
13161,2024-03-07,L001,546.84,49.71,497.13,BE-13161,14:56:29
13162,2024-03-07,L003,182.48,16.59,165.89,BE-13162,17:18:05
13163,2024-03-07,L003,48.02,4.37,43.65,BE-13163,19:18:55
13164,2024-03-08,L002,148.67,13.52,135.15,BE-13164,12:54:45
13165,2024-03-08,L002,304.63,27.69,276.94,BE-13165,14:37:42
13166,2024-03-08,L002,239.46,21.77,217.69,BE-13166,12:59:18
13167,2024-03-08,L002,408.87,37.17,371.70,BE-13167,16:00:01
13168,2024-03-08,L002,61.37,5.58,55.79,BE-13168,16:26:14
13169,2024-03-08,L003,361.76,32.89,328.87,BE-13169,21:06:06
13170,2024-03-08,L003,84.28,7.66,76.62,BE-13170,14:31:05
13171,2024-03-08,L003,480.74,43.70,437.04,BE-13171,21:12:23
13172,2024-03-08,L003,447.29,40.66,406.63,BE-13172,19:16:22
13173,2024-03-09,L001,35.01,3.18,31.83,BE-13173,15:06:40
13174,2024-03-09,L001,279.82,25.44,254.38,BE-13174,14:41:07
13175,2024-03-09,L001,70.69,6.43,64.26,BE-13175,18:57:15
13176,2024-03-09,L001,238.87,21.72,217.15,BE-13176,17:04:05
13177,2024-03-09,L001,519.83,47.26,472.57,BE-13177,15:14:17
13178,2024-03-10,L001,347.95,31.63,316.32,BE-13178,14:23:43
13179,2024-03-10,L001,358.99,32.64,326.35,BE-13179,21:10:40
13180,2024-03-10,L001,234.69,21.34,213.35,BE-13180,18:43:04
13181,2024-03-10,L002,477.43,43.40,434.03,BE-13181,19:49:15
13182,2024-03-10,L002,283.43,25.77,257.66,BE-13182,16:54:49
13183,2024-03-10,L003,374.15,34.01,340.14,BE-13183,17:58:55
13184,2024-03-10,L003,478.07,43.46,434.61,BE-13184,18:53:09
13185,2024-03-10,L003,302.53,27.50,275.03,BE-13185,16:07:11
13186,2024-03-10,L003,438.96,39.91,399.05,BE-13186,20:29:42
13187,2024-03-10,L003,546.83,49.71,497.12,BE-13187,17:03:49
13188,2024-03-11,L001,369.78,33.62,336.16,BE-13188,18:44:45
13189,2024-03-11,L001,270.30,24.57,245.73,BE-13189,18:14:45
13190,2024-03-11,L001,163.58,14.87,148.71,BE-13190,11:01:57
13191,2024-03-11,L002,38.84,3.53,35.31,BE-13191,17:01:19
13192,2024-03-11,L002,523.00,47.55,475.45,BE-13192,19:44:05
13193,2024-03-11,L002,412.86,37.53,375.33,BE-13193,21:12:02
13194,2024-03-11,L003,269.81,24.53,245.28,BE-13194,12:08:42
13195,2024-03-11,L003,441.49,40.14,401.35,BE-13195,14:58:30
13196,2024-03-12,L002,195.71,17.79,177.92,BE-13196,19:57:18
13197,2024-03-12,L002,223.44,20.31,203.13,BE-13197,14:48:12
13198,2024-03-12,L002,128.04,11.64,116.40,BE-13198,11:04:24
13199,2024-03-12,L003,199.30,18.12,181.18,BE-13199,21:00:23
13200,2024-03-12,L003,457.87,41.62,416.25,BE-13200,19:20:00
13201,2024-03-12,L003,285.47,25.95,259.52,BE-13201,21:39:28
13202,2024-03-12,L003,495.44,45.04,450.40,BE-13202,17:32:08
13203,2024-03-12,L003,83.38,7.58,75.80,BE-13203,15:41:45
13204,2024-03-13,L001,139.16,12.65,126.51,BE-13204,19:59:08
13205,2024-03-13,L001,115.61,10.51,105.10,BE-13205,10:50:25
13206,2024-03-13,L002,528.21,48.02,480.19,BE-13206,13:10:10
13207,2024-03-13,L002,192.73,17.52,175.21,BE-13207,13:51:27
13208,2024-03-13,L003,379.02,34.46,344.56,BE-13208,13:39:31
13209,2024-03-14,L001,58.45,5.31,53.14,BE-13209,11:52:53
13210,2024-03-14,L002,25.51,2.32,23.19,BE-13210,10:42:35
13211,2024-03-14,L002,482.74,43.89,438.85,BE-13211,14:13:19
13212,2024-03-14,L002,408.65,37.15,371.50,BE-13212,18:30:14
13213,2024-03-14,L002,469.58,42.69,426.89,BE-13213,11:50:44
13214,2024-03-14,L003,432.84,39.35,393.49,BE-13214,17:38:02
13215,2024-03-15,L001,525.14,47.74,477.40,BE-13215,12:05:07
13216,2024-03-15,L001,321.51,29.23,292.28,BE-13216,21:17:55
13217,2024-03-15,L001,443.75,40.34,403.41,BE-13217,13:15:15
13218,2024-03-15,L002,476.04,43.28,432.76,BE-13218,17:56:04
13219,2024-03-15,L003,395.68,35.97,359.71,BE-13219,16:37:44
13220,2024-03-15,L003,170.47,15.50,154.97,BE-13220,16:06:22
13221,2024-03-15,L003,41.38,3.76,37.62,BE-13221,16:48:05
13222,2024-03-15,L003,108.55,9.87,98.68,BE-13222,20:33:21
13223,2024-03-16,L001,326.57,29.69,296.88,BE-13223,15:21:09
13224,2024-03-16,L001,26.81,2.44,24.37,BE-13224,18:50:35
13225,2024-03-16,L002,425.62,38.69,386.93,BE-13225,12:44:21
13226,2024-03-16,L002,274.65,24.97,249.68,BE-13226,16:34:38
13227,2024-03-17,L001,462.46,42.04,420.42,BE-13227,10:14:37
13228,2024-03-17,L002,254.87,23.17,231.70,BE-13228,10:39:10
13229,2024-03-17,L002,281.95,25.63,256.32,BE-13229,18:30:30
13230,2024-03-17,L002,443.37,40.31,403.06,BE-13230,14:09:06
13231,2024-03-17,L002,74.43,6.77,67.66,BE-13231,20:16:48
13232,2024-03-18,L002,219.59,19.96,199.63,BE-13232,21:19:35
13233,2024-03-18,L003,143.18,13.02,130.16,BE-13233,17:53:54
13234,2024-03-18,L003,450.24,40.93,409.31,BE-13234,12:41:36
13235,2024-03-18,L003,70.59,6.42,64.17,BE-13235,12:55:27
13236,2024-03-18,L003,465.91,42.36,423.55,BE-13236,10:09:08
13237,2024-03-18,L003,61.15,5.56,55.59,BE-13237,16:42:49
13238,2024-03-19,L001,85.95,7.81,78.14,BE-13238,15:49:36
13239,2024-03-19,L001,311.84,28.35,283.49,BE-13239,17:16:18
13240,2024-03-19,L001,405.94,36.90,369.04,BE-13240,17:18:45
13241,2024-03-19,L001,515.00,46.82,468.18,BE-13241,11:41:09
13242,2024-03-19,L001,350.98,31.91,319.07,BE-13242,20:14:56
13243,2024-03-19,L002,48.50,4.41,44.09,BE-13243,14:38:28
13244,2024-03-19,L002,268.84,24.44,244.40,BE-13244,19:56:16
13245,2024-03-19,L002,421.38,38.31,383.07,BE-13245,14:01:53
13246,2024-03-19,L003,110.21,10.02,100.19,BE-13246,21:43:54
13247,2024-03-20,L001,428.53,38.96,389.57,BE-13247,21:32:46
13248,2024-03-20,L001,513.23,46.66,466.57,BE-13248,10:32:04
13249,2024-03-20,L002,80.35,7.30,73.05,BE-13249,19:12:26
13250,2024-03-20,L002,520.37,47.31,473.06,BE-13250,11:09:38
13251,2024-03-20,L002,71.14,6.47,64.67,BE-13251,13:39:31
13252,2024-03-21,L002,230.52,20.96,209.56,BE-13252,17:40:18
13253,2024-03-21,L002,434.46,39.50,394.96,BE-13253,19:23:47
13254,2024-03-21,L003,225.74,20.52,205.22,BE-13254,20:26:35
13255,2024-03-21,L003,205.81,18.71,187.10,BE-13255,19:26:57
13256,2024-03-21,L003,549.60,49.96,499.64,BE-13256,21:34:01
13257,2024-03-22,L001,371.96,33.81,338.15,BE-13257,19:02:32
13258,2024-03-22,L001,497.28,45.21,452.07,BE-13258,17:31:20
13259,2024-03-22,L001,439.01,39.91,399.10,BE-13259,13:03:02
13260,2024-03-22,L002,388.42,35.31,353.11,BE-13260,21:13:58
13261,2024-03-22,L002,412.21,37.47,374.74,BE-13261,11:34:33
13262,2024-03-22,L002,97.65,8.88,88.77,BE-13262,19:08:45
13263,2024-03-22,L002,53.91,4.90,49.01,BE-13263,21:19:18
13264,2024-03-22,L002,409.23,37.20,372.03,BE-13264,21:27:16
13265,2024-03-22,L003,42.09,3.83,38.26,BE-13265,18:46:08
13266,2024-03-22,L003,450.10,40.92,409.18,BE-13266,10:30:19
13267,2024-03-23,L001,254.06,23.10,230.96,BE-13267,14:04:28
13268,2024-03-23,L001,187.92,17.08,170.84,BE-13268,20:23:28
13269,2024-03-23,L002,315.04,28.64,286.40,BE-13269,17:39:36
13270,2024-03-23,L003,291.98,26.54,265.44,BE-13270,12:49:32
13271,2024-03-24,L001,23.06,2.10,20.96,BE-13271,12:35:05
13272,2024-03-24,L001,436.31,39.66,396.65,BE-13272,14:11:05
13273,2024-03-24,L001,22.46,2.04,20.42,BE-13273,20:13:07
13274,2024-03-24,L001,316.33,28.76,287.57,BE-13274,16:38:58
13275,2024-03-24,L002,520.10,47.28,472.82,BE-13275,13:21:50
13276,2024-03-25,L001,492.64,44.79,447.85,BE-13276,14:15:10
13277,2024-03-25,L002,131.49,11.95,119.54,BE-13277,20:56:47
13278,2024-03-25,L002,331.58,30.14,301.44,BE-13278,16:17:11
13279,2024-03-25,L002,286.54,26.05,260.49,BE-13279,15:46:53
13280,2024-03-25,L002,425.94,38.72,387.22,BE-13280,16:49:23
13281,2024-03-26,L001,196.01,17.82,178.19,BE-13281,13:50:17
13282,2024-03-26,L001,258.68,23.52,235.16,BE-13282,16:46:29
13283,2024-03-26,L001,549.97,50.00,499.97,BE-13283,21:54:59
13284,2024-03-26,L001,379.43,34.49,344.94,BE-13284,20:30:58
13285,2024-03-26,L002,81.27,7.39,73.88,BE-13285,19:27:27
13286,2024-03-26,L002,222.66,20.24,202.42,BE-13286,17:13:19
13287,2024-03-26,L002,108.76,9.89,98.87,BE-13287,13:55:38
13288,2024-03-26,L003,207.31,18.85,188.46,BE-13288,16:50:37
13289,2024-03-27,L001,128.34,11.67,116.67,BE-13289,12:08:37
13290,2024-03-27,L002,379.17,34.47,344.70,BE-13290,13:45:43
13291,2024-03-27,L002,433.80,39.44,394.36,BE-13291,13:18:48
13292,2024-03-27,L003,57.31,5.21,52.10,BE-13292,17:48:22
13293,2024-03-28,L001,226.15,20.56,205.59,BE-13293,11:57:29
13294,2024-03-28,L002,93.24,8.48,84.76,BE-13294,19:44:54
13295,2024-03-28,L002,211.24,19.20,192.04,BE-13295,21:45:57
13296,2024-03-28,L002,254.57,23.14,231.43,BE-13296,14:07:27
13297,2024-03-28,L002,334.14,30.38,303.76,BE-13297,14:22:25
13298,2024-03-28,L003,457.78,41.62,416.16,BE-13298,19:09:56
13299,2024-03-28,L003,88.85,8.08,80.77,BE-13299,20:35:36
13300,2024-03-29,L001,218.59,19.87,198.72,BE-13300,18:48:08
13301,2024-03-29,L001,313.70,28.52,285.18,BE-13301,17:31:56
13302,2024-03-29,L001,351.93,31.99,319.94,BE-13302,12:26:12
13303,2024-03-29,L002,57.08,5.19,51.89,BE-13303,15:09:17
13304,2024-03-29,L002,109.35,9.94,99.41,BE-13304,12:17:33
13305,2024-03-29,L002,160.33,14.58,145.75,BE-13305,13:45:02
13306,2024-03-29,L002,448.90,40.81,408.09,BE-13306,18:37:17
13307,2024-03-29,L002,501.49,45.59,455.90,BE-13307,16:30:37
13308,2024-03-30,L002,241.70,21.97,219.73,BE-13308,17:22:46
13309,2024-03-30,L002,22.46,2.04,20.42,BE-13309,16:35:47
13310,2024-03-30,L002,272.21,24.75,247.46,BE-13310,10:58:24
13311,2024-03-30,L002,362.99,33.00,329.99,BE-13311,21:55:21
13312,2024-03-30,L002,543.60,49.42,494.18,BE-13312,15:33:32
13313,2024-03-31,L001,444.74,40.43,404.31,BE-13313,17:26:55
13314,2024-03-31,L001,167.07,15.19,151.88,BE-13314,14:28:43
13315,2024-03-31,L001,228.24,20.75,207.49,BE-13315,20:06:33
13316,2024-03-31,L001,239.81,21.80,218.01,BE-13316,18:23:13
13317,2024-03-31,L002,538.46,48.95,489.51,BE-13317,17:56:17
13318,2024-03-31,L002,169.73,15.43,154.30,BE-13318,10:42:57
13319,2024-04-01,L001,462.14,42.01,420.13,BE-13319,11:57:51
13320,2024-04-01,L001,460.81,41.89,418.92,BE-13320,10:35:53
13321,2024-04-01,L001,87.01,7.91,79.10,BE-13321,10:41:10
13322,2024-04-01,L001,417.69,37.97,379.72,BE-13322,11:13:46
13323,2024-04-01,L003,462.23,42.02,420.21,BE-13323,10:53:33
13324,2024-04-01,L003,526.17,47.83,478.34,BE-13324,13:45:10
13325,2024-04-02,L001,128.10,11.65,116.45,BE-13325,15:31:37
13326,2024-04-02,L001,143.78,13.07,130.71,BE-13326,16:43:20
13327,2024-04-02,L001,139.33,12.67,126.66,BE-13327,18:57:37
13328,2024-04-02,L001,366.54,33.32,333.22,BE-13328,15:32:08
13329,2024-04-02,L001,514.47,46.77,467.70,BE-13329,19:57:25
13330,2024-04-02,L002,159.44,14.49,144.95,BE-13330,18:52:45
13331,2024-04-02,L002,129.47,11.77,117.70,BE-13331,16:51:40
13332,2024-04-02,L002,278.34,25.30,253.04,BE-13332,21:56:15
13333,2024-04-02,L002,288.20,26.20,262.00,BE-13333,21:57:45
13334,2024-04-02,L002,233.20,21.20,212.00,BE-13334,20:02:12
13335,2024-04-03,L001,27.79,2.53,25.26,BE-13335,19:48:21
13336,2024-04-03,L001,121.98,11.09,110.89,BE-13336,10:36:53
13337,2024-04-03,L002,70.64,6.42,64.22,BE-13337,20:34:57
13338,2024-04-03,L002,64.44,5.86,58.58,BE-13338,18:50:13
13339,2024-04-03,L002,182.63,16.60,166.03,BE-13339,15:42:10
13340,2024-04-03,L003,149.51,13.59,135.92,BE-13340,21:52:45
13341,2024-04-04,L001,548.16,49.83,498.33,BE-13341,14:18:24
13342,2024-04-04,L001,455.83,41.44,414.39,BE-13342,21:41:00
13343,2024-04-04,L001,407.54,37.05,370.49,BE-13343,15:50:25
13344,2024-04-04,L001,55.12,5.01,50.11,BE-13344,12:49:27
13345,2024-04-04,L003,396.64,36.06,360.58,BE-13345,20:38:21
13346,2024-04-04,L003,91.06,8.28,82.78,BE-13346,20:15:57
13347,2024-04-04,L003,437.32,39.76,397.56,BE-13347,10:25:26
13348,2024-04-04,L003,36.81,3.35,33.46,BE-13348,12:12:17
13349,2024-04-04,L003,88.93,8.08,80.85,BE-13349,20:40:37
13350,2024-04-05,L001,529.06,48.10,480.96,BE-13350,18:59:47
13351,2024-04-05,L002,498.26,45.30,452.96,BE-13351,15:36:59
13352,2024-04-05,L002,529.29,48.12,481.17,BE-13352,20:41:35
13353,2024-04-05,L003,472.65,42.97,429.68,BE-13353,16:06:05
13354,2024-04-06,L001,342.57,31.14,311.43,BE-13354,20:49:15
13355,2024-04-06,L002,485.33,44.12,441.21,BE-13355,21:57:40
13356,2024-04-06,L002,241.18,21.93,219.25,BE-13356,12:13:18
13357,2024-04-06,L002,139.34,12.67,126.67,BE-13357,17:38:59
13358,2024-04-06,L002,191.22,17.38,173.84,BE-13358,21:28:57
13359,2024-04-07,L001,219.70,19.97,199.73,BE-13359,20:31:37
13360,2024-04-07,L001,474.72,43.16,431.56,BE-13360,16:07:11
13361,2024-04-07,L003,541.95,49.27,492.68,BE-13361,20:14:29
13362,2024-04-07,L003,413.12,37.56,375.56,BE-13362,21:09:26
13363,2024-04-07,L003,543.02,49.37,493.65,BE-13363,11:23:02
13364,2024-04-07,L003,67.66,6.15,61.51,BE-13364,20:26:38
13365,2024-04-07,L003,206.65,18.79,187.86,BE-13365,10:29:33
13366,2024-04-08,L001,362.09,32.92,329.17,BE-13366,16:16:41
13367,2024-04-08,L001,429.95,39.09,390.86,BE-13367,15:56:28
13368,2024-04-08,L001,136.71,12.43,124.28,BE-13368,15:53:13
13369,2024-04-08,L001,148.53,13.50,135.03,BE-13369,11:32:42
13370,2024-04-08,L002,226.79,20.62,206.17,BE-13370,17:59:38
13371,2024-04-08,L002,168.89,15.35,153.54,BE-13371,15:14:55
13372,2024-04-08,L002,188.63,17.15,171.48,BE-13372,21:39:06
13373,2024-04-08,L002,334.90,30.45,304.45,BE-13373,11:32:25
13374,2024-04-08,L003,514.15,46.74,467.41,BE-13374,10:34:48
13375,2024-04-09,L001,505.60,45.96,459.64,BE-13375,11:01:33
13376,2024-04-09,L001,285.90,25.99,259.91,BE-13376,21:32:25
13377,2024-04-09,L003,94.77,8.62,86.15,BE-13377,20:25:54
13378,2024-04-09,L003,331.11,30.10,301.01,BE-13378,21:13:27
13379,2024-04-09,L003,142.60,12.96,129.64,BE-13379,20:41:09
13380,2024-04-09,L003,199.28,18.12,181.16,BE-13380,13:56:53
13381,2024-04-10,L001,76.36,6.94,69.42,BE-13381,17:28:09
13382,2024-04-10,L001,318.21,28.93,289.28,BE-13382,10:05:24
13383,2024-04-10,L001,160.58,14.60,145.98,BE-13383,19:06:34
13384,2024-04-10,L001,433.38,39.40,393.98,BE-13384,15:06:09
13385,2024-04-10,L002,67.74,6.16,61.58,BE-13385,10:15:00
13386,2024-04-10,L002,493.36,44.85,448.51,BE-13386,19:34:04
13387,2024-04-10,L002,340.61,30.96,309.65,BE-13387,21:11:02
13388,2024-04-10,L002,140.70,12.79,127.91,BE-13388,17:47:51
13389,2024-04-10,L003,313.65,28.51,285.14,BE-13389,18:07:10
13390,2024-04-10,L003,268.63,24.42,244.21,BE-13390,21:26:07
13391,2024-04-10,L003,374.50,34.05,340.45,BE-13391,20:08:19
13392,2024-04-11,L001,363.33,33.03,330.30,BE-13392,18:47:47
13393,2024-04-11,L002,44.87,4.08,40.79,BE-13393,12:55:45
13394,2024-04-11,L002,208.16,18.92,189.24,BE-13394,21:18:45
13395,2024-04-11,L002,131.46,11.95,119.51,BE-13395,20:00:03
13396,2024-04-11,L002,428.77,38.98,389.79,BE-13396,11:04:17
13397,2024-04-11,L002,368.26,33.48,334.78,BE-13397,20:25:32
13398,2024-04-11,L003,182.97,16.63,166.34,BE-13398,12:46:10
13399,2024-04-11,L003,304.17,27.65,276.52,BE-13399,19:04:36
13400,2024-04-11,L003,434.39,39.49,394.90,BE-13400,12:23:30
13401,2024-04-11,L003,177.24,16.11,161.13,BE-13401,15:22:34
13402,2024-04-12,L001,313.18,28.47,284.71,BE-13402,21:46:27
13403,2024-04-12,L001,165.91,15.08,150.83,BE-13403,18:06:55
13404,2024-04-12,L002,38.74,3.52,35.22,BE-13404,14:14:12
13405,2024-04-12,L002,316.31,28.76,287.55,BE-13405,18:01:13
13406,2024-04-12,L003,531.00,48.27,482.73,BE-13406,13:23:26
13407,2024-04-12,L003,451.34,41.03,410.31,BE-13407,16:28:08
13408,2024-04-12,L003,473.15,43.01,430.14,BE-13408,10:41:30
13409,2024-04-13,L001,258.58,23.51,235.07,BE-13409,10:21:40
13410,2024-04-13,L001,83.93,7.63,76.30,BE-13410,16:14:40
13411,2024-04-13,L001,246.98,22.45,224.53,BE-13411,18:36:32
13412,2024-04-14,L001,117.56,10.69,106.87,BE-13412,17:15:56
13413,2024-04-14,L001,476.56,43.32,433.24,BE-13413,19:11:26
13414,2024-04-14,L001,42.02,3.82,38.20,BE-13414,13:08:38
13415,2024-04-14,L001,481.23,43.75,437.48,BE-13415,15:02:54
13416,2024-04-14,L001,279.48,25.41,254.07,BE-13416,10:31:11
13417,2024-04-14,L002,352.04,32.00,320.04,BE-13417,18:09:45
13418,2024-04-14,L002,528.36,48.03,480.33,BE-13418,21:38:05
13419,2024-04-14,L002,94.14,8.56,85.58,BE-13419,18:27:25
13420,2024-04-14,L002,41.62,3.78,37.84,BE-13420,17:55:06
13421,2024-04-14,L002,178.89,16.26,162.63,BE-13421,20:54:19
13422,2024-04-14,L003,189.68,17.24,172.44,BE-13422,13:04:49
13423,2024-04-14,L003,296.46,26.95,269.51,BE-13423,17:22:07
13424,2024-04-14,L003,221.45,20.13,201.32,BE-13424,19:05:39
13425,2024-04-14,L003,25.16,2.29,22.87,BE-13425,21:56:58
13426,2024-04-14,L003,513.48,46.68,466.80,BE-13426,10:19:38
13427,2024-04-15,L001,514.75,46.80,467.95,BE-13427,11:51:47
13428,2024-04-15,L001,75.21,6.84,68.37,BE-13428,12:57:33
13429,2024-04-15,L002,100.33,9.12,91.21,BE-13429,11:32:02
13430,2024-04-15,L002,335.89,30.54,305.35,BE-13430,11:14:18
13431,2024-04-15,L002,213.97,19.45,194.52,BE-13431,15:50:32
13432,2024-04-15,L002,466.75,42.43,424.32,BE-13432,11:06:01
13433,2024-04-15,L003,57.87,5.26,52.61,BE-13433,21:33:25
13434,2024-04-15,L003,262.17,23.83,238.34,BE-13434,19:40:01
13435,2024-04-15,L003,467.14,42.47,424.67,BE-13435,13:49:15
13436,2024-04-15,L003,372.80,33.89,338.91,BE-13436,11:11:34
13437,2024-04-16,L001,197.01,17.91,179.10,BE-13437,13:26:05
13438,2024-04-16,L001,390.53,35.50,355.03,BE-13438,12:36:23
13439,2024-04-16,L001,362.03,32.91,329.12,BE-13439,16:02:12
13440,2024-04-16,L001,43.95,4.00,39.95,BE-13440,20:43:54
13441,2024-04-16,L001,244.13,22.19,221.94,BE-13441,13:24:01
13442,2024-04-16,L002,405.29,36.84,368.45,BE-13442,11:58:41
13443,2024-04-16,L002,257.31,23.39,233.92,BE-13443,21:07:58
13444,2024-04-16,L002,352.95,32.09,320.86,BE-13444,18:52:53
13445,2024-04-16,L002,133.56,12.14,121.42,BE-13445,21:20:11
13446,2024-04-16,L003,446.85,40.62,406.23,BE-13446,15:26:32
13447,2024-04-16,L003,235.26,21.39,213.87,BE-13447,20:22:28
13448,2024-04-16,L003,70.51,6.41,64.10,BE-13448,10:06:38
13449,2024-04-16,L003,535.98,48.73,487.25,BE-13449,15:49:16
13450,2024-04-16,L003,465.82,42.35,423.47,BE-13450,10:32:50
13451,2024-04-17,L001,230.66,20.97,209.69,BE-13451,13:53:27
13452,2024-04-17,L001,312.34,28.39,283.95,BE-13452,20:22:09
13453,2024-04-17,L001,423.15,38.47,384.68,BE-13453,15:13:34
13454,2024-04-17,L001,171.82,15.62,156.20,BE-13454,13:39:22
13455,2024-04-17,L002,273.42,24.86,248.56,BE-13455,15:14:21
13456,2024-04-17,L002,402.46,36.59,365.87,BE-13456,20:25:19
13457,2024-04-17,L003,183.92,16.72,167.20,BE-13457,19:40:13
13458,2024-04-17,L003,525.14,47.74,477.40,BE-13458,12:48:00
13459,2024-04-17,L003,481.57,43.78,437.79,BE-13459,12:01:39
13460,2024-04-18,L001,382.28,34.75,347.53,BE-13460,17:00:46
13461,2024-04-18,L001,225.41,20.49,204.92,BE-13461,20:44:32
13462,2024-04-18,L001,360.06,32.73,327.33,BE-13462,14:20:20
13463,2024-04-18,L003,543.28,49.39,493.89,BE-13463,15:10:17
13464,2024-04-19,L001,39.55,3.60,35.95,BE-13464,13:40:31
13465,2024-04-19,L001,455.40,41.40,414.00,BE-13465,21:36:23
13466,2024-04-19,L002,371.50,33.77,337.73,BE-13466,11:57:20
13467,2024-04-19,L002,392.89,35.72,357.17,BE-13467,14:47:25
13468,2024-04-19,L002,431.92,39.27,392.65,BE-13468,14:04:09
13469,2024-04-19,L002,310.89,28.26,282.63,BE-13469,16:56:32
13470,2024-04-19,L003,219.83,19.98,199.85,BE-13470,21:39:13
13471,2024-04-19,L003,516.74,46.98,469.76,BE-13471,15:26:56
13472,2024-04-20,L001,235.07,21.37,213.70,BE-13472,16:03:14
13473,2024-04-20,L001,125.37,11.40,113.97,BE-13473,21:09:15
13474,2024-04-20,L001,313.47,28.50,284.97,BE-13474,13:31:29
13475,2024-04-20,L001,509.09,46.28,462.81,BE-13475,14:28:51
13476,2024-04-20,L001,487.86,44.35,443.51,BE-13476,16:55:29
13477,2024-04-20,L003,541.61,49.24,492.37,BE-13477,10:49:40
13478,2024-04-21,L002,333.32,30.30,303.02,BE-13478,16:46:48
13479,2024-04-21,L003,174.54,15.87,158.67,BE-13479,15:59:59
13480,2024-04-21,L003,382.51,34.77,347.74,BE-13480,20:46:51
13481,2024-04-21,L003,423.96,38.54,385.42,BE-13481,19:24:09
13482,2024-04-22,L001,118.76,10.80,107.96,BE-13482,17:18:48
13483,2024-04-22,L001,201.98,18.36,183.62,BE-13483,13:21:00
13484,2024-04-22,L001,44.41,4.04,40.37,BE-13484,13:30:20
13485,2024-04-22,L001,535.27,48.66,486.61,BE-13485,11:10:14
13486,2024-04-22,L002,89.62,8.15,81.47,BE-13486,17:00:19
13487,2024-04-22,L002,150.09,13.64,136.45,BE-13487,13:06:01
13488,2024-04-22,L002,502.88,45.72,457.16,BE-13488,10:01:16
13489,2024-04-22,L002,361.68,32.88,328.80,BE-13489,10:22:08
13490,2024-04-22,L003,545.03,49.55,495.48,BE-13490,17:48:16
13491,2024-04-23,L001,181.59,16.51,165.08,BE-13491,21:27:33
13492,2024-04-23,L001,190.21,17.29,172.92,BE-13492,10:48:47
13493,2024-04-23,L001,174.08,15.83,158.25,BE-13493,13:21:03
13494,2024-04-23,L002,214.19,19.47,194.72,BE-13494,15:12:09
13495,2024-04-23,L002,440.30,40.03,400.27,BE-13495,15:14:57
13496,2024-04-23,L003,418.99,38.09,380.90,BE-13496,10:25:33
13497,2024-04-23,L003,416.00,37.82,378.18,BE-13497,14:17:56
13498,2024-04-23,L003,175.03,15.91,159.12,BE-13498,10:46:21
13499,2024-04-24,L001,201.24,18.29,182.95,BE-13499,11:53:33
13500,2024-04-24,L001,364.67,33.15,331.52,BE-13500,12:04:41
13501,2024-04-24,L001,68.41,6.22,62.19,BE-13501,19:39:34
13502,2024-04-24,L002,143.95,13.09,130.86,BE-13502,15:12:52
13503,2024-04-24,L002,202.61,18.42,184.19,BE-13503,16:51:37
13504,2024-04-24,L002,485.46,44.13,441.33,BE-13504,13:18:04
13505,2024-04-24,L003,435.51,39.59,395.92,BE-13505,10:07:04
13506,2024-04-24,L003,504.57,45.87,458.70,BE-13506,21:36:30
13507,2024-04-24,L003,77.31,7.03,70.28,BE-13507,20:04:51
13508,2024-04-24,L003,477.16,43.38,433.78,BE-13508,20:10:42
13509,2024-04-25,L001,446.70,40.61,406.09,BE-13509,16:36:29
13510,2024-04-25,L002,524.12,47.65,476.47,BE-13510,15:05:10
13511,2024-04-25,L002,434.03,39.46,394.57,BE-13511,15:28:48
13512,2024-04-25,L002,411.71,37.43,374.28,BE-13512,15:04:13
13513,2024-04-25,L002,45.75,4.16,41.59,BE-13513,17:39:39
13514,2024-04-25,L002,419.00,38.09,380.91,BE-13514,11:57:12
13515,2024-04-25,L003,480.31,43.66,436.65,BE-13515,13:49:09
13516,2024-04-25,L003,415.64,37.79,377.85,BE-13516,19:29:23
13517,2024-04-25,L003,510.41,46.40,464.01,BE-13517,12:23:55
13518,2024-04-26,L001,48.85,4.44,44.41,BE-13518,18:26:17
13519,2024-04-26,L001,521.27,47.39,473.88,BE-13519,19:58:27
13520,2024-04-26,L001,282.65,25.70,256.95,BE-13520,13:15:59
13521,2024-04-26,L001,267.73,24.34,243.39,BE-13521,14:19:31
13522,2024-04-26,L001,150.32,13.67,136.65,BE-13522,16:31:33
13523,2024-04-26,L002,239.45,21.77,217.68,BE-13523,17:10:29
13524,2024-04-26,L002,240.22,21.84,218.38,BE-13524,12:09:08
13525,2024-04-26,L002,149.91,13.63,136.28,BE-13525,21:39:21
13526,2024-04-26,L002,311.64,28.33,283.31,BE-13526,14:55:00
13527,2024-04-26,L002,308.54,28.05,280.49,BE-13527,16:11:33
13528,2024-04-26,L003,35.72,3.25,32.47,BE-13528,16:01:15
13529,2024-04-27,L001,415.25,37.75,377.50,BE-13529,11:09:40
13530,2024-04-27,L002,489.02,44.46,444.56,BE-13530,21:01:19
13531,2024-04-27,L002,341.12,31.01,310.11,BE-13531,21:58:13
13532,2024-04-27,L002,228.00,20.73,207.27,BE-13532,11:42:00
13533,2024-04-27,L003,207.48,18.86,188.62,BE-13533,12:32:53
13534,2024-04-27,L003,414.66,37.70,376.96,BE-13534,19:31:22
13535,2024-04-27,L003,436.78,39.71,397.07,BE-13535,11:36:08
13536,2024-04-27,L003,365.50,33.23,332.27,BE-13536,15:51:16
13537,2024-04-27,L003,154.85,14.08,140.77,BE-13537,10:55:02
13538,2024-04-28,L001,127.31,11.57,115.74,BE-13538,17:32:58
13539,2024-04-28,L001,141.53,12.87,128.66,BE-13539,17:28:36
13540,2024-04-28,L001,456.49,41.50,414.99,BE-13540,16:00:46
13541,2024-04-28,L001,542.22,49.29,492.93,BE-13541,11:20:44
13542,2024-04-28,L001,345.86,31.44,314.42,BE-13542,15:15:24
13543,2024-04-29,L001,358.90,32.63,326.27,BE-13543,20:06:02
13544,2024-04-29,L001,442.46,40.22,402.24,BE-13544,21:16:17
13545,2024-04-29,L002,548.88,49.90,498.98,BE-13545,17:10:16
13546,2024-04-30,L001,274.92,24.99,249.93,BE-13546,21:31:32
13547,2024-04-30,L001,429.50,39.05,390.45,BE-13547,16:12:15
13548,2024-04-30,L002,498.54,45.32,453.22,BE-13548,12:06:27
13549,2024-04-30,L003,544.02,49.46,494.56,BE-13549,16:37:40
13550,2024-04-30,L003,302.07,27.46,274.61,BE-13550,20:24:13
13551,2024-04-30,L003,297.18,27.02,270.16,BE-13551,16:54:18
13552,2024-04-30,L003,265.24,24.11,241.13,BE-13552,14:17:26
13553,2024-04-30,L003,252.93,22.99,229.94,BE-13553,19:31:09
13554,2024-05-01,L001,222.27,20.21,202.06,BE-13554,13:10:48
13555,2024-05-01,L002,54.36,4.94,49.42,BE-13555,15:21:39
13556,2024-05-01,L002,360.02,32.73,327.29,BE-13556,14:07:04
13557,2024-05-01,L002,452.33,41.12,411.21,BE-13557,13:02:47
13558,2024-05-01,L002,506.43,46.04,460.39,BE-13558,17:56:41
13559,2024-05-01,L002,230.65,20.97,209.68,BE-13559,12:54:29
13560,2024-05-02,L001,110.59,10.05,100.54,BE-13560,21:22:30
13561,2024-05-02,L001,135.86,12.35,123.51,BE-13561,14:30:58
13562,2024-05-02,L002,318.86,28.99,289.87,BE-13562,14:29:00
13563,2024-05-02,L003,167.62,15.24,152.38,BE-13563,20:06:36
13564,2024-05-02,L003,44.93,4.08,40.85,BE-13564,17:57:51
13565,2024-05-02,L003,39.13,3.56,35.57,BE-13565,17:15:35
13566,2024-05-02,L003,542.42,49.31,493.11,BE-13566,16:21:14
13567,2024-05-02,L003,53.22,4.84,48.38,BE-13567,10:58:22
13568,2024-05-03,L001,60.68,5.52,55.16,BE-13568,20:32:51
13569,2024-05-03,L001,133.83,12.17,121.66,BE-13569,13:44:17
13570,2024-05-03,L001,39.00,3.55,35.45,BE-13570,15:09:20
13571,2024-05-03,L001,255.19,23.20,231.99,BE-13571,10:14:52
13572,2024-05-03,L001,25.75,2.34,23.41,BE-13572,14:48:00
13573,2024-05-03,L003,332.87,30.26,302.61,BE-13573,21:45:22
13574,2024-05-04,L001,253.44,23.04,230.40,BE-13574,14:48:31
13575,2024-05-04,L001,255.04,23.19,231.85,BE-13575,15:21:39
13576,2024-05-04,L003,47.61,4.33,43.28,BE-13576,14:20:18
13577,2024-05-04,L003,392.37,35.67,356.70,BE-13577,20:39:17
13578,2024-05-04,L003,516.64,46.97,469.67,BE-13578,15:47:10
13579,2024-05-04,L003,327.75,29.80,297.95,BE-13579,15:25:46
13580,2024-05-04,L003,537.05,48.82,488.23,BE-13580,14:42:11
13581,2024-05-05,L001,258.94,23.54,235.40,BE-13581,13:40:23
13582,2024-05-05,L001,63.50,5.77,57.73,BE-13582,15:30:59
13583,2024-05-05,L001,508.45,46.22,462.23,BE-13583,11:21:07
13584,2024-05-05,L002,174.13,15.83,158.30,BE-13584,19:16:55
13585,2024-05-05,L003,286.28,26.03,260.25,BE-13585,16:08:16
13586,2024-05-05,L003,69.89,6.35,63.54,BE-13586,16:49:54
13587,2024-05-06,L001,368.89,33.54,335.35,BE-13587,15:01:50
13588,2024-05-06,L001,256.26,23.30,232.96,BE-13588,11:26:34
13589,2024-05-06,L001,157.56,14.32,143.24,BE-13589,15:27:53
13590,2024-05-06,L001,34.39,3.13,31.26,BE-13590,19:27:18
13591,2024-05-06,L001,528.80,48.07,480.73,BE-13591,13:28:24
13592,2024-05-06,L002,411.06,37.37,373.69,BE-13592,11:22:25
13593,2024-05-06,L003,232.99,21.18,211.81,BE-13593,21:48:20
13594,2024-05-07,L001,443.72,40.34,403.38,BE-13594,14:38:04
13595,2024-05-07,L001,236.43,21.49,214.94,BE-13595,11:41:10
13596,2024-05-07,L002,158.21,14.38,143.83,BE-13596,14:34:35
13597,2024-05-07,L002,252.69,22.97,229.72,BE-13597,21:13:12
13598,2024-05-07,L002,102.91,9.36,93.55,BE-13598,15:33:43
13599,2024-05-07,L003,493.21,44.84,448.37,BE-13599,19:10:52
13600,2024-05-07,L003,57.89,5.26,52.63,BE-13600,18:19:20
13601,2024-05-07,L003,482.50,43.86,438.64,BE-13601,13:10:58
13602,2024-05-07,L003,137.59,12.51,125.08,BE-13602,12:48:44
13603,2024-05-07,L003,184.78,16.80,167.98,BE-13603,17:38:51
13604,2024-05-08,L001,292.58,26.60,265.98,BE-13604,20:52:05
13605,2024-05-08,L002,115.70,10.52,105.18,BE-13605,20:15:27
13606,2024-05-08,L002,290.15,26.38,263.77,BE-13606,11:16:50
13607,2024-05-08,L002,446.80,40.62,406.18,BE-13607,19:22:05
13608,2024-05-08,L003,313.89,28.54,285.35,BE-13608,13:16:48
13609,2024-05-08,L003,404.89,36.81,368.08,BE-13609,10:07:29
13610,2024-05-09,L001,369.15,33.56,335.59,BE-13610,21:00:36
13611,2024-05-09,L001,26.58,2.42,24.16,BE-13611,11:52:08
13612,2024-05-09,L001,380.03,34.55,345.48,BE-13612,13:40:27
13613,2024-05-09,L002,533.18,48.47,484.71,BE-13613,17:29:38
13614,2024-05-09,L002,84.63,7.69,76.94,BE-13614,17:48:12
13615,2024-05-09,L002,503.00,45.73,457.27,BE-13615,15:00:56
13616,2024-05-09,L002,538.26,48.93,489.33,BE-13616,16:30:42
13617,2024-05-09,L003,403.19,36.65,366.54,BE-13617,21:11:56
13618,2024-05-09,L003,303.38,27.58,275.80,BE-13618,19:19:10
13619,2024-05-09,L003,114.51,10.41,104.10,BE-13619,17:52:26
13620,2024-05-09,L003,471.72,42.88,428.84,BE-13620,12:06:07
13621,2024-05-09,L003,309.50,28.14,281.36,BE-13621,15:32:49
13622,2024-05-10,L001,416.74,37.89,378.85,BE-13622,18:08:43
13623,2024-05-10,L001,201.53,18.32,183.21,BE-13623,12:13:24
13624,2024-05-10,L001,397.45,36.13,361.32,BE-13624,19:49:00
13625,2024-05-10,L001,233.66,21.24,212.42,BE-13625,12:15:54
13626,2024-05-10,L001,151.33,13.76,137.57,BE-13626,18:33:56
13627,2024-05-10,L002,226.61,20.60,206.01,BE-13627,16:26:29
13628,2024-05-10,L002,528.79,48.07,480.72,BE-13628,19:05:10
13629,2024-05-10,L002,105.14,9.56,95.58,BE-13629,15:04:45
13630,2024-05-10,L003,325.84,29.62,296.22,BE-13630,16:07:08
13631,2024-05-10,L003,549.79,49.98,499.81,BE-13631,12:45:02
13632,2024-05-10,L003,334.18,30.38,303.80,BE-13632,13:58:42
13633,2024-05-10,L003,38.80,3.53,35.27,BE-13633,17:05:51
13634,2024-05-11,L001,343.99,31.27,312.72,BE-13634,19:06:05
13635,2024-05-11,L001,207.15,18.83,188.32,BE-13635,13:53:18
13636,2024-05-11,L001,243.69,22.15,221.54,BE-13636,19:36:57
13637,2024-05-11,L002,131.19,11.93,119.26,BE-13637,16:10:41
13638,2024-05-11,L003,420.10,38.19,381.91,BE-13638,21:46:52
13639,2024-05-11,L003,62.56,5.69,56.87,BE-13639,14:23:26
13640,2024-05-11,L003,64.14,5.83,58.31,BE-13640,21:12:51
13641,2024-05-11,L003,363.44,33.04,330.40,BE-13641,21:35:21
13642,2024-05-12,L001,35.15,3.20,31.95,BE-13642,11:13:50
13643,2024-05-12,L002,286.87,26.08,260.79,BE-13643,10:56:00
13644,2024-05-12,L002,416.21,37.84,378.37,BE-13644,11:19:15
13645,2024-05-12,L002,531.75,48.34,483.41,BE-13645,15:30:22
13646,2024-05-12,L003,494.45,44.95,449.50,BE-13646,21:20:52
13647,2024-05-12,L003,104.71,9.52,95.19,BE-13647,21:21:09
13648,2024-05-13,L001,329.97,30.00,299.97,BE-13648,13:25:54
13649,2024-05-13,L001,124.69,11.34,113.35,BE-13649,14:13:35
13650,2024-05-13,L001,132.32,12.03,120.29,BE-13650,15:55:05
13651,2024-05-13,L001,118.82,10.80,108.02,BE-13651,12:06:26
13652,2024-05-13,L003,481.66,43.79,437.87,BE-13652,16:28:02
13653,2024-05-13,L003,64.19,5.84,58.35,BE-13653,18:37:04
13654,2024-05-13,L003,526.83,47.89,478.94,BE-13654,13:19:02
13655,2024-05-14,L002,274.35,24.94,249.41,BE-13655,18:31:41
13656,2024-05-14,L002,24.02,2.18,21.84,BE-13656,14:55:25
13657,2024-05-14,L002,63.07,5.73,57.34,BE-13657,19:18:52
13658,2024-05-14,L003,152.73,13.88,138.85,BE-13658,10:37:36
13659,2024-05-14,L003,225.17,20.47,204.70,BE-13659,17:35:53
13660,2024-05-14,L003,323.86,29.44,294.42,BE-13660,19:37:31
13661,2024-05-14,L003,100.85,9.17,91.68,BE-13661,20:59:45
13662,2024-05-15,L002,216.24,19.66,196.58,BE-13662,12:22:03
13663,2024-05-15,L003,299.36,27.21,272.15,BE-13663,17:11:35
13664,2024-05-15,L003,293.54,26.69,266.85,BE-13664,14:03:46
13665,2024-05-16,L001,63.05,5.73,57.32,BE-13665,11:44:20
13666,2024-05-16,L002,315.73,28.70,287.03,BE-13666,12:31:13
13667,2024-05-16,L003,298.71,27.16,271.55,BE-13667,13:39:55
13668,2024-05-17,L002,221.10,20.10,201.00,BE-13668,17:28:38
13669,2024-05-17,L002,422.48,38.41,384.07,BE-13669,20:14:26
13670,2024-05-17,L003,497.27,45.21,452.06,BE-13670,10:15:49
13671,2024-05-17,L003,368.15,33.47,334.68,BE-13671,18:00:18
13672,2024-05-17,L003,81.68,7.43,74.25,BE-13672,19:51:43
13673,2024-05-17,L003,40.00,3.64,36.36,BE-13673,11:19:44
13674,2024-05-18,L001,260.96,23.72,237.24,BE-13674,17:01:31
13675,2024-05-18,L001,333.16,30.29,302.87,BE-13675,17:59:17
13676,2024-05-18,L002,238.22,21.66,216.56,BE-13676,20:06:24
13677,2024-05-18,L002,317.68,28.88,288.80,BE-13677,20:48:56
13678,2024-05-18,L002,364.98,33.18,331.80,BE-13678,21:12:13
13679,2024-05-18,L002,29.81,2.71,27.10,BE-13679,17:36:19
13680,2024-05-18,L003,40.57,3.69,36.88,BE-13680,11:50:23
13681,2024-05-19,L001,315.98,28.73,287.25,BE-13681,16:50:33
13682,2024-05-19,L001,209.26,19.02,190.24,BE-13682,14:22:33
13683,2024-05-19,L001,163.41,14.86,148.55,BE-13683,11:09:13
13684,2024-05-19,L001,396.58,36.05,360.53,BE-13684,19:51:20
13685,2024-05-19,L002,57.53,5.23,52.30,BE-13685,21:21:27
13686,2024-05-19,L002,164.96,15.00,149.96,BE-13686,10:35:27
13687,2024-05-19,L002,501.19,45.56,455.63,BE-13687,19:43:48
13688,2024-05-19,L002,451.11,41.01,410.10,BE-13688,14:32:41
13689,2024-05-19,L002,348.90,31.72,317.18,BE-13689,10:26:24
13690,2024-05-20,L002,469.44,42.68,426.76,BE-13690,15:49:36
13691,2024-05-20,L003,262.16,23.83,238.33,BE-13691,21:06:44
13692,2024-05-20,L003,27.20,2.47,24.73,BE-13692,20:17:06
13693,2024-05-21,L001,279.55,25.41,254.14,BE-13693,21:44:20
13694,2024-05-21,L002,263.66,23.97,239.69,BE-13694,14:19:40
13695,2024-05-21,L002,289.11,26.28,262.83,BE-13695,14:05:45
13696,2024-05-21,L002,510.15,46.38,463.77,BE-13696,18:21:03
13697,2024-05-21,L003,450.06,40.91,409.15,BE-13697,10:36:50
13698,2024-05-22,L002,88.43,8.04,80.39,BE-13698,18:18:40
13699,2024-05-22,L002,507.37,46.12,461.25,BE-13699,13:34:57
13700,2024-05-22,L002,545.08,49.55,495.53,BE-13700,13:33:09
13701,2024-05-22,L002,453.50,41.23,412.27,BE-13701,16:42:51
13702,2024-05-22,L002,270.08,24.55,245.53,BE-13702,11:34:13
13703,2024-05-22,L003,469.72,42.70,427.02,BE-13703,10:26:18
13704,2024-05-23,L001,106.11,9.65,96.46,BE-13704,12:32:55
13705,2024-05-23,L002,548.89,49.90,498.99,BE-13705,21:57:52
13706,2024-05-23,L002,457.27,41.57,415.70,BE-13706,11:50:23
13707,2024-05-23,L002,193.23,17.57,175.66,BE-13707,11:34:31
13708,2024-05-23,L002,33.97,3.09,30.88,BE-13708,14:35:50
13709,2024-05-23,L003,50.64,4.60,46.04,BE-13709,11:42:40
13710,2024-05-23,L003,431.90,39.26,392.64,BE-13710,17:15:16
13711,2024-05-24,L002,529.36,48.12,481.24,BE-13711,16:28:08
13712,2024-05-24,L002,411.96,37.45,374.51,BE-13712,11:25:34
13713,2024-05-24,L002,106.35,9.67,96.68,BE-13713,20:50:25
13714,2024-05-24,L003,268.54,24.41,244.13,BE-13714,12:06:24
13715,2024-05-24,L003,509.58,46.33,463.25,BE-13715,11:35:43
13716,2024-05-24,L003,54.74,4.98,49.76,BE-13716,17:42:49
13717,2024-05-24,L003,182.49,16.59,165.90,BE-13717,20:20:21
13718,2024-05-25,L001,227.03,20.64,206.39,BE-13718,19:28:17
13719,2024-05-25,L001,301.11,27.37,273.74,BE-13719,20:19:15
13720,2024-05-25,L001,512.48,46.59,465.89,BE-13720,14:16:27
13721,2024-05-25,L002,506.52,46.05,460.47,BE-13721,16:12:59
13722,2024-05-25,L002,256.71,23.34,233.37,BE-13722,19:57:07
13723,2024-05-25,L002,525.05,47.73,477.32,BE-13723,12:26:22
13724,2024-05-25,L002,54.49,4.95,49.54,BE-13724,21:41:21
13725,2024-05-25,L002,524.36,47.67,476.69,BE-13725,21:47:22
13726,2024-05-25,L003,125.92,11.45,114.47,BE-13726,12:45:49
13727,2024-05-25,L003,144.20,13.11,131.09,BE-13727,16:21:55
13728,2024-05-25,L003,546.19,49.65,496.54,BE-13728,19:33:19
13729,2024-05-25,L003,464.83,42.26,422.57,BE-13729,15:48:17
13730,2024-05-25,L003,170.91,15.54,155.37,BE-13730,19:57:30
13731,2024-05-26,L002,331.84,30.17,301.67,BE-13731,14:55:55
13732,2024-05-26,L002,471.03,42.82,428.21,BE-13732,18:07:52
13733,2024-05-26,L002,38.51,3.50,35.01,BE-13733,19:25:24
13734,2024-05-26,L003,113.41,10.31,103.10,BE-13734,19:07:39
13735,2024-05-27,L001,440.08,40.01,400.07,BE-13735,12:01:32
13736,2024-05-27,L002,149.85,13.62,136.23,BE-13736,18:17:09
13737,2024-05-27,L003,333.91,30.36,303.55,BE-13737,14:52:29
13738,2024-05-28,L002,400.38,36.40,363.98,BE-13738,17:24:08
13739,2024-05-28,L003,138.53,12.59,125.94,BE-13739,13:08:48
13740,2024-05-28,L003,521.61,47.42,474.19,BE-13740,18:13:14
13741,2024-05-28,L003,453.63,41.24,412.39,BE-13741,13:12:23
13742,2024-05-28,L003,474.71,43.16,431.55,BE-13742,21:52:34
13743,2024-05-29,L001,132.79,12.07,120.72,BE-13743,16:57:38
13744,2024-05-29,L001,51.82,4.71,47.11,BE-13744,17:47:03
13745,2024-05-29,L003,331.21,30.11,301.10,BE-13745,19:30:00
13746,2024-05-29,L003,438.82,39.89,398.93,BE-13746,13:34:54
13747,2024-05-29,L003,191.37,17.40,173.97,BE-13747,15:34:38
13748,2024-05-30,L001,544.17,49.47,494.70,BE-13748,18:19:02
13749,2024-05-30,L001,437.95,39.81,398.14,BE-13749,15:02:22
13750,2024-05-30,L001,351.95,32.00,319.95,BE-13750,19:06:08
13751,2024-05-30,L001,42.83,3.89,38.94,BE-13751,16:36:43
13752,2024-05-30,L002,347.68,31.61,316.07,BE-13752,18:10:29
13753,2024-05-30,L002,249.82,22.71,227.11,BE-13753,20:40:33
13754,2024-05-30,L002,233.11,21.19,211.92,BE-13754,16:09:48
13755,2024-05-31,L001,326.04,29.64,296.40,BE-13755,10:18:27
13756,2024-05-31,L002,265.41,24.13,241.28,BE-13756,15:19:35
13757,2024-05-31,L002,408.36,37.12,371.24,BE-13757,20:43:39
13758,2024-05-31,L003,443.21,40.29,402.92,BE-13758,11:55:01
13759,2024-05-31,L003,155.09,14.10,140.99,BE-13759,10:04:13
13760,2024-05-31,L003,312.91,28.45,284.46,BE-13760,10:57:41
13761,2024-06-01,L001,265.79,24.16,241.63,BE-13761,19:54:58
13762,2024-06-01,L001,30.46,2.77,27.69,BE-13762,13:50:51
13763,2024-06-01,L002,265.36,24.12,241.24,BE-13763,18:43:56
13764,2024-06-01,L002,301.90,27.45,274.45,BE-13764,19:39:41
13765,2024-06-01,L002,135.49,12.32,123.17,BE-13765,16:37:17
13766,2024-06-01,L002,377.32,34.30,343.02,BE-13766,14:21:30
13767,2024-06-01,L002,517.51,47.05,470.46,BE-13767,13:51:05
13768,2024-06-01,L003,282.33,25.67,256.66,BE-13768,16:50:08
13769,2024-06-01,L003,127.55,11.60,115.95,BE-13769,15:29:30
13770,2024-06-02,L001,135.37,12.31,123.06,BE-13770,11:00:07
13771,2024-06-02,L001,100.74,9.16,91.58,BE-13771,11:37:27
13772,2024-06-02,L003,444.29,40.39,403.90,BE-13772,11:02:32
13773,2024-06-02,L003,317.91,28.90,289.01,BE-13773,18:37:11
13774,2024-06-03,L001,544.51,49.50,495.01,BE-13774,10:35:31
13775,2024-06-03,L001,342.39,31.13,311.26,BE-13775,17:32:52
13776,2024-06-03,L001,182.18,16.56,165.62,BE-13776,17:14:52
13777,2024-06-03,L001,374.26,34.02,340.24,BE-13777,13:53:43
13778,2024-06-03,L002,330.15,30.01,300.14,BE-13778,18:30:08
13779,2024-06-03,L002,348.38,31.67,316.71,BE-13779,20:18:55
13780,2024-06-03,L002,482.98,43.91,439.07,BE-13780,13:42:55
13781,2024-06-03,L003,499.10,45.37,453.73,BE-13781,19:28:10
13782,2024-06-04,L001,213.03,19.37,193.66,BE-13782,15:28:30
13783,2024-06-04,L001,300.38,27.31,273.07,BE-13783,20:58:04
13784,2024-06-04,L001,410.79,37.34,373.45,BE-13784,13:51:40
13785,2024-06-04,L002,362.35,32.94,329.41,BE-13785,17:37:57
13786,2024-06-04,L002,334.21,30.38,303.83,BE-13786,15:42:20
13787,2024-06-04,L002,102.93,9.36,93.57,BE-13787,18:36:32
13788,2024-06-04,L002,410.14,37.29,372.85,BE-13788,19:22:01
13789,2024-06-05,L001,305.84,27.80,278.04,BE-13789,20:03:37
13790,2024-06-05,L001,141.93,12.90,129.03,BE-13790,19:40:44
13791,2024-06-05,L001,549.08,49.92,499.16,BE-13791,21:09:59
13792,2024-06-05,L001,523.59,47.60,475.99,BE-13792,11:15:09
13793,2024-06-05,L002,538.89,48.99,489.90,BE-13793,13:58:21
13794,2024-06-05,L003,171.23,15.57,155.66,BE-13794,18:21:35
13795,2024-06-05,L003,123.85,11.26,112.59,BE-13795,18:31:12
13796,2024-06-05,L003,23.82,2.17,21.65,BE-13796,14:57:47
13797,2024-06-06,L002,31.00,2.82,28.18,BE-13797,18:05:47
13798,2024-06-06,L002,543.18,49.38,493.80,BE-13798,12:01:05
13799,2024-06-06,L002,246.96,22.45,224.51,BE-13799,15:04:29
13800,2024-06-06,L003,111.84,10.17,101.67,BE-13800,16:08:08
13801,2024-06-06,L003,355.51,32.32,323.19,BE-13801,16:46:37
13802,2024-06-06,L003,527.34,47.94,479.40,BE-13802,21:17:09
13803,2024-06-06,L003,147.62,13.42,134.20,BE-13803,17:11:49
13804,2024-06-07,L001,109.99,10.00,99.99,BE-13804,18:51:08
13805,2024-06-07,L002,368.10,33.46,334.64,BE-13805,17:21:24
13806,2024-06-07,L002,235.61,21.42,214.19,BE-13806,21:42:00
13807,2024-06-07,L002,142.49,12.95,129.54,BE-13807,19:27:14
13808,2024-06-07,L002,22.78,2.07,20.71,BE-13808,21:49:20
13809,2024-06-07,L003,464.04,42.19,421.85,BE-13809,12:04:58
13810,2024-06-07,L003,170.24,15.48,154.76,BE-13810,13:00:19
13811,2024-06-08,L002,500.71,45.52,455.19,BE-13811,14:32:10
13812,2024-06-08,L002,182.18,16.56,165.62,BE-13812,19:56:11
13813,2024-06-08,L002,367.40,33.40,334.00,BE-13813,15:41:04
13814,2024-06-08,L002,487.95,44.36,443.59,BE-13814,17:15:43
13815,2024-06-08,L003,56.69,5.15,51.54,BE-13815,12:39:00
13816,2024-06-08,L003,98.04,8.91,89.13,BE-13816,15:40:46
13817,2024-06-09,L001,193.96,17.63,176.33,BE-13817,16:36:10
13818,2024-06-09,L001,401.04,36.46,364.58,BE-13818,12:30:24
13819,2024-06-09,L001,412.83,37.53,375.30,BE-13819,17:09:39
13820,2024-06-09,L002,440.11,40.01,400.10,BE-13820,12:51:01
13821,2024-06-09,L002,540.51,49.14,491.37,BE-13821,14:54:11
13822,2024-06-09,L002,85.49,7.77,77.72,BE-13822,20:17:12
13823,2024-06-09,L002,408.72,37.16,371.56,BE-13823,20:22:38
13824,2024-06-09,L003,486.04,44.19,441.85,BE-13824,11:04:28
13825,2024-06-09,L003,542.10,49.28,492.82,BE-13825,18:53:51
13826,2024-06-09,L003,540.77,49.16,491.61,BE-13826,13:00:17
13827,2024-06-09,L003,286.42,26.04,260.38,BE-13827,15:46:53
13828,2024-06-10,L001,265.89,24.17,241.72,BE-13828,12:37:19
13829,2024-06-10,L001,102.00,9.27,92.73,BE-13829,17:08:33
13830,2024-06-10,L001,116.37,10.58,105.79,BE-13830,18:07:34
13831,2024-06-10,L001,258.38,23.49,234.89,BE-13831,17:03:55
13832,2024-06-10,L003,535.98,48.73,487.25,BE-13832,14:18:52
13833,2024-06-10,L003,231.48,21.04,210.44,BE-13833,19:12:51
13834,2024-06-10,L003,223.14,20.29,202.85,BE-13834,19:51:44
13835,2024-06-10,L003,447.31,40.66,406.65,BE-13835,12:45:45
13836,2024-06-11,L001,479.13,43.56,435.57,BE-13836,10:28:19
13837,2024-06-11,L001,523.04,47.55,475.49,BE-13837,20:25:48
13838,2024-06-11,L001,507.46,46.13,461.33,BE-13838,15:10:02
13839,2024-06-11,L001,398.34,36.21,362.13,BE-13839,20:38:08
13840,2024-06-11,L002,64.19,5.84,58.35,BE-13840,20:18:20
13841,2024-06-11,L002,394.93,35.90,359.03,BE-13841,14:50:05
13842,2024-06-11,L002,93.72,8.52,85.20,BE-13842,20:26:12
13843,2024-06-11,L003,312.60,28.42,284.18,BE-13843,10:45:28
13844,2024-06-11,L003,114.16,10.38,103.78,BE-13844,12:01:31
13845,2024-06-12,L001,202.26,18.39,183.87,BE-13845,12:18:04
13846,2024-06-12,L001,499.71,45.43,454.28,BE-13846,12:59:31
13847,2024-06-12,L001,503.28,45.75,457.53,BE-13847,16:32:39
13848,2024-06-12,L001,273.94,24.90,249.04,BE-13848,11:11:50
13849,2024-06-12,L001,430.52,39.14,391.38,BE-13849,17:01:22
13850,2024-06-12,L002,191.85,17.44,174.41,BE-13850,19:15:05
13851,2024-06-12,L003,444.77,40.43,404.34,BE-13851,13:00:42
13852,2024-06-12,L003,198.11,18.01,180.10,BE-13852,16:19:00
13853,2024-06-12,L003,277.30,25.21,252.09,BE-13853,21:15:00
13854,2024-06-13,L002,158.00,14.36,143.64,BE-13854,17:12:17
13855,2024-06-13,L003,132.91,12.08,120.83,BE-13855,21:39:08
13856,2024-06-13,L003,221.61,20.15,201.46,BE-13856,21:46:14
13857,2024-06-13,L003,103.18,9.38,93.80,BE-13857,14:41:55
13858,2024-06-15,L003,537.25,48.84,488.41,BE-13858,15:05:27
13859,2024-06-15,L003,508.73,46.25,462.48,BE-13859,16:55:27
13860,2024-06-15,L003,449.08,40.83,408.25,BE-13860,10:57:21
13861,2024-06-15,L003,182.92,16.63,166.29,BE-13861,14:34:54
13862,2024-06-15,L003,538.69,48.97,489.72,BE-13862,20:07:18
13863,2024-06-16,L001,337.62,30.69,306.93,BE-13863,13:40:41
13864,2024-06-16,L002,144.89,13.17,131.72,BE-13864,15:34:36
13865,2024-06-16,L002,514.77,46.80,467.97,BE-13865,18:27:25
13866,2024-06-16,L002,414.40,37.67,376.73,BE-13866,18:24:16
13867,2024-06-16,L002,401.05,36.46,364.59,BE-13867,16:22:12
13868,2024-06-16,L002,277.39,25.22,252.17,BE-13868,20:32:31
13869,2024-06-16,L003,136.46,12.41,124.05,BE-13869,10:22:16
13870,2024-06-16,L003,517.76,47.07,470.69,BE-13870,19:59:34
13871,2024-06-16,L003,302.20,27.47,274.73,BE-13871,21:53:36
13872,2024-06-16,L003,176.84,16.08,160.76,BE-13872,20:32:11
13873,2024-06-16,L003,469.76,42.71,427.05,BE-13873,18:46:17
13874,2024-06-17,L001,230.02,20.91,209.11,BE-13874,11:30:32
13875,2024-06-17,L001,195.37,17.76,177.61,BE-13875,16:11:36
13876,2024-06-17,L001,107.43,9.77,97.66,BE-13876,16:41:15
13877,2024-06-17,L002,265.63,24.15,241.48,BE-13877,13:57:08
13878,2024-06-17,L002,259.92,23.63,236.29,BE-13878,21:51:29
13879,2024-06-17,L003,71.95,6.54,65.41,BE-13879,11:34:55
13880,2024-06-17,L003,191.74,17.43,174.31,BE-13880,11:43:24
13881,2024-06-17,L003,178.23,16.20,162.03,BE-13881,10:13:25
13882,2024-06-17,L003,220.68,20.06,200.62,BE-13882,10:53:17
13883,2024-06-18,L001,226.80,20.62,206.18,BE-13883,16:14:52
13884,2024-06-18,L001,350.51,31.86,318.65,BE-13884,10:39:18
13885,2024-06-18,L003,291.03,26.46,264.57,BE-13885,15:19:21
13886,2024-06-18,L003,142.24,12.93,129.31,BE-13886,15:33:04
13887,2024-06-18,L003,511.96,46.54,465.42,BE-13887,10:21:23
13888,2024-06-18,L003,540.10,49.10,491.00,BE-13888,11:28:54
13889,2024-06-18,L003,238.66,21.70,216.96,BE-13889,11:41:47
13890,2024-06-19,L001,351.86,31.99,319.87,BE-13890,13:28:56
13891,2024-06-19,L001,202.80,18.44,184.36,BE-13891,11:04:48
13892,2024-06-19,L001,116.91,10.63,106.28,BE-13892,21:01:28
13893,2024-06-19,L001,540.85,49.17,491.68,BE-13893,21:42:38
13894,2024-06-19,L001,529.44,48.13,481.31,BE-13894,19:52:03
13895,2024-06-19,L002,103.18,9.38,93.80,BE-13895,12:35:52
13896,2024-06-19,L002,211.92,19.27,192.65,BE-13896,12:35:31
13897,2024-06-19,L002,476.55,43.32,433.23,BE-13897,17:10:19
13898,2024-06-19,L003,173.11,15.74,157.37,BE-13898,18:45:52
13899,2024-06-20,L001,44.47,4.04,40.43,BE-13899,11:26:15
13900,2024-06-20,L001,397.09,36.10,360.99,BE-13900,15:55:58
13901,2024-06-20,L001,301.58,27.42,274.16,BE-13901,18:31:36
13902,2024-06-20,L003,228.34,20.76,207.58,BE-13902,13:04:03
13903,2024-06-20,L003,530.41,48.22,482.19,BE-13903,15:08:35
13904,2024-06-20,L003,392.26,35.66,356.60,BE-13904,10:51:46
13905,2024-06-21,L001,338.38,30.76,307.62,BE-13905,16:46:37
13906,2024-06-21,L001,428.58,38.96,389.62,BE-13906,16:07:24
13907,2024-06-21,L001,290.86,26.44,264.42,BE-13907,14:22:59
13908,2024-06-21,L001,35.84,3.26,32.58,BE-13908,11:47:56
13909,2024-06-21,L001,74.91,6.81,68.10,BE-13909,13:08:36
13910,2024-06-21,L002,23.58,2.14,21.44,BE-13910,21:50:07
13911,2024-06-21,L002,278.10,25.28,252.82,BE-13911,19:00:25
13912,2024-06-21,L002,275.15,25.01,250.14,BE-13912,19:48:23
13913,2024-06-21,L002,399.60,36.33,363.27,BE-13913,14:53:52
13914,2024-06-22,L001,364.86,33.17,331.69,BE-13914,13:21:07
13915,2024-06-22,L001,193.83,17.62,176.21,BE-13915,20:03:14
13916,2024-06-22,L002,302.03,27.46,274.57,BE-13916,16:56:16
13917,2024-06-22,L002,514.50,46.77,467.73,BE-13917,12:52:07
13918,2024-06-22,L002,294.98,26.82,268.16,BE-13918,21:02:45
13919,2024-06-22,L003,67.88,6.17,61.71,BE-13919,20:43:55
13920,2024-06-22,L003,203.35,18.49,184.86,BE-13920,18:21:22
13921,2024-06-22,L003,250.12,22.74,227.38,BE-13921,20:00:40
13922,2024-06-22,L003,176.78,16.07,160.71,BE-13922,11:47:32
13923,2024-06-22,L003,393.12,35.74,357.38,BE-13923,13:25:43
13924,2024-06-23,L001,246.26,22.39,223.87,BE-13924,19:28:35
13925,2024-06-23,L001,475.50,43.23,432.27,BE-13925,11:45:34
13926,2024-06-23,L001,240.82,21.89,218.93,BE-13926,13:20:26
13927,2024-06-23,L001,286.64,26.06,260.58,BE-13927,12:55:46
13928,2024-06-23,L002,270.26,24.57,245.69,BE-13928,12:45:53
13929,2024-06-23,L003,84.62,7.69,76.93,BE-13929,16:46:20
13930,2024-06-23,L003,477.62,43.42,434.20,BE-13930,19:31:04
13931,2024-06-23,L003,88.46,8.04,80.42,BE-13931,14:14:50
13932,2024-06-24,L001,399.65,36.33,363.32,BE-13932,16:44:57
13933,2024-06-24,L001,412.62,37.51,375.11,BE-13933,11:23:31
13934,2024-06-24,L002,47.29,4.30,42.99,BE-13934,10:59:06
13935,2024-06-25,L001,458.12,41.65,416.47,BE-13935,14:27:03
13936,2024-06-25,L001,309.19,28.11,281.08,BE-13936,18:52:19
13937,2024-06-25,L001,309.87,28.17,281.70,BE-13937,15:50:30
13938,2024-06-25,L001,288.46,26.22,262.24,BE-13938,10:45:34
13939,2024-06-25,L002,237.02,21.55,215.47,BE-13939,21:20:03
13940,2024-06-25,L002,72.49,6.59,65.90,BE-13940,17:39:05
13941,2024-06-25,L002,156.85,14.26,142.59,BE-13941,21:39:17
13942,2024-06-26,L001,328.29,29.84,298.45,BE-13942,14:29:10
13943,2024-06-26,L001,120.86,10.99,109.87,BE-13943,16:58:46
13944,2024-06-26,L001,495.08,45.01,450.07,BE-13944,21:34:18
13945,2024-06-26,L001,419.43,38.13,381.30,BE-13945,20:29:00
13946,2024-06-26,L002,59.19,5.38,53.81,BE-13946,18:26:18
13947,2024-06-26,L002,64.72,5.88,58.84,BE-13947,11:52:48
13948,2024-06-27,L001,470.35,42.76,427.59,BE-13948,13:26:59
13949,2024-06-27,L002,517.63,47.06,470.57,BE-13949,11:42:57
13950,2024-06-27,L003,142.53,12.96,129.57,BE-13950,19:17:20
13951,2024-06-27,L003,175.31,15.94,159.37,BE-13951,13:35:06
13952,2024-06-27,L003,343.62,31.24,312.38,BE-13952,19:47:47
13953,2024-06-27,L003,296.60,26.96,269.64,BE-13953,16:45:08
13954,2024-06-27,L003,457.59,41.60,415.99,BE-13954,17:58:56
13955,2024-06-28,L001,245.11,22.28,222.83,BE-13955,18:58:51
13956,2024-06-28,L001,394.10,35.83,358.27,BE-13956,14:51:08
13957,2024-06-28,L001,355.93,32.36,323.57,BE-13957,14:04:38
13958,2024-06-28,L002,527.54,47.96,479.58,BE-13958,18:36:13
13959,2024-06-28,L002,435.20,39.56,395.64,BE-13959,13:54:58
13960,2024-06-28,L003,287.73,26.16,261.57,BE-13960,10:30:46
13961,2024-06-29,L001,382.65,34.79,347.86,BE-13961,19:34:49
13962,2024-06-29,L002,392.10,35.65,356.45,BE-13962,11:26:04
13963,2024-06-29,L002,283.28,25.75,257.53,BE-13963,10:56:00
13964,2024-06-29,L003,89.77,8.16,81.61,BE-13964,12:03:57
13965,2024-06-29,L003,402.52,36.59,365.93,BE-13965,13:16:17
13966,2024-06-29,L003,76.42,6.95,69.47,BE-13966,15:37:34
13967,2024-06-30,L001,124.80,11.35,113.45,BE-13967,15:31:45
13968,2024-06-30,L002,44.72,4.07,40.65,BE-13968,18:46:39
13969,2024-06-30,L002,117.00,10.64,106.36,BE-13969,10:15:20
13970,2024-06-30,L003,461.78,41.98,419.80,BE-13970,13:31:15
13971,2024-06-30,L003,238.59,21.69,216.90,BE-13971,15:05:30
13972,2024-07-01,L001,537.12,48.83,488.29,BE-13972,13:35:09
13973,2024-07-01,L001,524.78,47.71,477.07,BE-13973,21:04:10
13974,2024-07-01,L001,436.92,39.72,397.20,BE-13974,15:23:48
13975,2024-07-01,L002,23.99,2.18,21.81,BE-13975,13:55:58
13976,2024-07-01,L002,211.52,19.23,192.29,BE-13976,14:49:49
13977,2024-07-01,L003,195.84,17.80,178.04,BE-13977,13:11:51
13978,2024-07-01,L003,99.90,9.08,90.82,BE-13978,20:08:58
13979,2024-07-01,L003,288.06,26.19,261.87,BE-13979,16:00:04
13980,2024-07-01,L003,33.89,3.08,30.81,BE-13980,11:44:27
13981,2024-07-02,L001,505.01,45.91,459.10,BE-13981,14:30:05
13982,2024-07-02,L001,510.36,46.40,463.96,BE-13982,19:00:20
13983,2024-07-02,L001,209.41,19.04,190.37,BE-13983,13:31:54
13984,2024-07-02,L001,356.48,32.41,324.07,BE-13984,16:38:27
13985,2024-07-02,L001,214.31,19.48,194.83,BE-13985,11:47:35
13986,2024-07-02,L002,542.93,49.36,493.57,BE-13986,20:54:42
13987,2024-07-02,L002,230.34,20.94,209.40,BE-13987,10:32:52
13988,2024-07-02,L002,132.91,12.08,120.83,BE-13988,20:47:05
13989,2024-07-02,L002,540.55,49.14,491.41,BE-13989,19:36:59
13990,2024-07-02,L002,301.22,27.38,273.84,BE-13990,19:12:45
13991,2024-07-02,L003,100.41,9.13,91.28,BE-13991,10:17:53
13992,2024-07-02,L003,82.98,7.54,75.44,BE-13992,20:38:17
13993,2024-07-03,L001,320.21,29.11,291.10,BE-13993,18:26:42
13994,2024-07-03,L001,345.20,31.38,313.82,BE-13994,11:26:44
13995,2024-07-03,L001,212.96,19.36,193.60,BE-13995,14:19:42
13996,2024-07-03,L002,320.83,29.17,291.66,BE-13996,16:00:09
13997,2024-07-03,L003,412.46,37.50,374.96,BE-13997,13:17:19
13998,2024-07-03,L003,226.53,20.59,205.94,BE-13998,11:52:52
13999,2024-07-03,L003,72.28,6.57,65.71,BE-13999,11:58:10
14000,2024-07-03,L003,287.07,26.10,260.97,BE-14000,17:13:28
14001,2024-07-03,L003,495.10,45.01,450.09,BE-14001,20:37:37
14002,2024-07-04,L001,315.84,28.71,287.13,BE-14002,17:31:14
14003,2024-07-04,L001,364.97,33.18,331.79,BE-14003,19:48:35
14004,2024-07-04,L001,406.70,36.97,369.73,BE-14004,13:32:47
14005,2024-07-04,L002,538.73,48.98,489.75,BE-14005,14:06:28
14006,2024-07-04,L002,247.12,22.47,224.65,BE-14006,11:57:38
14007,2024-07-04,L002,529.86,48.17,481.69,BE-14007,21:21:47
14008,2024-07-04,L002,96.31,8.76,87.55,BE-14008,15:11:21
14009,2024-07-04,L003,108.43,9.86,98.57,BE-14009,10:06:13
14010,2024-07-04,L003,435.31,39.57,395.74,BE-14010,14:09:11
14011,2024-07-05,L001,435.06,39.55,395.51,BE-14011,14:30:27
14012,2024-07-05,L001,275.12,25.01,250.11,BE-14012,12:57:17
14013,2024-07-05,L001,39.69,3.61,36.08,BE-14013,18:38:40
14014,2024-07-05,L001,541.09,49.19,491.90,BE-14014,12:46:11
14015,2024-07-05,L003,397.81,36.16,361.65,BE-14015,10:40:01
14016,2024-07-05,L003,232.24,21.11,211.13,BE-14016,13:24:04
14017,2024-07-05,L003,139.80,12.71,127.09,BE-14017,20:33:54
14018,2024-07-06,L002,269.94,24.54,245.40,BE-14018,15:39:00
14019,2024-07-06,L002,254.59,23.14,231.45,BE-14019,21:28:44
14020,2024-07-06,L002,544.07,49.46,494.61,BE-14020,15:42:04
14021,2024-07-06,L002,47.11,4.28,42.83,BE-14021,10:07:54
14022,2024-07-06,L003,237.72,21.61,216.11,BE-14022,14:34:33
14023,2024-07-06,L003,185.27,16.84,168.43,BE-14023,18:58:33
14024,2024-07-06,L003,506.84,46.08,460.76,BE-14024,12:10:30
14025,2024-07-06,L003,39.31,3.57,35.74,BE-14025,15:42:37
14026,2024-07-07,L001,546.28,49.66,496.62,BE-14026,15:05:47
14027,2024-07-07,L001,299.77,27.25,272.52,BE-14027,16:42:06
14028,2024-07-07,L001,279.71,25.43,254.28,BE-14028,20:28:39
14029,2024-07-07,L002,378.30,34.39,343.91,BE-14029,19:59:09
14030,2024-07-07,L002,481.58,43.78,437.80,BE-14030,19:45:36
14031,2024-07-07,L003,179.12,16.28,162.84,BE-14031,16:41:10
14032,2024-07-08,L001,215.29,19.57,195.72,BE-14032,18:13:41
14033,2024-07-08,L001,445.59,40.51,405.08,BE-14033,19:18:33
14034,2024-07-08,L002,128.25,11.66,116.59,BE-14034,16:31:52
14035,2024-07-08,L002,238.45,21.68,216.77,BE-14035,11:26:48
14036,2024-07-08,L002,391.90,35.63,356.27,BE-14036,20:17:25
14037,2024-07-08,L002,235.77,21.43,214.34,BE-14037,19:17:50
14038,2024-07-08,L002,347.08,31.55,315.53,BE-14038,12:32:40
14039,2024-07-08,L003,30.79,2.80,27.99,BE-14039,16:38:41
14040,2024-07-08,L003,439.52,39.96,399.56,BE-14040,17:27:03
14041,2024-07-09,L001,520.17,47.29,472.88,BE-14041,15:48:18
14042,2024-07-09,L001,211.06,19.19,191.87,BE-14042,12:18:28
14043,2024-07-09,L001,294.44,26.77,267.67,BE-14043,15:28:45
14044,2024-07-09,L001,225.39,20.49,204.90,BE-14044,15:01:17
14045,2024-07-09,L001,215.64,19.60,196.04,BE-14045,15:37:25
14046,2024-07-09,L002,328.41,29.86,298.55,BE-14046,10:36:14
14047,2024-07-09,L003,486.26,44.21,442.05,BE-14047,21:38:29
14048,2024-07-09,L003,381.99,34.73,347.26,BE-14048,21:51:22
14049,2024-07-10,L001,256.33,23.30,233.03,BE-14049,16:38:26
14050,2024-07-10,L001,162.70,14.79,147.91,BE-14050,11:45:17
14051,2024-07-10,L001,330.43,30.04,300.39,BE-14051,19:07:00
14052,2024-07-10,L001,86.10,7.83,78.27,BE-14052,13:40:48
14053,2024-07-10,L002,301.27,27.39,273.88,BE-14053,12:28:48
14054,2024-07-10,L002,421.99,38.36,383.63,BE-14054,17:39:43
14055,2024-07-10,L003,263.99,24.00,239.99,BE-14055,18:20:14
14056,2024-07-10,L003,363.74,33.07,330.67,BE-14056,10:06:34
14057,2024-07-11,L001,423.03,38.46,384.57,BE-14057,18:45:08
14058,2024-07-11,L001,480.01,43.64,436.37,BE-14058,11:14:19
14059,2024-07-11,L001,218.84,19.89,198.95,BE-14059,14:15:34
14060,2024-07-11,L001,442.72,40.25,402.47,BE-14060,14:16:04
14061,2024-07-11,L001,435.40,39.58,395.82,BE-14061,16:08:42
14062,2024-07-11,L002,466.71,42.43,424.28,BE-14062,15:18:34
14063,2024-07-11,L002,108.43,9.86,98.57,BE-14063,21:10:52
14064,2024-07-11,L002,330.06,30.01,300.05,BE-14064,18:58:31
14065,2024-07-11,L002,185.80,16.89,168.91,BE-14065,17:23:44
14066,2024-07-11,L002,338.27,30.75,307.52,BE-14066,12:52:48
14067,2024-07-11,L003,50.70,4.61,46.09,BE-14067,16:18:27
14068,2024-07-11,L003,538.36,48.94,489.42,BE-14068,20:50:03
14069,2024-07-11,L003,144.87,13.17,131.70,BE-14069,19:47:00
14070,2024-07-11,L003,343.36,31.21,312.15,BE-14070,15:10:08
14071,2024-07-12,L001,236.63,21.51,215.12,BE-14071,11:45:25
14072,2024-07-12,L001,270.13,24.56,245.57,BE-14072,17:26:57
14073,2024-07-12,L001,25.80,2.35,23.45,BE-14073,14:21:18
14074,2024-07-12,L001,315.54,28.69,286.85,BE-14074,16:08:57
14075,2024-07-12,L002,146.12,13.28,132.84,BE-14075,17:34:55
14076,2024-07-12,L003,270.87,24.62,246.25,BE-14076,18:32:03
14077,2024-07-13,L001,101.66,9.24,92.42,BE-14077,16:07:43
14078,2024-07-13,L001,39.45,3.59,35.86,BE-14078,16:26:42
14079,2024-07-13,L001,533.37,48.49,484.88,BE-14079,19:02:53
14080,2024-07-13,L002,352.84,32.08,320.76,BE-14080,12:35:43
14081,2024-07-13,L002,443.72,40.34,403.38,BE-14081,12:23:50
14082,2024-07-13,L002,367.04,33.37,333.67,BE-14082,18:46:41
14083,2024-07-13,L002,531.66,48.33,483.33,BE-14083,16:17:20
14084,2024-07-13,L002,184.97,16.82,168.15,BE-14084,11:56:56
14085,2024-07-13,L003,237.35,21.58,215.77,BE-14085,15:09:31
14086,2024-07-13,L003,30.33,2.76,27.57,BE-14086,12:22:41
14087,2024-07-13,L003,387.28,35.21,352.07,BE-14087,11:11:12
14088,2024-07-13,L003,385.29,35.03,350.26,BE-14088,14:54:14
14089,2024-07-14,L001,219.16,19.92,199.24,BE-14089,16:34:44
14090,2024-07-14,L001,176.03,16.00,160.03,BE-14090,21:35:12
14091,2024-07-14,L003,220.84,20.08,200.76,BE-14091,15:22:31
14092,2024-07-14,L003,529.66,48.15,481.51,BE-14092,19:53:05
14093,2024-07-14,L003,316.54,28.78,287.76,BE-14093,14:02:12
14094,2024-07-15,L001,170.09,15.46,154.63,BE-14094,20:18:37
14095,2024-07-15,L001,213.65,19.42,194.23,BE-14095,15:07:20
14096,2024-07-15,L001,136.36,12.40,123.96,BE-14096,13:25:49
14097,2024-07-15,L001,480.45,43.68,436.77,BE-14097,19:02:32
14098,2024-07-15,L002,64.66,5.88,58.78,BE-14098,10:50:39
14099,2024-07-15,L002,65.52,5.96,59.56,BE-14099,14:45:41
14100,2024-07-15,L003,478.05,43.46,434.59,BE-14100,18:24:00
14101,2024-07-15,L003,338.94,30.81,308.13,BE-14101,14:05:28
14102,2024-07-16,L002,46.71,4.25,42.46,BE-14102,16:38:45
14103,2024-07-16,L002,303.04,27.55,275.49,BE-14103,20:39:50
14104,2024-07-16,L003,524.59,47.69,476.90,BE-14104,21:18:19
14105,2024-07-17,L001,220.64,20.06,200.58,BE-14105,18:23:20
14106,2024-07-17,L001,42.75,3.89,38.86,BE-14106,12:26:35
14107,2024-07-17,L001,367.97,33.45,334.52,BE-14107,11:19:23
14108,2024-07-17,L001,445.26,40.48,404.78,BE-14108,21:46:53
14109,2024-07-17,L001,303.09,27.55,275.54,BE-14109,13:51:57
14110,2024-07-17,L002,105.69,9.61,96.08,BE-14110,13:55:47
14111,2024-07-17,L002,442.76,40.25,402.51,BE-14111,16:59:40
14112,2024-07-17,L002,504.97,45.91,459.06,BE-14112,21:44:15
14113,2024-07-17,L002,388.94,35.36,353.58,BE-14113,13:52:38
14114,2024-07-17,L002,26.87,2.44,24.43,BE-14114,21:31:27
14115,2024-07-17,L003,392.63,35.69,356.94,BE-14115,14:00:29
14116,2024-07-18,L001,501.05,45.55,455.50,BE-14116,14:40:06
14117,2024-07-18,L002,274.20,24.93,249.27,BE-14117,19:39:02
14118,2024-07-18,L002,495.99,45.09,450.90,BE-14118,10:13:36
14119,2024-07-18,L002,50.35,4.58,45.77,BE-14119,16:05:54
14120,2024-07-18,L002,148.68,13.52,135.16,BE-14120,10:38:02
14121,2024-07-18,L003,184.23,16.75,167.48,BE-14121,14:29:36
14122,2024-07-18,L003,363.00,33.00,330.00,BE-14122,16:24:22
14123,2024-07-18,L003,227.46,20.68,206.78,BE-14123,20:25:33
14124,2024-07-19,L001,164.69,14.97,149.72,BE-14124,11:28:59
14125,2024-07-19,L002,185.86,16.90,168.96,BE-14125,14:58:57
14126,2024-07-19,L003,514.13,46.74,467.39,BE-14126,20:17:49
14127,2024-07-19,L003,200.12,18.19,181.93,BE-14127,18:42:51
14128,2024-07-19,L003,388.74,35.34,353.40,BE-14128,10:53:21
14129,2024-07-19,L003,152.59,13.87,138.72,BE-14129,15:06:25
14130,2024-07-20,L002,340.38,30.94,309.44,BE-14130,11:32:39
14131,2024-07-20,L002,350.45,31.86,318.59,BE-14131,12:47:38
14132,2024-07-20,L002,120.45,10.95,109.50,BE-14132,17:03:12
14133,2024-07-20,L002,215.87,19.62,196.25,BE-14133,14:59:36
14134,2024-07-20,L003,465.49,42.32,423.17,BE-14134,11:08:00
14135,2024-07-21,L001,265.58,24.14,241.44,BE-14135,15:58:28
14136,2024-07-21,L001,270.69,24.61,246.08,BE-14136,13:35:05
14137,2024-07-21,L002,549.15,49.92,499.23,BE-14137,19:36:28
14138,2024-07-21,L002,276.55,25.14,251.41,BE-14138,16:36:41
14139,2024-07-21,L002,165.19,15.02,150.17,BE-14139,10:36:07
14140,2024-07-21,L002,242.92,22.08,220.84,BE-14140,12:50:00
14141,2024-07-21,L003,470.13,42.74,427.39,BE-14141,18:16:25
14142,2024-07-21,L003,243.62,22.15,221.47,BE-14142,18:06:01
14143,2024-07-22,L002,153.35,13.94,139.41,BE-14143,12:37:14
14144,2024-07-22,L002,195.78,17.80,177.98,BE-14144,14:40:12
14145,2024-07-22,L002,398.35,36.21,362.14,BE-14145,15:28:30
14146,2024-07-22,L002,120.14,10.92,109.22,BE-14146,18:19:27
14147,2024-07-22,L003,421.32,38.30,383.02,BE-14147,18:43:20
14148,2024-07-22,L003,97.63,8.88,88.75,BE-14148,10:00:01
14149,2024-07-22,L003,28.75,2.61,26.14,BE-14149,15:43:21
14150,2024-07-22,L003,161.57,14.69,146.88,BE-14150,21:02:09
14151,2024-07-22,L003,36.51,3.32,33.19,BE-14151,11:05:15
14152,2024-07-23,L001,509.34,46.30,463.04,BE-14152,11:53:26
14153,2024-07-23,L003,488.77,44.43,444.34,BE-14153,14:49:19
14154,2024-07-23,L003,301.48,27.41,274.07,BE-14154,20:04:08
14155,2024-07-24,L001,331.40,30.13,301.27,BE-14155,12:08:22
14156,2024-07-24,L001,104.12,9.47,94.65,BE-14156,21:52:02
14157,2024-07-24,L001,113.17,10.29,102.88,BE-14157,16:32:26
14158,2024-07-24,L001,360.87,32.81,328.06,BE-14158,14:51:18
14159,2024-07-24,L001,184.01,16.73,167.28,BE-14159,13:28:34
14160,2024-07-24,L002,507.83,46.17,461.66,BE-14160,21:00:57
14161,2024-07-24,L002,352.11,32.01,320.10,BE-14161,17:08:56
14162,2024-07-24,L002,383.82,34.89,348.93,BE-14162,19:00:17
14163,2024-07-24,L002,435.74,39.61,396.13,BE-14163,18:50:13
14164,2024-07-24,L003,69.44,6.31,63.13,BE-14164,17:00:13
14165,2024-07-25,L001,305.18,27.74,277.44,BE-14165,17:47:21
14166,2024-07-25,L001,459.83,41.80,418.03,BE-14166,12:01:38
14167,2024-07-25,L002,25.43,2.31,23.12,BE-14167,11:58:34
14168,2024-07-25,L003,333.76,30.34,303.42,BE-14168,10:50:58
14169,2024-07-25,L003,431.82,39.26,392.56,BE-14169,13:26:09
14170,2024-07-26,L001,408.21,37.11,371.10,BE-14170,14:39:38
14171,2024-07-26,L001,82.24,7.48,74.76,BE-14171,10:25:38
14172,2024-07-26,L001,141.34,12.85,128.49,BE-14172,10:48:53
14173,2024-07-26,L001,466.49,42.41,424.08,BE-14173,17:18:09
14174,2024-07-26,L001,355.20,32.29,322.91,BE-14174,10:50:54
14175,2024-07-26,L002,500.87,45.53,455.34,BE-14175,13:53:34
14176,2024-07-26,L002,488.39,44.40,443.99,BE-14176,21:31:05
14177,2024-07-26,L003,485.88,44.17,441.71,BE-14177,20:03:28
14178,2024-07-27,L003,322.89,29.35,293.54,BE-14178,18:34:19
14179,2024-07-27,L003,240.13,21.83,218.30,BE-14179,18:30:54
14180,2024-07-28,L001,209.30,19.03,190.27,BE-14180,15:03:13
14181,2024-07-28,L001,138.42,12.58,125.84,BE-14181,14:24:32
14182,2024-07-28,L002,368.15,33.47,334.68,BE-14182,12:32:31
14183,2024-07-28,L002,535.47,48.68,486.79,BE-14183,14:57:55
14184,2024-07-28,L002,452.75,41.16,411.59,BE-14184,19:37:18
14185,2024-07-28,L002,362.79,32.98,329.81,BE-14185,15:30:03
14186,2024-07-28,L002,445.85,40.53,405.32,BE-14186,16:19:26
14187,2024-07-28,L003,461.96,42.00,419.96,BE-14187,16:04:17
14188,2024-07-28,L003,89.33,8.12,81.21,BE-14188,10:15:12
14189,2024-07-28,L003,50.97,4.63,46.34,BE-14189,14:09:57
14190,2024-07-28,L003,365.13,33.19,331.94,BE-14190,18:32:16
14191,2024-07-29,L001,368.92,33.54,335.38,BE-14191,17:23:05
14192,2024-07-29,L001,436.07,39.64,396.43,BE-14192,11:31:34
14193,2024-07-29,L001,526.06,47.82,478.24,BE-14193,18:57:34
14194,2024-07-29,L001,92.97,8.45,84.52,BE-14194,11:55:16
14195,2024-07-29,L001,62.36,5.67,56.69,BE-14195,18:31:53
14196,2024-07-29,L003,222.75,20.25,202.50,BE-14196,20:20:35
14197,2024-07-29,L003,487.72,44.34,443.38,BE-14197,17:19:37
14198,2024-07-29,L003,422.64,38.42,384.22,BE-14198,20:27:27
14199,2024-07-29,L003,276.16,25.11,251.05,BE-14199,18:41:31
14200,2024-07-29,L003,530.67,48.24,482.43,BE-14200,12:09:48
14201,2024-07-30,L001,414.82,37.71,377.11,BE-14201,16:08:09
14202,2024-07-30,L001,185.64,16.88,168.76,BE-14202,13:37:12
14203,2024-07-30,L001,114.66,10.42,104.24,BE-14203,20:01:42
14204,2024-07-30,L002,43.98,4.00,39.98,BE-14204,15:56:53
14205,2024-07-30,L003,531.88,48.35,483.53,BE-14205,18:14:21
14206,2024-07-30,L003,246.40,22.40,224.00,BE-14206,16:50:13
14207,2024-07-31,L001,471.48,42.86,428.62,BE-14207,15:07:25
14208,2024-07-31,L001,543.39,49.40,493.99,BE-14208,20:52:42
14209,2024-07-31,L001,443.77,40.34,403.43,BE-14209,16:39:19
14210,2024-07-31,L002,534.25,48.57,485.68,BE-14210,12:46:55
14211,2024-07-31,L002,549.03,49.91,499.12,BE-14211,12:24:15
14212,2024-07-31,L002,189.75,17.25,172.50,BE-14212,16:03:49
14213,2024-07-31,L002,276.44,25.13,251.31,BE-14213,15:17:17
14214,2024-07-31,L002,140.53,12.78,127.75,BE-14214,17:04:33
14215,2024-07-31,L003,337.34,30.67,306.67,BE-14215,20:24:20
14216,2024-07-31,L003,200.94,18.27,182.67,BE-14216,18:46:57
14217,2024-07-31,L003,187.69,17.06,170.63,BE-14217,18:44:08
14218,2024-07-31,L003,390.36,35.49,354.87,BE-14218,12:00:39
14219,2024-07-31,L003,387.33,35.21,352.12,BE-14219,21:55:16
14220,2024-08-01,L001,256.45,23.31,233.14,BE-14220,10:36:31
14221,2024-08-01,L001,514.93,46.81,468.12,BE-14221,13:45:28
14222,2024-08-01,L001,308.12,28.01,280.11,BE-14222,19:28:22
14223,2024-08-01,L001,36.32,3.30,33.02,BE-14223,12:03:08
14224,2024-08-01,L003,25.23,2.29,22.94,BE-14224,21:05:51
14225,2024-08-01,L003,335.25,30.48,304.77,BE-14225,10:11:58
14226,2024-08-01,L003,271.72,24.70,247.02,BE-14226,16:47:13
14227,2024-08-01,L003,414.06,37.64,376.42,BE-14227,18:48:15
14228,2024-08-02,L001,137.27,12.48,124.79,BE-14228,20:54:30
14229,2024-08-02,L003,297.00,27.00,270.00,BE-14229,15:55:33
14230,2024-08-02,L003,131.89,11.99,119.90,BE-14230,21:55:42
14231,2024-08-03,L001,394.09,35.83,358.26,BE-14231,13:07:56
14232,2024-08-03,L001,330.46,30.04,300.42,BE-14232,10:57:49
14233,2024-08-03,L002,35.65,3.24,32.41,BE-14233,20:36:22
14234,2024-08-03,L002,151.67,13.79,137.88,BE-14234,16:33:50
14235,2024-08-04,L001,226.22,20.57,205.65,BE-14235,20:57:54
14236,2024-08-04,L001,336.17,30.56,305.61,BE-14236,21:10:33
14237,2024-08-04,L001,300.31,27.30,273.01,BE-14237,18:50:42
14238,2024-08-04,L001,47.11,4.28,42.83,BE-14238,12:43:12
14239,2024-08-04,L001,506.32,46.03,460.29,BE-14239,21:30:36
14240,2024-08-04,L002,373.31,33.94,339.37,BE-14240,12:49:27
14241,2024-08-04,L003,509.10,46.28,462.82,BE-14241,16:15:06
14242,2024-08-05,L001,308.73,28.07,280.66,BE-14242,13:14:18
14243,2024-08-05,L001,273.35,24.85,248.50,BE-14243,21:41:25
14244,2024-08-05,L001,226.60,20.60,206.00,BE-14244,11:34:05
14245,2024-08-05,L001,523.29,47.57,475.72,BE-14245,21:56:48
14246,2024-08-05,L001,441.66,40.15,401.51,BE-14246,10:02:38
14247,2024-08-05,L002,376.24,34.20,342.04,BE-14247,20:24:31
14248,2024-08-05,L003,339.06,30.82,308.24,BE-14248,19:11:59
14249,2024-08-05,L003,468.46,42.59,425.87,BE-14249,17:51:16
14250,2024-08-06,L001,360.05,32.73,327.32,BE-14250,14:20:37
14251,2024-08-06,L001,322.73,29.34,293.39,BE-14251,12:07:54
14252,2024-08-06,L001,229.09,20.83,208.26,BE-14252,18:42:33
14253,2024-08-06,L002,345.77,31.43,314.34,BE-14253,17:10:41
14254,2024-08-06,L002,473.63,43.06,430.57,BE-14254,11:23:17
14255,2024-08-06,L002,144.66,13.15,131.51,BE-14255,16:52:21
14256,2024-08-06,L002,180.62,16.42,164.20,BE-14256,10:05:30
14257,2024-08-07,L001,291.03,26.46,264.57,BE-14257,15:54:48
14258,2024-08-07,L003,444.44,40.40,404.04,BE-14258,20:58:59
14259,2024-08-07,L003,105.28,9.57,95.71,BE-14259,12:06:42
14260,2024-08-08,L001,23.46,2.13,21.33,BE-14260,13:18:47
14261,2024-08-08,L001,378.51,34.41,344.10,BE-14261,11:26:43
14262,2024-08-08,L002,207.79,18.89,188.90,BE-14262,14:48:21
14263,2024-08-08,L003,389.11,35.37,353.74,BE-14263,16:33:00
14264,2024-08-08,L003,197.26,17.93,179.33,BE-14264,18:59:45
14265,2024-08-08,L003,222.65,20.24,202.41,BE-14265,14:38:41
14266,2024-08-08,L003,268.98,24.45,244.53,BE-14266,12:08:56
14267,2024-08-08,L003,51.54,4.69,46.85,BE-14267,11:40:53
14268,2024-08-10,L001,420.10,38.19,381.91,BE-14268,13:20:23
14269,2024-08-10,L001,449.20,40.84,408.36,BE-14269,11:38:50
14270,2024-08-10,L001,55.34,5.03,50.31,BE-14270,17:21:39
14271,2024-08-10,L001,136.15,12.38,123.77,BE-14271,18:21:05
14272,2024-08-10,L002,361.97,32.91,329.06,BE-14272,21:58:23
14273,2024-08-11,L001,59.66,5.42,54.24,BE-14273,12:39:32
14274,2024-08-11,L003,98.75,8.98,89.77,BE-14274,19:24:00
14275,2024-08-11,L003,465.06,42.28,422.78,BE-14275,19:49:29
14276,2024-08-11,L003,463.47,42.13,421.34,BE-14276,16:04:11
14277,2024-08-11,L003,486.48,44.23,442.25,BE-14277,18:48:22
14278,2024-08-11,L003,289.41,26.31,263.10,BE-14278,18:39:23
14279,2024-08-12,L001,66.42,6.04,60.38,BE-14279,12:01:31
14280,2024-08-12,L001,498.54,45.32,453.22,BE-14280,13:51:49
14281,2024-08-12,L001,239.04,21.73,217.31,BE-14281,18:51:33
14282,2024-08-12,L001,54.74,4.98,49.76,BE-14282,11:02:27
14283,2024-08-12,L002,328.74,29.89,298.85,BE-14283,13:37:48
14284,2024-08-12,L002,260.54,23.69,236.85,BE-14284,11:25:04
14285,2024-08-12,L002,404.93,36.81,368.12,BE-14285,11:15:23
14286,2024-08-12,L002,512.57,46.60,465.97,BE-14286,20:01:27
14287,2024-08-12,L003,281.05,25.55,255.50,BE-14287,16:27:55
14288,2024-08-12,L003,33.92,3.08,30.84,BE-14288,16:44:42
14289,2024-08-12,L003,352.41,32.04,320.37,BE-14289,19:53:51
14290,2024-08-13,L002,263.01,23.91,239.10,BE-14290,21:00:22
14291,2024-08-13,L002,227.39,20.67,206.72,BE-14291,20:43:59
14292,2024-08-13,L002,401.37,36.49,364.88,BE-14292,15:13:21
14293,2024-08-13,L002,469.34,42.67,426.67,BE-14293,15:50:55
14294,2024-08-14,L001,347.29,31.57,315.72,BE-14294,14:01:49
14295,2024-08-14,L001,434.02,39.46,394.56,BE-14295,12:06:10
14296,2024-08-14,L001,284.26,25.84,258.42,BE-14296,12:20:15
14297,2024-08-14,L003,70.60,6.42,64.18,BE-14297,18:12:46
14298,2024-08-14,L003,31.23,2.84,28.39,BE-14298,16:23:57
14299,2024-08-14,L003,331.76,30.16,301.60,BE-14299,13:42:00
14300,2024-08-14,L003,65.93,5.99,59.94,BE-14300,12:11:24
14301,2024-08-14,L003,255.67,23.24,232.43,BE-14301,10:46:29
14302,2024-08-15,L001,541.46,49.22,492.24,BE-14302,14:50:13
14303,2024-08-15,L003,216.82,19.71,197.11,BE-14303,10:31:52
14304,2024-08-15,L003,534.30,48.57,485.73,BE-14304,10:24:41
14305,2024-08-16,L001,198.91,18.08,180.83,BE-14305,14:26:47
14306,2024-08-16,L002,385.40,35.04,350.36,BE-14306,15:21:54
14307,2024-08-16,L002,473.09,43.01,430.08,BE-14307,21:13:38
14308,2024-08-16,L002,255.37,23.22,232.15,BE-14308,11:20:41
14309,2024-08-16,L002,139.79,12.71,127.08,BE-14309,21:40:09
14310,2024-08-16,L002,187.89,17.08,170.81,BE-14310,19:53:28
14311,2024-08-16,L003,491.47,44.68,446.79,BE-14311,12:20:29
14312,2024-08-16,L003,224.18,20.38,203.80,BE-14312,16:00:01
14313,2024-08-17,L001,401.72,36.52,365.20,BE-14313,12:51:04
14314,2024-08-17,L003,405.15,36.83,368.32,BE-14314,21:31:56
14315,2024-08-17,L003,365.72,33.25,332.47,BE-14315,20:12:28
14316,2024-08-17,L003,71.15,6.47,64.68,BE-14316,11:12:49
14317,2024-08-17,L003,257.17,23.38,233.79,BE-14317,18:51:51
14318,2024-08-17,L003,68.90,6.26,62.64,BE-14318,13:32:24
14319,2024-08-18,L001,31.70,2.88,28.82,BE-14319,14:26:36
14320,2024-08-18,L001,130.20,11.84,118.36,BE-14320,20:28:35
14321,2024-08-18,L001,138.97,12.63,126.34,BE-14321,20:43:28
14322,2024-08-18,L001,54.34,4.94,49.40,BE-14322,17:01:43
14323,2024-08-18,L003,115.50,10.50,105.00,BE-14323,14:58:49
14324,2024-08-18,L003,240.55,21.87,218.68,BE-14324,18:06:42
14325,2024-08-18,L003,208.18,18.93,189.25,BE-14325,13:13:20
14326,2024-08-18,L003,314.59,28.60,285.99,BE-14326,20:16:27
14327,2024-08-19,L001,274.80,24.98,249.82,BE-14327,11:14:06
14328,2024-08-19,L002,422.97,38.45,384.52,BE-14328,19:18:38
14329,2024-08-19,L002,211.55,19.23,192.32,BE-14329,13:44:05
14330,2024-08-19,L002,243.96,22.18,221.78,BE-14330,18:40:58
14331,2024-08-19,L003,253.64,23.06,230.58,BE-14331,17:49:49
14332,2024-08-19,L003,155.52,14.14,141.38,BE-14332,21:15:45
14333,2024-08-19,L003,259.66,23.61,236.05,BE-14333,20:15:00
14334,2024-08-19,L003,22.42,2.04,20.38,BE-14334,20:58:05
14335,2024-08-20,L001,211.70,19.25,192.45,BE-14335,21:34:51
14336,2024-08-21,L001,420.07,38.19,381.88,BE-14336,13:29:20
14337,2024-08-21,L002,373.44,33.95,339.49,BE-14337,10:45:12
14338,2024-08-21,L002,278.06,25.28,252.78,BE-14338,16:52:10
14339,2024-08-21,L002,142.97,13.00,129.97,BE-14339,14:19:24
14340,2024-08-21,L003,252.09,22.92,229.17,BE-14340,12:30:20
14341,2024-08-21,L003,468.40,42.58,425.82,BE-14341,21:46:00
14342,2024-08-22,L001,456.95,41.54,415.41,BE-14342,15:35:43
14343,2024-08-22,L003,457.07,41.55,415.52,BE-14343,13:14:58
14344,2024-08-23,L001,152.47,13.86,138.61,BE-14344,19:19:15
14345,2024-08-23,L001,37.58,3.42,34.16,BE-14345,12:26:40
14346,2024-08-23,L001,346.07,31.46,314.61,BE-14346,20:26:57
14347,2024-08-23,L002,100.11,9.10,91.01,BE-14347,11:01:53
14348,2024-08-23,L002,476.08,43.28,432.80,BE-14348,11:24:48
14349,2024-08-23,L002,262.86,23.90,238.96,BE-14349,16:33:16
14350,2024-08-23,L002,517.13,47.01,470.12,BE-14350,21:15:52
14351,2024-08-23,L003,428.29,38.94,389.35,BE-14351,13:18:02
14352,2024-08-23,L003,339.03,30.82,308.21,BE-14352,20:25:50
14353,2024-08-23,L003,503.48,45.77,457.71,BE-14353,21:46:03
14354,2024-08-23,L003,448.68,40.79,407.89,BE-14354,16:03:32
14355,2024-08-24,L001,24.62,2.24,22.38,BE-14355,11:40:23
14356,2024-08-24,L001,233.23,21.20,212.03,BE-14356,13:31:39
14357,2024-08-24,L001,538.26,48.93,489.33,BE-14357,10:43:44
14358,2024-08-24,L001,544.96,49.54,495.42,BE-14358,20:34:08
14359,2024-08-24,L001,204.49,18.59,185.90,BE-14359,18:43:18
14360,2024-08-24,L003,313.62,28.51,285.11,BE-14360,16:47:45
14361,2024-08-24,L003,507.80,46.16,461.64,BE-14361,12:50:05
14362,2024-08-25,L001,174.86,15.90,158.96,BE-14362,12:31:58
14363,2024-08-25,L001,259.91,23.63,236.28,BE-14363,15:59:53
14364,2024-08-25,L001,453.72,41.25,412.47,BE-14364,21:55:45
14365,2024-08-25,L001,319.18,29.02,290.16,BE-14365,21:10:39
14366,2024-08-25,L002,415.69,37.79,377.90,BE-14366,21:08:32
14367,2024-08-25,L002,125.69,11.43,114.26,BE-14367,21:40:05
14368,2024-08-25,L002,152.37,13.85,138.52,BE-14368,14:28:26
14369,2024-08-25,L003,62.48,5.68,56.80,BE-14369,21:29:28
14370,2024-08-25,L003,376.34,34.21,342.13,BE-14370,16:21:01
14371,2024-08-25,L003,305.58,27.78,277.80,BE-14371,16:51:42
14372,2024-08-25,L003,63.05,5.73,57.32,BE-14372,11:36:50
14373,2024-08-25,L003,412.29,37.48,374.81,BE-14373,13:52:30
14374,2024-08-26,L001,264.79,24.07,240.72,BE-14374,16:23:57
14375,2024-08-26,L002,88.89,8.08,80.81,BE-14375,14:14:31
14376,2024-08-26,L002,186.45,16.95,169.50,BE-14376,15:42:31
14377,2024-08-26,L003,203.20,18.47,184.73,BE-14377,14:55:11
14378,2024-08-26,L003,130.05,11.82,118.23,BE-14378,13:54:58
14379,2024-08-26,L003,393.56,35.78,357.78,BE-14379,19:56:35
14380,2024-08-27,L001,292.67,26.61,266.06,BE-14380,15:34:09
14381,2024-08-27,L001,447.39,40.67,406.72,BE-14381,14:19:47
14382,2024-08-27,L001,526.42,47.86,478.56,BE-14382,12:17:18
14383,2024-08-27,L001,337.50,30.68,306.82,BE-14383,18:23:58
14384,2024-08-27,L001,29.50,2.68,26.82,BE-14384,15:09:28
14385,2024-08-27,L003,75.18,6.83,68.35,BE-14385,10:40:40
14386,2024-08-27,L003,218.58,19.87,198.71,BE-14386,13:17:35
14387,2024-08-27,L003,334.13,30.38,303.75,BE-14387,14:00:50
14388,2024-08-27,L003,327.68,29.79,297.89,BE-14388,20:40:12
14389,2024-08-27,L003,178.62,16.24,162.38,BE-14389,20:13:30
14390,2024-08-28,L001,505.86,45.99,459.87,BE-14390,16:42:03
14391,2024-08-28,L001,417.73,37.98,379.75,BE-14391,11:51:45
14392,2024-08-28,L001,96.18,8.74,87.44,BE-14392,13:33:24
14393,2024-08-28,L001,217.73,19.79,197.94,BE-14393,16:43:08
14394,2024-08-28,L002,259.99,23.64,236.35,BE-14394,16:27:51
14395,2024-08-28,L002,361.06,32.82,328.24,BE-14395,11:03:30
14396,2024-08-28,L002,40.18,3.65,36.53,BE-14396,21:42:35
14397,2024-08-28,L002,225.81,20.53,205.28,BE-14397,20:05:36
14398,2024-08-28,L002,514.07,46.73,467.34,BE-14398,12:44:41
14399,2024-08-28,L003,460.71,41.88,418.83,BE-14399,13:55:48
14400,2024-08-28,L003,462.75,42.07,420.68,BE-14400,11:26:04
14401,2024-08-29,L001,183.58,16.69,166.89,BE-14401,20:32:07
14402,2024-08-29,L001,164.94,14.99,149.95,BE-14402,12:13:41
14403,2024-08-29,L001,381.81,34.71,347.10,BE-14403,11:35:02
14404,2024-08-29,L002,104.51,9.50,95.01,BE-14404,21:07:58
14405,2024-08-29,L002,127.39,11.58,115.81,BE-14405,11:42:48
14406,2024-08-29,L002,135.61,12.33,123.28,BE-14406,11:25:15
14407,2024-08-29,L002,405.60,36.87,368.73,BE-14407,20:05:07
14408,2024-08-29,L003,35.98,3.27,32.71,BE-14408,14:06:21
14409,2024-08-30,L002,138.95,12.63,126.32,BE-14409,17:33:47
14410,2024-08-31,L001,95.89,8.72,87.17,BE-14410,14:25:19
14411,2024-08-31,L002,424.72,38.61,386.11,BE-14411,10:55:39
14412,2024-09-01,L001,355.55,32.32,323.23,BE-14412,11:17:48
14413,2024-09-01,L001,195.83,17.80,178.03,BE-14413,20:40:53
14414,2024-09-01,L001,283.48,25.77,257.71,BE-14414,11:03:10
14415,2024-09-01,L003,110.01,10.00,100.01,BE-14415,20:08:17
14416,2024-09-01,L003,534.87,48.62,486.25,BE-14416,14:07:26
14417,2024-09-01,L003,173.51,15.77,157.74,BE-14417,12:25:11
14418,2024-09-01,L003,202.24,18.39,183.85,BE-14418,11:22:39
14419,2024-09-02,L001,308.89,28.08,280.81,BE-14419,19:45:55
14420,2024-09-02,L001,191.22,17.38,173.84,BE-14420,12:31:26
14421,2024-09-02,L002,245.40,22.31,223.09,BE-14421,11:12:44
14422,2024-09-02,L002,92.79,8.44,84.35,BE-14422,10:41:54
14423,2024-09-02,L002,55.39,5.04,50.35,BE-14423,15:18:54
14424,2024-09-02,L002,440.46,40.04,400.42,BE-14424,17:50:13
14425,2024-09-02,L002,279.96,25.45,254.51,BE-14425,12:51:08
14426,2024-09-02,L003,210.74,19.16,191.58,BE-14426,21:08:08
14427,2024-09-02,L003,330.17,30.02,300.15,BE-14427,20:48:53
14428,2024-09-02,L003,149.87,13.62,136.25,BE-14428,21:51:40
14429,2024-09-03,L001,439.55,39.96,399.59,BE-14429,19:00:15
14430,2024-09-03,L002,262.42,23.86,238.56,BE-14430,13:32:27
14431,2024-09-04,L001,259.31,23.57,235.74,BE-14431,10:11:11
14432,2024-09-04,L001,491.72,44.70,447.02,BE-14432,15:29:58
14433,2024-09-04,L001,461.35,41.94,419.41,BE-14433,18:37:59
14434,2024-09-04,L003,165.28,15.03,150.25,BE-14434,14:37:54
14435,2024-09-05,L001,476.34,43.30,433.04,BE-14435,16:42:25
14436,2024-09-05,L001,328.28,29.84,298.44,BE-14436,18:29:21
14437,2024-09-05,L002,484.01,44.00,440.01,BE-14437,18:22:48
14438,2024-09-05,L002,356.60,32.42,324.18,BE-14438,20:37:48
14439,2024-09-05,L002,432.91,39.36,393.55,BE-14439,12:35:18
14440,2024-09-06,L002,85.51,7.77,77.74,BE-14440,10:56:11
14441,2024-09-06,L002,238.56,21.69,216.87,BE-14441,13:28:22
14442,2024-09-06,L002,240.56,21.87,218.69,BE-14442,11:22:00
14443,2024-09-06,L003,256.12,23.28,232.84,BE-14443,12:27:53
14444,2024-09-06,L003,360.03,32.73,327.30,BE-14444,14:22:08
14445,2024-09-07,L001,390.61,35.51,355.10,BE-14445,14:40:44
14446,2024-09-07,L001,548.67,49.88,498.79,BE-14446,19:30:52
14447,2024-09-07,L001,491.80,44.71,447.09,BE-14447,19:46:56
14448,2024-09-07,L002,310.59,28.24,282.35,BE-14448,17:51:41
14449,2024-09-07,L003,453.59,41.24,412.35,BE-14449,15:45:52
14450,2024-09-07,L003,182.61,16.60,166.01,BE-14450,19:24:24
14451,2024-09-07,L003,348.70,31.70,317.00,BE-14451,10:58:48
14452,2024-09-07,L003,299.96,27.27,272.69,BE-14452,17:36:10
14453,2024-09-07,L003,314.81,28.62,286.19,BE-14453,21:48:39
14454,2024-09-08,L001,232.02,21.09,210.93,BE-14454,19:49:20
14455,2024-09-08,L001,208.01,18.91,189.10,BE-14455,12:23:45
14456,2024-09-08,L001,63.62,5.78,57.84,BE-14456,18:59:12
14457,2024-09-08,L001,235.71,21.43,214.28,BE-14457,17:56:34
14458,2024-09-08,L002,278.16,25.29,252.87,BE-14458,16:36:57
14459,2024-09-08,L003,112.63,10.24,102.39,BE-14459,21:12:38
14460,2024-09-09,L002,149.92,13.63,136.29,BE-14460,13:11:59
14461,2024-09-09,L002,468.95,42.63,426.32,BE-14461,21:58:07
14462,2024-09-09,L002,539.64,49.06,490.58,BE-14462,18:00:47
14463,2024-09-09,L002,25.51,2.32,23.19,BE-14463,17:05:10
14464,2024-09-09,L003,344.85,31.35,313.50,BE-14464,15:06:16
14465,2024-09-09,L003,78.83,7.17,71.66,BE-14465,20:57:00
14466,2024-09-10,L001,380.86,34.62,346.24,BE-14466,17:02:00
14467,2024-09-10,L001,418.10,38.01,380.09,BE-14467,12:47:07
14468,2024-09-10,L001,422.51,38.41,384.10,BE-14468,20:34:18
14469,2024-09-10,L002,212.62,19.33,193.29,BE-14469,18:28:49
14470,2024-09-10,L002,286.50,26.05,260.45,BE-14470,11:37:01
14471,2024-09-10,L002,377.93,34.36,343.57,BE-14471,17:43:15
14472,2024-09-10,L002,453.07,41.19,411.88,BE-14472,16:06:25
14473,2024-09-10,L003,266.41,24.22,242.19,BE-14473,12:53:27
14474,2024-09-11,L001,133.67,12.15,121.52,BE-14474,18:02:36
14475,2024-09-11,L001,109.54,9.96,99.58,BE-14475,20:37:03
14476,2024-09-11,L001,542.49,49.32,493.17,BE-14476,15:51:59
14477,2024-09-11,L001,331.20,30.11,301.09,BE-14477,17:22:48
14478,2024-09-11,L001,75.14,6.83,68.31,BE-14478,11:50:14
14479,2024-09-11,L003,352.40,32.04,320.36,BE-14479,13:47:45
14480,2024-09-12,L001,247.02,22.46,224.56,BE-14480,12:44:58
14481,2024-09-13,L001,51.50,4.68,46.82,BE-14481,15:16:28
14482,2024-09-13,L001,428.33,38.94,389.39,BE-14482,17:31:04
14483,2024-09-13,L001,264.84,24.08,240.76,BE-14483,15:06:26
14484,2024-09-13,L001,500.54,45.50,455.04,BE-14484,15:12:31
14485,2024-09-13,L002,302.02,27.46,274.56,BE-14485,15:32:27
14486,2024-09-13,L003,199.68,18.15,181.53,BE-14486,17:33:22
14487,2024-09-13,L003,458.27,41.66,416.61,BE-14487,11:56:32
14488,2024-09-13,L003,486.97,44.27,442.70,BE-14488,17:58:47
14489,2024-09-13,L003,71.15,6.47,64.68,BE-14489,18:09:54
14490,2024-09-14,L001,447.94,40.72,407.22,BE-14490,18:38:20
14491,2024-09-14,L002,328.48,29.86,298.62,BE-14491,19:09:12
14492,2024-09-15,L001,109.04,9.91,99.13,BE-14492,15:54:46
14493,2024-09-15,L001,205.69,18.70,186.99,BE-14493,19:59:22
14494,2024-09-15,L001,501.80,45.62,456.18,BE-14494,11:48:11
14495,2024-09-15,L002,183.49,16.68,166.81,BE-14495,21:38:47
14496,2024-09-15,L002,337.70,30.70,307.00,BE-14496,19:08:14
14497,2024-09-15,L002,342.39,31.13,311.26,BE-14497,11:16:27
14498,2024-09-15,L003,426.18,38.74,387.44,BE-14498,19:30:42
14499,2024-09-15,L003,303.93,27.63,276.30,BE-14499,12:03:17
14500,2024-09-15,L003,292.73,26.61,266.12,BE-14500,10:50:09
14501,2024-09-15,L003,471.82,42.89,428.93,BE-14501,16:16:46
14502,2024-09-15,L003,111.39,10.13,101.26,BE-14502,18:57:01
14503,2024-09-16,L001,143.45,13.04,130.41,BE-14503,20:54:37
14504,2024-09-16,L001,465.23,42.29,422.94,BE-14504,15:39:39
14505,2024-09-16,L001,308.96,28.09,280.87,BE-14505,21:25:54
14506,2024-09-16,L001,522.63,47.51,475.12,BE-14506,17:56:06
14507,2024-09-16,L001,89.05,8.10,80.95,BE-14507,14:55:26
14508,2024-09-16,L003,310.30,28.21,282.09,BE-14508,18:32:29
14509,2024-09-16,L003,416.99,37.91,379.08,BE-14509,21:25:43
14510,2024-09-16,L003,103.17,9.38,93.79,BE-14510,14:07:41
14511,2024-09-16,L003,530.82,48.26,482.56,BE-14511,15:23:50
14512,2024-09-16,L003,50.06,4.55,45.51,BE-14512,14:20:56
14513,2024-09-17,L001,539.41,49.04,490.37,BE-14513,13:19:35
14514,2024-09-17,L001,30.54,2.78,27.76,BE-14514,12:14:05
14515,2024-09-17,L001,333.29,30.30,302.99,BE-14515,13:21:43
14516,2024-09-17,L001,305.45,27.77,277.68,BE-14516,18:07:44
14517,2024-09-17,L001,238.55,21.69,216.86,BE-14517,17:25:11
14518,2024-09-17,L002,176.65,16.06,160.59,BE-14518,10:30:30
14519,2024-09-17,L003,271.98,24.73,247.25,BE-14519,17:09:06
14520,2024-09-18,L001,478.42,43.49,434.93,BE-14520,21:06:51
14521,2024-09-18,L001,370.71,33.70,337.01,BE-14521,17:43:07
14522,2024-09-18,L001,158.06,14.37,143.69,BE-14522,10:59:06
14523,2024-09-18,L001,176.30,16.03,160.27,BE-14523,11:05:33
14524,2024-09-18,L001,363.50,33.05,330.45,BE-14524,15:47:43
14525,2024-09-18,L002,316.26,28.75,287.51,BE-14525,11:33:00
14526,2024-09-18,L002,92.10,8.37,83.73,BE-14526,11:15:20
14527,2024-09-18,L002,281.19,25.56,255.63,BE-14527,14:42:23
14528,2024-09-18,L002,307.59,27.96,279.63,BE-14528,14:07:29
14529,2024-09-18,L003,496.16,45.11,451.05,BE-14529,20:31:45
14530,2024-09-19,L001,176.10,16.01,160.09,BE-14530,15:27:46
14531,2024-09-19,L001,376.87,34.26,342.61,BE-14531,12:45:49
14532,2024-09-19,L001,393.67,35.79,357.88,BE-14532,20:51:24
14533,2024-09-19,L001,141.84,12.89,128.95,BE-14533,10:32:16
14534,2024-09-19,L002,336.07,30.55,305.52,BE-14534,21:23:45
14535,2024-09-19,L002,457.13,41.56,415.57,BE-14535,20:57:26
14536,2024-09-19,L002,144.56,13.14,131.42,BE-14536,13:59:06
14537,2024-09-19,L002,256.67,23.33,233.34,BE-14537,15:33:21
14538,2024-09-19,L003,135.10,12.28,122.82,BE-14538,10:32:45
14539,2024-09-20,L001,438.36,39.85,398.51,BE-14539,16:08:11
14540,2024-09-20,L001,311.85,28.35,283.50,BE-14540,12:57:53
14541,2024-09-20,L001,359.06,32.64,326.42,BE-14541,10:23:28
14542,2024-09-20,L001,298.94,27.18,271.76,BE-14542,21:20:46
14543,2024-09-20,L002,290.01,26.36,263.65,BE-14543,21:25:47
14544,2024-09-20,L002,351.37,31.94,319.43,BE-14544,14:26:00
14545,2024-09-20,L002,26.00,2.36,23.64,BE-14545,15:01:29
14546,2024-09-20,L002,132.98,12.09,120.89,BE-14546,17:02:30
14547,2024-09-20,L003,516.54,46.96,469.58,BE-14547,19:02:36
14548,2024-09-20,L003,495.79,45.07,450.72,BE-14548,11:38:54
14549,2024-09-20,L003,491.59,44.69,446.90,BE-14549,17:26:11
14550,2024-09-21,L002,529.50,48.14,481.36,BE-14550,18:08:42
14551,2024-09-21,L002,62.47,5.68,56.79,BE-14551,11:57:48
14552,2024-09-22,L001,381.63,34.69,346.94,BE-14552,18:33:07
14553,2024-09-22,L001,394.94,35.90,359.04,BE-14553,11:49:24
14554,2024-09-22,L001,515.86,46.90,468.96,BE-14554,11:14:21
14555,2024-09-22,L001,314.52,28.59,285.93,BE-14555,16:29:24
14556,2024-09-22,L002,65.36,5.94,59.42,BE-14556,17:51:45
14557,2024-09-22,L002,423.80,38.53,385.27,BE-14557,10:15:02
14558,2024-09-22,L003,504.58,45.87,458.71,BE-14558,15:00:51
14559,2024-09-22,L003,233.15,21.20,211.95,BE-14559,16:58:36
14560,2024-09-22,L003,34.65,3.15,31.50,BE-14560,20:56:59
14561,2024-09-23,L002,308.13,28.01,280.12,BE-14561,12:09:20
14562,2024-09-23,L003,114.15,10.38,103.77,BE-14562,12:38:31
14563,2024-09-23,L003,358.23,32.57,325.66,BE-14563,12:58:15
14564,2024-09-23,L003,71.08,6.46,64.62,BE-14564,21:06:45
14565,2024-09-23,L003,68.89,6.26,62.63,BE-14565,16:52:27
14566,2024-09-23,L003,196.28,17.84,178.44,BE-14566,17:03:15
14567,2024-09-24,L001,483.69,43.97,439.72,BE-14567,14:55:46
14568,2024-09-24,L001,44.16,4.01,40.15,BE-14568,20:12:11
14569,2024-09-24,L002,130.57,11.87,118.70,BE-14569,21:46:20
14570,2024-09-24,L002,359.11,32.65,326.46,BE-14570,12:15:40
14571,2024-09-24,L002,79.35,7.21,72.14,BE-14571,19:40:33
14572,2024-09-24,L002,239.26,21.75,217.51,BE-14572,19:46:12
14573,2024-09-24,L003,106.07,9.64,96.43,BE-14573,16:27:21
14574,2024-09-24,L003,409.06,37.19,371.87,BE-14574,13:02:56
14575,2024-09-24,L003,398.07,36.19,361.88,BE-14575,11:04:55
14576,2024-09-24,L003,386.04,35.09,350.95,BE-14576,20:44:11
14577,2024-09-25,L001,234.91,21.36,213.55,BE-14577,15:23:54
14578,2024-09-25,L001,95.65,8.70,86.95,BE-14578,19:46:30
14579,2024-09-25,L001,414.39,37.67,376.72,BE-14579,14:29:25
14580,2024-09-25,L001,387.43,35.22,352.21,BE-14580,18:06:49
14581,2024-09-26,L001,432.12,39.28,392.84,BE-14581,20:42:17
14582,2024-09-26,L001,353.04,32.09,320.95,BE-14582,16:10:17
14583,2024-09-26,L001,241.80,21.98,219.82,BE-14583,17:46:19
14584,2024-09-26,L001,77.48,7.04,70.44,BE-14584,14:23:12
14585,2024-09-26,L001,427.67,38.88,388.79,BE-14585,21:13:23
14586,2024-09-26,L002,430.94,39.18,391.76,BE-14586,17:46:53
14587,2024-09-26,L002,132.00,12.00,120.00,BE-14587,13:02:05
14588,2024-09-26,L002,124.12,11.28,112.84,BE-14588,19:54:24
14589,2024-09-26,L002,312.55,28.41,284.14,BE-14589,13:56:51
14590,2024-09-26,L002,333.77,30.34,303.43,BE-14590,17:49:28
14591,2024-09-26,L003,167.94,15.27,152.67,BE-14591,14:33:14
14592,2024-09-26,L003,73.65,6.70,66.95,BE-14592,17:57:47
14593,2024-09-26,L003,431.55,39.23,392.32,BE-14593,21:45:09
14594,2024-09-26,L003,401.07,36.46,364.61,BE-14594,21:57:28
14595,2024-09-27,L001,194.56,17.69,176.87,BE-14595,17:20:06
14596,2024-09-27,L001,327.32,29.76,297.56,BE-14596,17:38:49
14597,2024-09-27,L001,360.25,32.75,327.50,BE-14597,14:47:52
14598,2024-09-28,L001,299.60,27.24,272.36,BE-14598,21:53:31
14599,2024-09-28,L001,93.78,8.53,85.25,BE-14599,17:55:34
14600,2024-09-28,L001,58.48,5.32,53.16,BE-14600,19:14:35
14601,2024-09-28,L001,131.11,11.92,119.19,BE-14601,11:04:49
14602,2024-09-28,L001,169.96,15.45,154.51,BE-14602,12:05:46
14603,2024-09-28,L002,135.78,12.34,123.44,BE-14603,19:34:50
14604,2024-09-28,L002,454.72,41.34,413.38,BE-14604,13:45:16
14605,2024-09-28,L003,297.77,27.07,270.70,BE-14605,12:22:45
14606,2024-09-28,L003,259.46,23.59,235.87,BE-14606,12:30:38
14607,2024-09-28,L003,322.65,29.33,293.32,BE-14607,15:37:25
14608,2024-09-29,L001,262.47,23.86,238.61,BE-14608,10:49:32
14609,2024-09-29,L001,300.94,27.36,273.58,BE-14609,18:15:16
14610,2024-09-29,L001,288.77,26.25,262.52,BE-14610,16:56:46
14611,2024-09-29,L002,148.03,13.46,134.57,BE-14611,17:59:04
14612,2024-09-29,L002,485.07,44.10,440.97,BE-14612,20:19:41
14613,2024-09-29,L003,525.58,47.78,477.80,BE-14613,11:37:39
14614,2024-09-29,L003,208.91,18.99,189.92,BE-14614,13:46:23
14615,2024-09-29,L003,280.15,25.47,254.68,BE-14615,15:18:21
14616,2024-09-29,L003,77.96,7.09,70.87,BE-14616,18:10:41
14617,2024-09-30,L001,101.71,9.25,92.46,BE-14617,21:31:52
14618,2024-09-30,L002,139.45,12.68,126.77,BE-14618,11:33:18
14619,2024-09-30,L002,507.74,46.16,461.58,BE-14619,11:12:38
14620,2024-09-30,L002,238.98,21.73,217.25,BE-14620,20:32:11
14621,2024-09-30,L002,245.49,22.32,223.17,BE-14621,10:23:38
14622,2024-09-30,L003,139.96,12.72,127.24,BE-14622,11:25:36
14623,2024-09-30,L003,501.06,45.55,455.51,BE-14623,10:57:44
14624,2024-09-30,L003,461.88,41.99,419.89,BE-14624,17:53:02
14625,2024-09-30,L003,128.57,11.69,116.88,BE-14625,17:22:09
14626,2024-09-30,L003,239.24,21.75,217.49,BE-14626,13:28:02
14627,2024-10-01,L001,240.26,21.84,218.42,BE-14627,18:08:26
14628,2024-10-01,L001,321.32,29.21,292.11,BE-14628,11:16:05
14629,2024-10-01,L001,466.22,42.38,423.84,BE-14629,13:12:23
14630,2024-10-01,L001,224.74,20.43,204.31,BE-14630,15:29:42
14631,2024-10-01,L002,320.07,29.10,290.97,BE-14631,15:33:16
14632,2024-10-01,L002,177.67,16.15,161.52,BE-14632,14:51:50
14633,2024-10-01,L002,141.20,12.84,128.36,BE-14633,15:53:55
14634,2024-10-01,L002,412.09,37.46,374.63,BE-14634,18:42:27
14635,2024-10-01,L003,90.07,8.19,81.88,BE-14635,10:12:48
14636,2024-10-01,L003,299.06,27.19,271.87,BE-14636,14:35:12
14637,2024-10-01,L003,428.69,38.97,389.72,BE-14637,17:32:43
14638,2024-10-02,L002,434.21,39.47,394.74,BE-14638,10:38:05
14639,2024-10-02,L002,354.57,32.23,322.34,BE-14639,20:43:49
14640,2024-10-02,L002,210.02,19.09,190.93,BE-14640,17:16:14
14641,2024-10-02,L002,28.59,2.60,25.99,BE-14641,17:44:51
14642,2024-10-02,L003,90.98,8.27,82.71,BE-14642,12:46:06
14643,2024-10-02,L003,485.32,44.12,441.20,BE-14643,19:05:13
14644,2024-10-02,L003,129.38,11.76,117.62,BE-14644,13:48:37
14645,2024-10-02,L003,468.90,42.63,426.27,BE-14645,14:50:57
14646,2024-10-02,L003,492.11,44.74,447.37,BE-14646,15:42:07
14647,2024-10-03,L001,338.09,30.74,307.35,BE-14647,14:37:17
14648,2024-10-03,L001,501.04,45.55,455.49,BE-14648,16:10:02
14649,2024-10-03,L001,236.96,21.54,215.42,BE-14649,10:21:06
14650,2024-10-03,L001,484.52,44.05,440.47,BE-14650,16:36:45
14651,2024-10-03,L001,121.06,11.01,110.05,BE-14651,13:29:22
14652,2024-10-03,L002,173.24,15.75,157.49,BE-14652,10:36:36
14653,2024-10-03,L002,359.02,32.64,326.38,BE-14653,15:41:48
14654,2024-10-03,L002,425.08,38.64,386.44,BE-14654,17:03:20
14655,2024-10-03,L002,528.10,48.01,480.09,BE-14655,20:05:47
14656,2024-10-03,L002,513.63,46.69,466.94,BE-14656,16:51:31
14657,2024-10-03,L003,456.89,41.54,415.35,BE-14657,16:05:40
14658,2024-10-03,L003,406.94,36.99,369.95,BE-14658,18:38:01
14659,2024-10-03,L003,34.96,3.18,31.78,BE-14659,19:20:29
14660,2024-10-03,L003,368.51,33.50,335.01,BE-14660,14:47:19
14661,2024-10-03,L003,319.25,29.02,290.23,BE-14661,20:34:30
14662,2024-10-04,L001,545.72,49.61,496.11,BE-14662,15:17:15
14663,2024-10-04,L001,312.42,28.40,284.02,BE-14663,20:54:50
14664,2024-10-04,L002,159.09,14.46,144.63,BE-14664,16:11:51
14665,2024-10-04,L002,163.59,14.87,148.72,BE-14665,17:03:05
14666,2024-10-04,L002,312.61,28.42,284.19,BE-14666,21:33:25
14667,2024-10-04,L003,195.34,17.76,177.58,BE-14667,16:07:19
14668,2024-10-05,L001,240.77,21.89,218.88,BE-14668,10:55:46
14669,2024-10-05,L002,115.96,10.54,105.42,BE-14669,19:05:39
14670,2024-10-05,L003,93.24,8.48,84.76,BE-14670,17:15:10
14671,2024-10-05,L003,530.93,48.27,482.66,BE-14671,12:21:04
14672,2024-10-05,L003,510.87,46.44,464.43,BE-14672,18:16:35
14673,2024-10-05,L003,77.14,7.01,70.13,BE-14673,18:23:55
14674,2024-10-06,L001,183.56,16.69,166.87,BE-14674,12:11:00
14675,2024-10-06,L001,198.01,18.00,180.01,BE-14675,10:52:20
14676,2024-10-06,L001,174.33,15.85,158.48,BE-14676,19:21:02
14677,2024-10-06,L001,38.13,3.47,34.66,BE-14677,11:27:24
14678,2024-10-06,L001,402.00,36.55,365.45,BE-14678,10:05:33
14679,2024-10-06,L003,453.27,41.21,412.06,BE-14679,15:22:40
14680,2024-10-06,L003,147.46,13.41,134.05,BE-14680,11:47:50
14681,2024-10-07,L001,45.01,4.09,40.92,BE-14681,21:53:41
14682,2024-10-07,L001,318.92,28.99,289.93,BE-14682,19:56:11
14683,2024-10-07,L001,118.83,10.80,108.03,BE-14683,19:13:32
14684,2024-10-07,L002,50.74,4.61,46.13,BE-14684,15:57:46
14685,2024-10-07,L002,46.52,4.23,42.29,BE-14685,16:48:32
14686,2024-10-08,L001,288.52,26.23,262.29,BE-14686,10:23:06
14687,2024-10-08,L001,27.52,2.50,25.02,BE-14687,11:40:50
14688,2024-10-08,L001,477.38,43.40,433.98,BE-14688,11:09:08
14689,2024-10-08,L001,291.10,26.46,264.64,BE-14689,17:55:23
14690,2024-10-08,L002,222.97,20.27,202.70,BE-14690,16:22:21
14691,2024-10-08,L002,196.61,17.87,178.74,BE-14691,21:47:27
14692,2024-10-08,L002,521.50,47.41,474.09,BE-14692,13:07:37
14693,2024-10-08,L002,399.63,36.33,363.30,BE-14693,19:34:10
14694,2024-10-09,L001,250.98,22.82,228.16,BE-14694,16:43:56
14695,2024-10-09,L001,233.15,21.20,211.95,BE-14695,17:05:49
14696,2024-10-09,L001,394.28,35.84,358.44,BE-14696,13:56:04
14697,2024-10-09,L001,126.49,11.50,114.99,BE-14697,13:16:18
14698,2024-10-09,L002,377.77,34.34,343.43,BE-14698,20:00:00
14699,2024-10-09,L003,398.13,36.19,361.94,BE-14699,14:15:32
14700,2024-10-09,L003,265.67,24.15,241.52,BE-14700,15:01:37
14701,2024-10-09,L003,307.20,27.93,279.27,BE-14701,10:08:17
14702,2024-10-10,L002,84.90,7.72,77.18,BE-14702,18:43:15
14703,2024-10-10,L003,212.49,19.32,193.17,BE-14703,10:00:47
14704,2024-10-10,L003,138.12,12.56,125.56,BE-14704,10:19:39
14705,2024-10-10,L003,119.17,10.83,108.34,BE-14705,10:31:34
14706,2024-10-11,L001,249.23,22.66,226.57,BE-14706,13:40:34
14707,2024-10-11,L002,380.67,34.61,346.06,BE-14707,21:55:54
14708,2024-10-11,L002,64.20,5.84,58.36,BE-14708,18:04:33
14709,2024-10-11,L003,542.54,49.32,493.22,BE-14709,11:32:06
14710,2024-10-11,L003,313.62,28.51,285.11,BE-14710,20:21:33
14711,2024-10-11,L003,350.46,31.86,318.60,BE-14711,15:27:10
14712,2024-10-11,L003,340.71,30.97,309.74,BE-14712,16:43:21
14713,2024-10-12,L001,449.33,40.85,408.48,BE-14713,18:59:51
14714,2024-10-12,L001,419.94,38.18,381.76,BE-14714,15:16:17
14715,2024-10-12,L001,76.47,6.95,69.52,BE-14715,11:07:21
14716,2024-10-12,L001,285.52,25.96,259.56,BE-14716,16:37:58
14717,2024-10-12,L001,73.77,6.71,67.06,BE-14717,14:46:22
14718,2024-10-12,L002,130.39,11.85,118.54,BE-14718,16:57:22
14719,2024-10-12,L002,213.24,19.39,193.85,BE-14719,15:56:46
14720,2024-10-12,L003,171.14,15.56,155.58,BE-14720,20:06:05
14721,2024-10-12,L003,162.17,14.74,147.43,BE-14721,16:10:00
14722,2024-10-12,L003,197.73,17.98,179.75,BE-14722,17:21:35
14723,2024-10-12,L003,450.43,40.95,409.48,BE-14723,15:52:59
14724,2024-10-13,L002,26.79,2.44,24.35,BE-14724,16:44:31
14725,2024-10-13,L002,505.46,45.95,459.51,BE-14725,18:35:32
14726,2024-10-13,L002,98.90,8.99,89.91,BE-14726,19:33:44
14727,2024-10-13,L003,80.61,7.33,73.28,BE-14727,12:24:38
14728,2024-10-13,L003,233.54,21.23,212.31,BE-14728,17:53:08
14729,2024-10-14,L001,229.36,20.85,208.51,BE-14729,17:58:00
14730,2024-10-14,L002,401.74,36.52,365.22,BE-14730,19:25:58
14731,2024-10-14,L002,129.69,11.79,117.90,BE-14731,11:46:10
14732,2024-10-14,L002,283.75,25.80,257.95,BE-14732,21:00:57
14733,2024-10-15,L001,268.18,24.38,243.80,BE-14733,20:34:18
14734,2024-10-15,L001,84.25,7.66,76.59,BE-14734,10:43:18
14735,2024-10-15,L001,419.66,38.15,381.51,BE-14735,10:08:04
14736,2024-10-15,L002,474.96,43.18,431.78,BE-14736,21:39:53
14737,2024-10-15,L003,436.98,39.73,397.25,BE-14737,11:36:31
14738,2024-10-15,L003,173.53,15.78,157.75,BE-14738,18:06:46
14739,2024-10-15,L003,121.54,11.05,110.49,BE-14739,21:09:22
14740,2024-10-16,L001,74.27,6.75,67.52,BE-14740,21:39:43
14741,2024-10-16,L002,106.71,9.70,97.01,BE-14741,18:00:51
14742,2024-10-16,L002,200.87,18.26,182.61,BE-14742,11:12:57
14743,2024-10-16,L002,507.93,46.18,461.75,BE-14743,11:18:27
14744,2024-10-17,L001,338.79,30.80,307.99,BE-14744,18:58:38
14745,2024-10-17,L001,64.57,5.87,58.70,BE-14745,13:28:44
14746,2024-10-17,L002,131.79,11.98,119.81,BE-14746,19:28:12
14747,2024-10-17,L002,414.30,37.66,376.64,BE-14747,17:05:49
14748,2024-10-17,L003,450.10,40.92,409.18,BE-14748,14:09:02
14749,2024-10-17,L003,324.31,29.48,294.83,BE-14749,19:51:15
14750,2024-10-18,L003,477.40,43.40,434.00,BE-14750,13:26:23
14751,2024-10-19,L001,181.87,16.53,165.34,BE-14751,16:50:37
14752,2024-10-19,L001,466.72,42.43,424.29,BE-14752,11:36:34
14753,2024-10-19,L001,377.50,34.32,343.18,BE-14753,16:32:40
14754,2024-10-19,L002,531.84,48.35,483.49,BE-14754,15:10:34
14755,2024-10-19,L002,28.13,2.56,25.57,BE-14755,16:59:18
14756,2024-10-19,L002,296.09,26.92,269.17,BE-14756,12:37:56
14757,2024-10-19,L003,137.67,12.52,125.15,BE-14757,19:31:06
14758,2024-10-19,L003,295.28,26.84,268.44,BE-14758,12:40:30
14759,2024-10-19,L003,353.14,32.10,321.04,BE-14759,10:08:57
14760,2024-10-19,L003,299.66,27.24,272.42,BE-14760,19:21:51
14761,2024-10-19,L003,241.29,21.94,219.35,BE-14761,19:05:33
14762,2024-10-20,L001,209.70,19.06,190.64,BE-14762,19:15:03
14763,2024-10-20,L001,204.69,18.61,186.08,BE-14763,20:34:18
14764,2024-10-20,L001,53.89,4.90,48.99,BE-14764,17:13:56
14765,2024-10-20,L001,384.36,34.94,349.42,BE-14765,20:55:06
14766,2024-10-20,L001,505.18,45.93,459.25,BE-14766,15:42:35
14767,2024-10-20,L002,502.07,45.64,456.43,BE-14767,11:42:29
14768,2024-10-20,L002,53.22,4.84,48.38,BE-14768,12:05:04
14769,2024-10-20,L002,164.73,14.98,149.75,BE-14769,21:20:43
14770,2024-10-20,L002,224.24,20.39,203.85,BE-14770,11:44:31
14771,2024-10-20,L003,83.41,7.58,75.83,BE-14771,16:40:32
14772,2024-10-20,L003,276.42,25.13,251.29,BE-14772,17:30:14
14773,2024-10-20,L003,317.96,28.91,289.05,BE-14773,20:55:19
14774,2024-10-20,L003,83.45,7.59,75.86,BE-14774,14:03:39
14775,2024-10-21,L001,473.04,43.00,430.04,BE-14775,19:08:21
14776,2024-10-21,L001,330.55,30.05,300.50,BE-14776,17:08:57
14777,2024-10-21,L002,296.66,26.97,269.69,BE-14777,14:27:14
14778,2024-10-21,L002,271.40,24.67,246.73,BE-14778,10:26:52
14779,2024-10-21,L003,92.58,8.42,84.16,BE-14779,20:27:06
14780,2024-10-21,L003,529.16,48.11,481.05,BE-14780,17:35:55
14781,2024-10-21,L003,276.63,25.15,251.48,BE-14781,15:17:44
14782,2024-10-21,L003,105.66,9.61,96.05,BE-14782,19:18:53
14783,2024-10-22,L001,455.73,41.43,414.30,BE-14783,20:11:31
14784,2024-10-22,L001,350.97,31.91,319.06,BE-14784,14:46:35
14785,2024-10-22,L001,490.35,44.58,445.77,BE-14785,19:28:59
14786,2024-10-22,L002,124.34,11.30,113.04,BE-14786,12:55:19
14787,2024-10-22,L003,526.00,47.82,478.18,BE-14787,19:58:14
14788,2024-10-23,L001,299.93,27.27,272.66,BE-14788,10:21:47
14789,2024-10-23,L001,151.67,13.79,137.88,BE-14789,17:06:09
14790,2024-10-23,L001,101.02,9.18,91.84,BE-14790,19:04:16
14791,2024-10-23,L003,383.13,34.83,348.30,BE-14791,13:38:44
14792,2024-10-23,L003,72.69,6.61,66.08,BE-14792,11:13:07
14793,2024-10-23,L003,507.17,46.11,461.06,BE-14793,17:40:44
14794,2024-10-24,L001,46.26,4.21,42.05,BE-14794,19:41:49
14795,2024-10-24,L001,158.19,14.38,143.81,BE-14795,12:14:02
14796,2024-10-24,L002,459.03,41.73,417.30,BE-14796,11:50:55
14797,2024-10-24,L002,349.14,31.74,317.40,BE-14797,13:15:27
14798,2024-10-24,L002,497.18,45.20,451.98,BE-14798,15:10:47
14799,2024-10-24,L002,129.46,11.77,117.69,BE-14799,19:00:43
14800,2024-10-24,L003,400.04,36.37,363.67,BE-14800,15:34:54
14801,2024-10-24,L003,392.80,35.71,357.09,BE-14801,19:12:46
14802,2024-10-24,L003,165.26,15.02,150.24,BE-14802,16:34:50
14803,2024-10-25,L002,267.95,24.36,243.59,BE-14803,17:08:59
14804,2024-10-25,L002,266.07,24.19,241.88,BE-14804,10:25:39
14805,2024-10-25,L002,359.59,32.69,326.90,BE-14805,17:20:30
14806,2024-10-25,L002,111.90,10.17,101.73,BE-14806,21:17:42
14807,2024-10-25,L003,394.96,35.91,359.05,BE-14807,11:08:07
14808,2024-10-25,L003,488.98,44.45,444.53,BE-14808,17:24:18
14809,2024-10-25,L003,460.36,41.85,418.51,BE-14809,13:10:09
14810,2024-10-25,L003,524.29,47.66,476.63,BE-14810,18:03:37
14811,2024-10-26,L001,116.63,10.60,106.03,BE-14811,19:29:44
14812,2024-10-26,L001,144.28,13.12,131.16,BE-14812,12:40:21
14813,2024-10-26,L001,200.40,18.22,182.18,BE-14813,14:42:10
14814,2024-10-26,L002,294.88,26.81,268.07,BE-14814,12:30:30
14815,2024-10-26,L003,283.18,25.74,257.44,BE-14815,17:39:29
14816,2024-10-26,L003,289.01,26.27,262.74,BE-14816,20:24:30
14817,2024-10-26,L003,144.50,13.14,131.36,BE-14817,10:05:27
14818,2024-10-26,L003,168.70,15.34,153.36,BE-14818,18:19:10
14819,2024-10-27,L001,186.16,16.92,169.24,BE-14819,17:47:17
14820,2024-10-27,L001,340.49,30.95,309.54,BE-14820,13:14:11
14821,2024-10-27,L001,269.70,24.52,245.18,BE-14821,17:50:14
14822,2024-10-27,L003,228.84,20.80,208.04,BE-14822,13:54:20
14823,2024-10-27,L003,36.60,3.33,33.27,BE-14823,17:19:26
14824,2024-10-27,L003,495.79,45.07,450.72,BE-14824,13:37:55
14825,2024-10-28,L002,321.42,29.22,292.20,BE-14825,19:01:51
14826,2024-10-29,L002,346.50,31.50,315.00,BE-14826,13:20:43
14827,2024-10-29,L003,336.26,30.57,305.69,BE-14827,13:57:33
14828,2024-10-29,L003,311.67,28.33,283.34,BE-14828,16:33:17
14829,2024-10-29,L003,276.91,25.17,251.74,BE-14829,16:01:30
14830,2024-10-29,L003,204.59,18.60,185.99,BE-14830,16:24:12
14831,2024-10-30,L001,384.18,34.93,349.25,BE-14831,10:07:58
14832,2024-10-30,L002,549.99,50.00,499.99,BE-14832,12:48:22
14833,2024-10-30,L002,417.20,37.93,379.27,BE-14833,20:55:31
14834,2024-10-30,L002,398.40,36.22,362.18,BE-14834,12:58:30
14835,2024-10-30,L002,104.28,9.48,94.80,BE-14835,19:39:41
14836,2024-10-30,L002,150.91,13.72,137.19,BE-14836,12:54:23
14837,2024-10-31,L001,61.51,5.59,55.92,BE-14837,18:59:52
14838,2024-11-01,L001,209.04,19.00,190.04,BE-14838,18:44:30
14839,2024-11-01,L001,139.23,12.66,126.57,BE-14839,16:02:14
14840,2024-11-01,L002,174.14,15.83,158.31,BE-14840,18:13:54
14841,2024-11-01,L002,257.81,23.44,234.37,BE-14841,16:36:33
14842,2024-11-01,L002,453.86,41.26,412.60,BE-14842,15:37:33
14843,2024-11-01,L002,201.95,18.36,183.59,BE-14843,16:11:01
14844,2024-11-01,L002,488.56,44.41,444.15,BE-14844,12:30:13
14845,2024-11-01,L003,482.04,43.82,438.22,BE-14845,21:34:16
14846,2024-11-02,L001,524.71,47.70,477.01,BE-14846,21:53:07
14847,2024-11-02,L001,321.33,29.21,292.12,BE-14847,13:52:14
14848,2024-11-02,L001,450.37,40.94,409.43,BE-14848,12:25:37
14849,2024-11-02,L001,144.93,13.18,131.75,BE-14849,13:20:21
14850,2024-11-02,L001,267.67,24.33,243.34,BE-14850,16:37:54
14851,2024-11-02,L003,504.29,45.84,458.45,BE-14851,10:13:02
14852,2024-11-02,L003,168.49,15.32,153.17,BE-14852,17:34:41
14853,2024-11-02,L003,321.35,29.21,292.14,BE-14853,14:04:16
14854,2024-11-02,L003,533.24,48.48,484.76,BE-14854,19:12:21
14855,2024-11-02,L003,302.53,27.50,275.03,BE-14855,16:14:13
14856,2024-11-03,L001,166.64,15.15,151.49,BE-14856,17:45:37
14857,2024-11-03,L002,403.82,36.71,367.11,BE-14857,10:14:23
14858,2024-11-03,L003,481.44,43.77,437.67,BE-14858,11:30:56
14859,2024-11-04,L001,44.83,4.08,40.75,BE-14859,16:34:57
14860,2024-11-04,L001,497.81,45.26,452.55,BE-14860,10:07:08
14861,2024-11-04,L002,239.98,21.82,218.16,BE-14861,19:12:41
14862,2024-11-04,L003,492.48,44.77,447.71,BE-14862,15:59:12
14863,2024-11-05,L001,252.90,22.99,229.91,BE-14863,15:43:07
14864,2024-11-05,L001,28.37,2.58,25.79,BE-14864,15:59:38
14865,2024-11-05,L001,401.63,36.51,365.12,BE-14865,11:22:20
14866,2024-11-05,L003,116.31,10.57,105.74,BE-14866,15:16:32
14867,2024-11-05,L003,493.82,44.89,448.93,BE-14867,13:48:30
14868,2024-11-05,L003,90.31,8.21,82.10,BE-14868,20:04:14
14869,2024-11-05,L003,390.13,35.47,354.66,BE-14869,19:45:36
14870,2024-11-06,L001,325.14,29.56,295.58,BE-14870,14:21:44
14871,2024-11-06,L001,452.12,41.10,411.02,BE-14871,11:10:37
14872,2024-11-06,L001,376.98,34.27,342.71,BE-14872,19:45:23
14873,2024-11-06,L002,251.90,22.90,229.00,BE-14873,11:55:24
14874,2024-11-06,L002,202.26,18.39,183.87,BE-14874,21:03:55
14875,2024-11-06,L002,394.80,35.89,358.91,BE-14875,12:58:33
14876,2024-11-06,L002,161.61,14.69,146.92,BE-14876,19:27:34
14877,2024-11-06,L002,482.31,43.85,438.46,BE-14877,19:56:08
14878,2024-11-06,L003,487.78,44.34,443.44,BE-14878,17:32:24
14879,2024-11-07,L001,451.78,41.07,410.71,BE-14879,10:31:44
14880,2024-11-07,L001,71.85,6.53,65.32,BE-14880,18:14:09
14881,2024-11-07,L002,406.42,36.95,369.47,BE-14881,21:47:37
14882,2024-11-07,L002,74.36,6.76,67.60,BE-14882,20:36:41
14883,2024-11-07,L002,358.02,32.55,325.47,BE-14883,16:52:57
14884,2024-11-07,L002,371.23,33.75,337.48,BE-14884,20:08:33
14885,2024-11-07,L002,162.10,14.74,147.36,BE-14885,19:58:44
14886,2024-11-08,L002,327.72,29.79,297.93,BE-14886,13:57:41
14887,2024-11-08,L002,490.15,44.56,445.59,BE-14887,21:21:12
14888,2024-11-08,L002,289.84,26.35,263.49,BE-14888,20:50:56
14889,2024-11-08,L002,458.35,41.67,416.68,BE-14889,19:26:07
14890,2024-11-08,L002,202.07,18.37,183.70,BE-14890,16:33:35
14891,2024-11-08,L003,160.29,14.57,145.72,BE-14891,13:17:10
14892,2024-11-08,L003,522.81,47.53,475.28,BE-14892,14:07:25
14893,2024-11-08,L003,341.90,31.08,310.82,BE-14893,11:43:20
14894,2024-11-09,L001,75.83,6.89,68.94,BE-14894,15:03:44
14895,2024-11-09,L001,217.98,19.82,198.16,BE-14895,21:52:48
14896,2024-11-09,L001,142.37,12.94,129.43,BE-14896,10:02:02
14897,2024-11-09,L002,287.85,26.17,261.68,BE-14897,16:14:55
14898,2024-11-09,L002,403.52,36.68,366.84,BE-14898,12:17:53
14899,2024-11-09,L002,530.05,48.19,481.86,BE-14899,21:29:46
14900,2024-11-09,L002,386.09,35.10,350.99,BE-14900,13:30:47
14901,2024-11-09,L002,362.82,32.98,329.84,BE-14901,21:32:42
14902,2024-11-09,L003,458.35,41.67,416.68,BE-14902,19:12:10
14903,2024-11-09,L003,449.03,40.82,408.21,BE-14903,13:03:43
14904,2024-11-09,L003,133.08,12.10,120.98,BE-14904,19:03:03
14905,2024-11-10,L001,249.69,22.70,226.99,BE-14905,21:41:07
14906,2024-11-10,L001,43.27,3.93,39.34,BE-14906,20:09:31
14907,2024-11-10,L001,119.00,10.82,108.18,BE-14907,12:26:17
14908,2024-11-10,L001,124.95,11.36,113.59,BE-14908,19:46:29
14909,2024-11-10,L003,518.47,47.13,471.34,BE-14909,11:15:56
14910,2024-11-11,L001,224.90,20.45,204.45,BE-14910,11:49:53
14911,2024-11-11,L001,457.57,41.60,415.97,BE-14911,17:06:07
14912,2024-11-11,L002,179.17,16.29,162.88,BE-14912,14:22:51
14913,2024-11-11,L002,241.46,21.95,219.51,BE-14913,21:28:57
14914,2024-11-11,L002,181.81,16.53,165.28,BE-14914,15:09:07
14915,2024-11-11,L002,195.80,17.80,178.00,BE-14915,21:01:02
14916,2024-11-11,L003,422.14,38.38,383.76,BE-14916,19:15:54
14917,2024-11-11,L003,276.04,25.09,250.95,BE-14917,17:11:41
14918,2024-11-11,L003,436.00,39.64,396.36,BE-14918,17:48:22
14919,2024-11-11,L003,172.96,15.72,157.24,BE-14919,13:07:12
14920,2024-11-12,L001,195.48,17.77,177.71,BE-14920,16:21:43
14921,2024-11-12,L002,25.22,2.29,22.93,BE-14921,15:36:30
14922,2024-11-12,L002,298.08,27.10,270.98,BE-14922,12:29:00
14923,2024-11-12,L002,167.10,15.19,151.91,BE-14923,17:03:19
14924,2024-11-12,L002,191.10,17.37,173.73,BE-14924,14:03:15
14925,2024-11-12,L003,421.55,38.32,383.23,BE-14925,10:51:07
14926,2024-11-12,L003,256.91,23.36,233.55,BE-14926,15:02:10
14927,2024-11-12,L003,330.57,30.05,300.52,BE-14927,14:13:32
14928,2024-11-12,L003,300.81,27.35,273.46,BE-14928,19:57:27
14929,2024-11-12,L003,375.65,34.15,341.50,BE-14929,14:34:12
14930,2024-11-13,L001,262.88,23.90,238.98,BE-14930,20:31:18
14931,2024-11-13,L001,528.42,48.04,480.38,BE-14931,11:59:35
14932,2024-11-13,L002,259.00,23.55,235.45,BE-14932,10:10:20
14933,2024-11-13,L003,305.40,27.76,277.64,BE-14933,11:00:46
14934,2024-11-13,L003,317.08,28.83,288.25,BE-14934,12:32:45
14935,2024-11-13,L003,537.57,48.87,488.70,BE-14935,13:28:23
14936,2024-11-14,L001,60.34,5.49,54.85,BE-14936,21:58:07
14937,2024-11-14,L001,298.83,27.17,271.66,BE-14937,15:33:43
14938,2024-11-14,L001,525.33,47.76,477.57,BE-14938,21:36:09
14939,2024-11-14,L001,461.65,41.97,419.68,BE-14939,20:07:06
14940,2024-11-14,L003,509.51,46.32,463.19,BE-14940,14:11:08
14941,2024-11-14,L003,424.58,38.60,385.98,BE-14941,17:53:44
14942,2024-11-14,L003,428.55,38.96,389.59,BE-14942,15:36:08
14943,2024-11-14,L003,402.60,36.60,366.00,BE-14943,19:50:58
14944,2024-11-15,L002,428.29,38.94,389.35,BE-14944,19:23:06
14945,2024-11-15,L002,446.92,40.63,406.29,BE-14945,20:47:03
14946,2024-11-15,L003,490.58,44.60,445.98,BE-14946,18:21:15
14947,2024-11-16,L001,91.23,8.29,82.94,BE-14947,11:46:57
14948,2024-11-16,L001,72.26,6.57,65.69,BE-14948,16:16:42
14949,2024-11-16,L001,128.52,11.68,116.84,BE-14949,15:56:12
14950,2024-11-16,L001,501.72,45.61,456.11,BE-14950,17:28:37
14951,2024-11-16,L001,80.89,7.35,73.54,BE-14951,10:58:42
14952,2024-11-16,L002,548.34,49.85,498.49,BE-14952,13:32:22
14953,2024-11-16,L003,67.79,6.16,61.63,BE-14953,13:11:12
14954,2024-11-17,L001,298.72,27.16,271.56,BE-14954,12:35:31
14955,2024-11-17,L001,172.93,15.72,157.21,BE-14955,21:44:35
14956,2024-11-17,L002,329.44,29.95,299.49,BE-14956,13:42:07
14957,2024-11-17,L002,34.32,3.12,31.20,BE-14957,19:33:28
14958,2024-11-17,L002,353.71,32.16,321.55,BE-14958,14:49:10
14959,2024-11-17,L002,54.18,4.93,49.25,BE-14959,14:01:55
14960,2024-11-17,L003,32.64,2.97,29.67,BE-14960,13:57:11
14961,2024-11-17,L003,68.62,6.24,62.38,BE-14961,19:28:12
14962,2024-11-17,L003,225.07,20.46,204.61,BE-14962,16:24:32
14963,2024-11-18,L001,244.94,22.27,222.67,BE-14963,15:56:20
14964,2024-11-18,L003,255.48,23.23,232.25,BE-14964,16:19:59
14965,2024-11-18,L003,155.62,14.15,141.47,BE-14965,16:28:33
14966,2024-11-18,L003,541.41,49.22,492.19,BE-14966,16:01:51
14967,2024-11-18,L003,498.38,45.31,453.07,BE-14967,11:43:51
14968,2024-11-19,L001,384.67,34.97,349.70,BE-14968,15:58:03
14969,2024-11-19,L001,91.95,8.36,83.59,BE-14969,11:15:05
14970,2024-11-19,L001,461.91,41.99,419.92,BE-14970,19:32:49
14971,2024-11-19,L001,57.28,5.21,52.07,BE-14971,18:43:44
14972,2024-11-19,L001,112.61,10.24,102.37,BE-14972,15:22:46
14973,2024-11-19,L002,129.65,11.79,117.86,BE-14973,20:14:23
14974,2024-11-19,L002,346.31,31.48,314.83,BE-14974,14:23:56
14975,2024-11-19,L002,359.72,32.70,327.02,BE-14975,21:19:40
14976,2024-11-19,L002,84.83,7.71,77.12,BE-14976,10:51:49
14977,2024-11-19,L003,265.21,24.11,241.10,BE-14977,20:23:40
14978,2024-11-19,L003,381.03,34.64,346.39,BE-14978,10:06:04
14979,2024-11-19,L003,506.19,46.02,460.17,BE-14979,11:09:34
14980,2024-11-19,L003,206.02,18.73,187.29,BE-14980,14:55:03
14981,2024-11-20,L001,154.86,14.08,140.78,BE-14981,11:22:21
14982,2024-11-20,L001,442.65,40.24,402.41,BE-14982,13:19:48
14983,2024-11-20,L001,222.19,20.20,201.99,BE-14983,14:44:58
14984,2024-11-20,L001,55.57,5.05,50.52,BE-14984,13:44:07
14985,2024-11-20,L001,142.35,12.94,129.41,BE-14985,15:06:24
14986,2024-11-20,L002,393.76,35.80,357.96,BE-14986,13:25:04
14987,2024-11-20,L003,241.48,21.95,219.53,BE-14987,10:42:36
14988,2024-11-20,L003,329.70,29.97,299.73,BE-14988,12:54:31
14989,2024-11-20,L003,57.15,5.20,51.95,BE-14989,19:27:26
14990,2024-11-20,L003,387.55,35.23,352.32,BE-14990,13:47:19
14991,2024-11-20,L003,22.70,2.06,20.64,BE-14991,10:01:35
14992,2024-11-21,L001,416.31,37.85,378.46,BE-14992,12:03:37
14993,2024-11-21,L001,345.31,31.39,313.92,BE-14993,18:09:45
14994,2024-11-21,L001,25.99,2.36,23.63,BE-14994,20:29:15
14995,2024-11-21,L001,435.71,39.61,396.10,BE-14995,10:58:22
14996,2024-11-21,L002,78.25,7.11,71.14,BE-14996,19:23:48
14997,2024-11-21,L002,500.43,45.49,454.94,BE-14997,10:59:59
14998,2024-11-21,L002,146.14,13.29,132.85,BE-14998,17:47:01
14999,2024-11-21,L002,195.74,17.79,177.95,BE-14999,15:42:59
15000,2024-11-21,L003,111.21,10.11,101.10,BE-15000,12:40:58
15001,2024-11-21,L003,216.74,19.70,197.04,BE-15001,21:14:13
15002,2024-11-21,L003,144.54,13.14,131.40,BE-15002,16:45:26
15003,2024-11-21,L003,119.21,10.84,108.37,BE-15003,20:51:05
15004,2024-11-22,L002,202.52,18.41,184.11,BE-15004,13:51:41
15005,2024-11-22,L002,377.63,34.33,343.30,BE-15005,21:55:04
15006,2024-11-22,L002,36.46,3.31,33.15,BE-15006,21:17:55
15007,2024-11-22,L002,302.39,27.49,274.90,BE-15007,15:47:50
15008,2024-11-22,L003,532.46,48.41,484.05,BE-15008,13:45:01
15009,2024-11-22,L003,346.75,31.52,315.23,BE-15009,10:05:50
15010,2024-11-22,L003,299.88,27.26,272.62,BE-15010,15:30:43
15011,2024-11-23,L002,157.87,14.35,143.52,BE-15011,19:15:43
15012,2024-11-23,L002,394.61,35.87,358.74,BE-15012,16:20:55
15013,2024-11-23,L002,115.10,10.46,104.64,BE-15013,15:18:14
15014,2024-11-23,L002,442.08,40.19,401.89,BE-15014,15:42:14
15015,2024-11-23,L002,296.64,26.97,269.67,BE-15015,11:10:05
15016,2024-11-23,L003,245.06,22.28,222.78,BE-15016,19:18:29
15017,2024-11-23,L003,368.03,33.46,334.57,BE-15017,11:51:33
15018,2024-11-23,L003,299.92,27.27,272.65,BE-15018,10:02:02
15019,2024-11-24,L001,96.73,8.79,87.94,BE-15019,10:57:21
15020,2024-11-24,L001,489.08,44.46,444.62,BE-15020,10:49:19
15021,2024-11-24,L001,513.89,46.72,467.17,BE-15021,18:58:15
15022,2024-11-24,L001,449.50,40.86,408.64,BE-15022,21:43:48
15023,2024-11-24,L001,199.24,18.11,181.13,BE-15023,14:02:02
15024,2024-11-24,L002,446.79,40.62,406.17,BE-15024,20:07:56
15025,2024-11-24,L002,93.31,8.48,84.83,BE-15025,21:29:01
15026,2024-11-24,L002,263.08,23.92,239.16,BE-15026,11:50:10
15027,2024-11-24,L002,226.00,20.55,205.45,BE-15027,18:41:31
15028,2024-11-24,L002,232.43,21.13,211.30,BE-15028,10:58:08
15029,2024-11-25,L001,369.80,33.62,336.18,BE-15029,18:10:49
15030,2024-11-25,L001,79.68,7.24,72.44,BE-15030,19:55:43
15031,2024-11-25,L002,394.24,35.84,358.40,BE-15031,16:47:35
15032,2024-11-25,L003,266.42,24.22,242.20,BE-15032,16:23:49
15033,2024-11-25,L003,117.67,10.70,106.97,BE-15033,11:28:19
15034,2024-11-26,L001,140.11,12.74,127.37,BE-15034,10:22:39
15035,2024-11-26,L001,306.63,27.88,278.75,BE-15035,19:58:13
15036,2024-11-26,L001,180.66,16.42,164.24,BE-15036,15:29:41
15037,2024-11-26,L001,102.81,9.35,93.46,BE-15037,15:25:40
15038,2024-11-26,L002,201.15,18.29,182.86,BE-15038,18:05:17
15039,2024-11-26,L002,387.82,35.26,352.56,BE-15039,20:57:48
15040,2024-11-27,L003,225.14,20.47,204.67,BE-15040,15:52:57
15041,2024-11-28,L001,539.02,49.00,490.02,BE-15041,16:00:48
15042,2024-11-28,L002,326.90,29.72,297.18,BE-15042,11:49:53
15043,2024-11-28,L002,384.38,34.94,349.44,BE-15043,21:22:46
15044,2024-11-28,L002,157.61,14.33,143.28,BE-15044,19:54:57
15045,2024-11-28,L002,161.85,14.71,147.14,BE-15045,16:11:08
15046,2024-11-28,L003,70.31,6.39,63.92,BE-15046,11:28:15
15047,2024-11-28,L003,507.03,46.09,460.94,BE-15047,18:15:57
15048,2024-11-28,L003,241.75,21.98,219.77,BE-15048,13:09:11
15049,2024-11-29,L001,410.53,37.32,373.21,BE-15049,13:40:45
15050,2024-11-29,L001,453.59,41.24,412.35,BE-15050,21:24:30
15051,2024-11-29,L001,263.77,23.98,239.79,BE-15051,18:22:48
15052,2024-11-29,L001,297.50,27.05,270.45,BE-15052,13:03:40
15053,2024-11-29,L002,213.98,19.45,194.53,BE-15053,17:12:03
15054,2024-11-29,L002,120.63,10.97,109.66,BE-15054,21:40:29
15055,2024-11-29,L003,350.50,31.86,318.64,BE-15055,11:47:02
15056,2024-11-30,L002,450.11,40.92,409.19,BE-15056,10:59:23
15057,2024-11-30,L003,452.42,41.13,411.29,BE-15057,11:33:26
15058,2024-11-30,L003,441.10,40.10,401.00,BE-15058,18:24:47
15059,2024-11-30,L003,375.22,34.11,341.11,BE-15059,19:40:53
15060,2024-11-30,L003,471.46,42.86,428.60,BE-15060,16:00:04
15061,2024-12-01,L001,312.92,28.45,284.47,BE-15061,11:59:12
15062,2024-12-01,L001,116.96,10.63,106.33,BE-15062,12:51:44
15063,2024-12-01,L001,545.67,49.61,496.06,BE-15063,15:08:44
15064,2024-12-01,L001,260.96,23.72,237.24,BE-15064,11:56:22
15065,2024-12-01,L001,144.68,13.15,131.53,BE-15065,19:41:02
15066,2024-12-01,L002,276.19,25.11,251.08,BE-15066,10:12:30
15067,2024-12-01,L002,86.49,7.86,78.63,BE-15067,17:48:34
15068,2024-12-01,L002,50.24,4.57,45.67,BE-15068,19:06:27
15069,2024-12-01,L003,197.76,17.98,179.78,BE-15069,19:40:01
15070,2024-12-02,L001,530.54,48.23,482.31,BE-15070,14:17:08
15071,2024-12-02,L001,357.91,32.54,325.37,BE-15071,17:25:49
15072,2024-12-02,L001,303.76,27.61,276.15,BE-15072,16:19:42
15073,2024-12-02,L001,135.51,12.32,123.19,BE-15073,12:05:10
15074,2024-12-02,L002,102.98,9.36,93.62,BE-15074,19:26:20
15075,2024-12-03,L001,483.34,43.94,439.40,BE-15075,19:17:44
15076,2024-12-03,L001,336.12,30.56,305.56,BE-15076,20:30:45
15077,2024-12-03,L001,49.09,4.46,44.63,BE-15077,19:36:58
15078,2024-12-03,L002,48.39,4.40,43.99,BE-15078,19:49:01
15079,2024-12-03,L002,408.06,37.10,370.96,BE-15079,15:29:32
15080,2024-12-03,L002,99.44,9.04,90.40,BE-15080,15:12:59
15081,2024-12-03,L002,55.28,5.03,50.25,BE-15081,11:30:59
15082,2024-12-03,L002,59.47,5.41,54.06,BE-15082,21:03:39
15083,2024-12-03,L003,116.24,10.57,105.67,BE-15083,10:22:50
15084,2024-12-03,L003,415.25,37.75,377.50,BE-15084,21:11:05
15085,2024-12-03,L003,140.13,12.74,127.39,BE-15085,14:49:16
15086,2024-12-04,L001,341.06,31.01,310.05,BE-15086,10:47:59
15087,2024-12-04,L001,296.46,26.95,269.51,BE-15087,11:20:25
15088,2024-12-04,L001,102.26,9.30,92.96,BE-15088,20:09:12
15089,2024-12-04,L001,488.61,44.42,444.19,BE-15089,17:29:45
15090,2024-12-04,L002,440.40,40.04,400.36,BE-15090,16:06:42
15091,2024-12-04,L002,72.48,6.59,65.89,BE-15091,18:45:24
15092,2024-12-05,L002,399.09,36.28,362.81,BE-15092,18:10:25
15093,2024-12-05,L002,279.07,25.37,253.70,BE-15093,10:12:46
15094,2024-12-05,L002,388.83,35.35,353.48,BE-15094,16:49:10
15095,2024-12-05,L002,307.16,27.92,279.24,BE-15095,14:18:23
15096,2024-12-05,L003,391.63,35.60,356.03,BE-15096,20:36:04
15097,2024-12-05,L003,504.00,45.82,458.18,BE-15097,20:34:54
15098,2024-12-06,L001,205.49,18.68,186.81,BE-15098,16:55:30
15099,2024-12-06,L001,157.37,14.31,143.06,BE-15099,13:20:41
15100,2024-12-06,L001,28.84,2.62,26.22,BE-15100,12:38:56
15101,2024-12-06,L001,319.79,29.07,290.72,BE-15101,10:24:17
15102,2024-12-06,L002,363.46,33.04,330.42,BE-15102,14:14:47
15103,2024-12-06,L002,502.69,45.70,456.99,BE-15103,12:01:37
15104,2024-12-06,L002,193.57,17.60,175.97,BE-15104,19:49:37
15105,2024-12-06,L002,106.83,9.71,97.12,BE-15105,12:21:20
15106,2024-12-06,L002,307.48,27.95,279.53,BE-15106,18:12:32
15107,2024-12-07,L001,363.22,33.02,330.20,BE-15107,21:25:35
15108,2024-12-07,L001,463.56,42.14,421.42,BE-15108,14:18:46
15109,2024-12-07,L001,247.19,22.47,224.72,BE-15109,12:10:28
15110,2024-12-07,L001,87.03,7.91,79.12,BE-15110,13:53:40
15111,2024-12-07,L001,170.65,15.51,155.14,BE-15111,20:56:08
15112,2024-12-07,L002,354.95,32.27,322.68,BE-15112,19:01:02
15113,2024-12-07,L002,392.08,35.64,356.44,BE-15113,16:43:20
15114,2024-12-07,L002,219.16,19.92,199.24,BE-15114,16:18:02
15115,2024-12-07,L003,381.93,34.72,347.21,BE-15115,21:44:48
15116,2024-12-07,L003,508.28,46.21,462.07,BE-15116,14:00:21
15117,2024-12-08,L001,235.24,21.39,213.85,BE-15117,14:49:29
15118,2024-12-08,L001,184.47,16.77,167.70,BE-15118,14:10:15
15119,2024-12-08,L003,401.25,36.48,364.77,BE-15119,17:40:59
15120,2024-12-08,L003,115.06,10.46,104.60,BE-15120,21:32:20
15121,2024-12-09,L001,430.41,39.13,391.28,BE-15121,21:49:11
15122,2024-12-09,L001,371.99,33.82,338.17,BE-15122,10:03:35
15123,2024-12-09,L001,56.45,5.13,51.32,BE-15123,12:02:00
15124,2024-12-09,L001,117.48,10.68,106.80,BE-15124,18:45:52
15125,2024-12-09,L002,512.01,46.55,465.46,BE-15125,17:31:44
15126,2024-12-09,L002,212.20,19.29,192.91,BE-15126,17:46:50
15127,2024-12-09,L002,524.15,47.65,476.50,BE-15127,10:22:34
15128,2024-12-09,L002,507.13,46.10,461.03,BE-15128,15:31:49
15129,2024-12-09,L002,176.70,16.06,160.64,BE-15129,19:17:35
15130,2024-12-09,L003,53.85,4.90,48.95,BE-15130,13:14:27
15131,2024-12-09,L003,134.16,12.20,121.96,BE-15131,14:32:05
15132,2024-12-09,L003,296.86,26.99,269.87,BE-15132,15:54:47
15133,2024-12-09,L003,206.80,18.80,188.00,BE-15133,10:04:03
15134,2024-12-09,L003,433.37,39.40,393.97,BE-15134,20:17:43
15135,2024-12-10,L002,195.28,17.75,177.53,BE-15135,17:10:44
15136,2024-12-10,L002,543.84,49.44,494.40,BE-15136,11:21:32
15137,2024-12-10,L002,245.05,22.28,222.77,BE-15137,14:03:46
15138,2024-12-10,L002,162.74,14.79,147.95,BE-15138,13:36:05
15139,2024-12-10,L002,525.66,47.79,477.87,BE-15139,14:26:34
15140,2024-12-11,L001,508.72,46.25,462.47,BE-15140,11:47:59
15141,2024-12-11,L001,403.46,36.68,366.78,BE-15141,13:43:39
15142,2024-12-11,L001,546.81,49.71,497.10,BE-15142,14:14:00
15143,2024-12-11,L001,239.18,21.74,217.44,BE-15143,17:56:01
15144,2024-12-11,L002,300.99,27.36,273.63,BE-15144,13:08:25
15145,2024-12-11,L002,329.67,29.97,299.70,BE-15145,19:26:01
15146,2024-12-11,L003,181.18,16.47,164.71,BE-15146,19:47:48
15147,2024-12-11,L003,398.90,36.26,362.64,BE-15147,14:41:32
15148,2024-12-12,L001,217.86,19.81,198.05,BE-15148,13:39:46
15149,2024-12-12,L001,26.70,2.43,24.27,BE-15149,21:40:27
15150,2024-12-12,L002,146.04,13.28,132.76,BE-15150,11:03:44
15151,2024-12-12,L003,33.30,3.03,30.27,BE-15151,11:58:35
15152,2024-12-12,L003,500.63,45.51,455.12,BE-15152,14:29:50
15153,2024-12-12,L003,276.55,25.14,251.41,BE-15153,13:21:24
15154,2024-12-12,L003,177.31,16.12,161.19,BE-15154,10:08:58
15155,2024-12-12,L003,547.75,49.80,497.95,BE-15155,15:40:14
15156,2024-12-13,L001,254.87,23.17,231.70,BE-15156,17:12:46
15157,2024-12-13,L001,217.71,19.79,197.92,BE-15157,12:29:35
15158,2024-12-13,L001,169.44,15.40,154.04,BE-15158,16:35:02
15159,2024-12-13,L002,417.84,37.99,379.85,BE-15159,16:29:13
15160,2024-12-13,L003,392.72,35.70,357.02,BE-15160,13:48:32
15161,2024-12-14,L001,69.86,6.35,63.51,BE-15161,11:46:05
15162,2024-12-14,L001,195.26,17.75,177.51,BE-15162,18:10:50
15163,2024-12-14,L002,540.81,49.16,491.65,BE-15163,11:35:07
15164,2024-12-14,L002,481.69,43.79,437.90,BE-15164,17:52:46
15165,2024-12-14,L002,123.15,11.20,111.95,BE-15165,16:50:01
15166,2024-12-14,L003,82.51,7.50,75.01,BE-15166,21:13:07
15167,2024-12-15,L001,283.76,25.80,257.96,BE-15167,13:28:42
15168,2024-12-15,L001,410.16,37.29,372.87,BE-15168,17:13:58
15169,2024-12-15,L001,174.38,15.85,158.53,BE-15169,16:37:26
15170,2024-12-15,L003,136.40,12.40,124.00,BE-15170,21:31:16
15171,2024-12-15,L003,179.95,16.36,163.59,BE-15171,17:17:39
15172,2024-12-15,L003,215.63,19.60,196.03,BE-15172,10:42:44
15173,2024-12-16,L001,42.50,3.86,38.64,BE-15173,11:41:24
15174,2024-12-16,L001,510.05,46.37,463.68,BE-15174,12:34:34
15175,2024-12-16,L001,346.59,31.51,315.08,BE-15175,20:11:47
15176,2024-12-16,L002,365.41,33.22,332.19,BE-15176,14:57:24
15177,2024-12-16,L002,91.68,8.33,83.35,BE-15177,18:53:35
15178,2024-12-16,L002,283.95,25.81,258.14,BE-15178,19:11:23
15179,2024-12-16,L002,326.98,29.73,297.25,BE-15179,14:35:06
15180,2024-12-16,L002,370.58,33.69,336.89,BE-15180,17:09:03
15181,2024-12-16,L003,189.11,17.19,171.92,BE-15181,14:51:51
15182,2024-12-16,L003,122.64,11.15,111.49,BE-15182,19:22:43
15183,2024-12-16,L003,228.65,20.79,207.86,BE-15183,19:17:00
15184,2024-12-16,L003,155.61,14.15,141.46,BE-15184,16:27:31
15185,2024-12-16,L003,80.14,7.29,72.85,BE-15185,18:04:33
15186,2024-12-17,L001,480.93,43.72,437.21,BE-15186,16:35:33
15187,2024-12-17,L001,530.39,48.22,482.17,BE-15187,15:50:54
15188,2024-12-17,L002,415.52,37.77,377.75,BE-15188,13:12:21
15189,2024-12-17,L002,112.15,10.20,101.95,BE-15189,12:04:52
15190,2024-12-17,L003,38.10,3.46,34.64,BE-15190,19:03:24
15191,2024-12-18,L001,472.09,42.92,429.17,BE-15191,14:22:58
15192,2024-12-18,L001,169.44,15.40,154.04,BE-15192,17:08:36
15193,2024-12-18,L001,434.12,39.47,394.65,BE-15193,20:53:45
15194,2024-12-18,L003,125.48,11.41,114.07,BE-15194,20:50:22
15195,2024-12-18,L003,512.83,46.62,466.21,BE-15195,21:29:13
15196,2024-12-18,L003,277.46,25.22,252.24,BE-15196,20:05:05
15197,2024-12-18,L003,57.62,5.24,52.38,BE-15197,21:08:47
15198,2024-12-18,L003,272.20,24.75,247.45,BE-15198,21:47:44
15199,2024-12-19,L001,286.70,26.06,260.64,BE-15199,15:53:42
15200,2024-12-19,L001,276.22,25.11,251.11,BE-15200,10:19:43
15201,2024-12-19,L001,145.58,13.23,132.35,BE-15201,14:36:29
15202,2024-12-19,L001,182.44,16.59,165.85,BE-15202,14:04:28
15203,2024-12-19,L002,492.29,44.75,447.54,BE-15203,16:20:11
15204,2024-12-19,L002,173.70,15.79,157.91,BE-15204,10:25:53
15205,2024-12-19,L002,357.36,32.49,324.87,BE-15205,20:37:40
15206,2024-12-20,L001,531.49,48.32,483.17,BE-15206,10:17:37
15207,2024-12-20,L001,243.40,22.13,221.27,BE-15207,17:09:12
15208,2024-12-20,L001,519.52,47.23,472.29,BE-15208,18:26:51
15209,2024-12-20,L001,389.49,35.41,354.08,BE-15209,20:11:10
15210,2024-12-20,L002,530.82,48.26,482.56,BE-15210,17:41:55
15211,2024-12-20,L002,473.02,43.00,430.02,BE-15211,21:44:40
15212,2024-12-20,L002,95.93,8.72,87.21,BE-15212,11:24:03
15213,2024-12-20,L003,165.04,15.00,150.04,BE-15213,18:36:47
15214,2024-12-21,L001,272.12,24.74,247.38,BE-15214,13:22:58
15215,2024-12-21,L002,340.98,31.00,309.98,BE-15215,11:10:50
15216,2024-12-21,L003,103.88,9.44,94.44,BE-15216,10:26:16
15217,2024-12-21,L003,161.66,14.70,146.96,BE-15217,21:29:40
15218,2024-12-22,L001,395.66,35.97,359.69,BE-15218,19:27:19
15219,2024-12-22,L001,534.06,48.55,485.51,BE-15219,15:36:44
15220,2024-12-22,L001,265.52,24.14,241.38,BE-15220,17:53:13
15221,2024-12-22,L001,37.63,3.42,34.21,BE-15221,19:21:18
15222,2024-12-22,L001,148.39,13.49,134.90,BE-15222,19:04:52
15223,2024-12-22,L003,457.51,41.59,415.92,BE-15223,16:41:39
15224,2024-12-23,L001,220.30,20.03,200.27,BE-15224,16:57:51
15225,2024-12-23,L002,237.14,21.56,215.58,BE-15225,11:36:58
15226,2024-12-23,L002,104.76,9.52,95.24,BE-15226,19:19:54
15227,2024-12-23,L002,122.00,11.09,110.91,BE-15227,18:26:06
15228,2024-12-23,L002,144.57,13.14,131.43,BE-15228,16:29:33
15229,2024-12-23,L002,219.86,19.99,199.87,BE-15229,10:40:17
15230,2024-12-23,L003,276.02,25.09,250.93,BE-15230,12:05:50
15231,2024-12-24,L001,346.56,31.51,315.05,BE-15231,11:37:28
15232,2024-12-24,L001,418.73,38.07,380.66,BE-15232,12:58:29
15233,2024-12-24,L002,46.60,4.24,42.36,BE-15233,11:09:00
15234,2024-12-24,L002,280.46,25.50,254.96,BE-15234,17:41:45
15235,2024-12-24,L003,388.50,35.32,353.18,BE-15235,15:45:57
15236,2024-12-24,L003,260.93,23.72,237.21,BE-15236,17:48:51
15237,2024-12-24,L003,361.38,32.85,328.53,BE-15237,16:11:22
15238,2024-12-24,L003,388.51,35.32,353.19,BE-15238,21:09:43
15239,2024-12-25,L002,390.04,35.46,354.58,BE-15239,19:24:23
15240,2024-12-25,L002,243.56,22.14,221.42,BE-15240,16:27:59
15241,2024-12-25,L002,446.26,40.57,405.69,BE-15241,11:34:12
15242,2024-12-25,L003,532.94,48.45,484.49,BE-15242,20:01:05
15243,2024-12-25,L003,313.63,28.51,285.12,BE-15243,10:29:45
15244,2024-12-25,L003,68.46,6.22,62.24,BE-15244,18:10:53
15245,2024-12-25,L003,394.01,35.82,358.19,BE-15245,20:11:25
15246,2024-12-25,L003,202.74,18.43,184.31,BE-15246,18:33:19
15247,2024-12-26,L003,221.55,20.14,201.41,BE-15247,10:50:42
15248,2024-12-26,L003,541.83,49.26,492.57,BE-15248,10:56:51
15249,2024-12-26,L003,242.95,22.09,220.86,BE-15249,16:57:04
15250,2024-12-26,L003,477.70,43.43,434.27,BE-15250,21:29:47
15251,2024-12-26,L003,447.85,40.71,407.14,BE-15251,14:29:03
15252,2024-12-27,L001,436.25,39.66,396.59,BE-15252,12:41:58
15253,2024-12-27,L001,238.84,21.71,217.13,BE-15253,14:57:45
15254,2024-12-27,L001,44.05,4.00,40.05,BE-15254,11:31:26
15255,2024-12-27,L001,353.18,32.11,321.07,BE-15255,11:39:59
15256,2024-12-27,L001,170.20,15.47,154.73,BE-15256,11:32:09
15257,2024-12-27,L003,226.48,20.59,205.89,BE-15257,18:39:56
15258,2024-12-27,L003,327.64,29.79,297.85,BE-15258,14:18:55
15259,2024-12-27,L003,98.03,8.91,89.12,BE-15259,15:14:29
15260,2024-12-27,L003,521.33,47.39,473.94,BE-15260,17:51:21
15261,2024-12-28,L001,316.80,28.80,288.00,BE-15261,16:35:07
15262,2024-12-28,L001,368.32,33.48,334.84,BE-15262,13:10:49
15263,2024-12-28,L002,147.25,13.39,133.86,BE-15263,13:23:59
15264,2024-12-28,L002,432.38,39.31,393.07,BE-15264,12:42:10
15265,2024-12-28,L002,36.16,3.29,32.87,BE-15265,11:08:40
15266,2024-12-28,L002,247.40,22.49,224.91,BE-15266,20:16:56
15267,2024-12-28,L003,460.92,41.90,419.02,BE-15267,15:53:08
15268,2024-12-28,L003,148.47,13.50,134.97,BE-15268,15:35:43
15269,2024-12-28,L003,252.53,22.96,229.57,BE-15269,17:22:19
15270,2024-12-28,L003,460.60,41.87,418.73,BE-15270,18:35:12
15271,2024-12-28,L003,389.00,35.36,353.64,BE-15271,21:51:45
15272,2024-12-29,L001,395.37,35.94,359.43,BE-15272,16:44:34
15273,2024-12-29,L001,179.30,16.30,163.00,BE-15273,18:20:00
15274,2024-12-29,L002,365.10,33.19,331.91,BE-15274,12:55:08
15275,2024-12-29,L002,328.87,29.90,298.97,BE-15275,17:37:13
15276,2024-12-29,L003,357.49,32.50,324.99,BE-15276,12:43:15
15277,2024-12-30,L001,301.93,27.45,274.48,BE-15277,21:46:58
15278,2024-12-30,L002,361.35,32.85,328.50,BE-15278,21:53:17
15279,2024-12-30,L002,244.85,22.26,222.59,BE-15279,14:40:15
15280,2024-12-30,L002,105.96,9.63,96.33,BE-15280,12:31:57
15281,2024-12-30,L002,75.69,6.88,68.81,BE-15281,10:55:45
15282,2024-12-30,L003,361.79,32.89,328.90,BE-15282,15:44:56
15283,2024-12-30,L003,243.08,22.10,220.98,BE-15283,21:22:09
15284,2024-12-30,L003,279.11,25.37,253.74,BE-15284,20:03:02
15285,2024-12-31,L002,520.71,47.34,473.37,BE-15285,15:37:18
15286,2024-12-31,L002,423.25,38.48,384.77,BE-15286,13:04:40
15287,2024-12-31,L002,396.57,36.05,360.52,BE-15287,15:13:39
15288,2024-12-31,L002,334.94,30.45,304.49,BE-15288,21:41:48
15289,2024-12-31,L002,132.34,12.03,120.31,BE-15289,11:14:24
15290,2024-12-31,L003,64.53,5.87,58.66,BE-15290,19:31:14
15291,2025-01-01,L001,147.40,13.40,134.00,BE-15291,15:03:51
15292,2025-01-01,L001,317.34,28.85,288.49,BE-15292,11:09:34
15293,2025-01-01,L001,467.42,42.49,424.93,BE-15293,21:54:19
15294,2025-01-01,L001,416.68,37.88,378.80,BE-15294,11:32:04
15295,2025-01-01,L002,153.85,13.99,139.86,BE-15295,13:29:44
15296,2025-01-01,L002,380.82,34.62,346.20,BE-15296,10:17:01
15297,2025-01-01,L002,59.95,5.45,54.50,BE-15297,13:50:03
15298,2025-01-01,L002,518.08,47.10,470.98,BE-15298,11:07:12
15299,2025-01-01,L002,480.46,43.68,436.78,BE-15299,17:55:38
15300,2025-01-01,L003,271.92,24.72,247.20,BE-15300,20:58:30
15301,2025-01-01,L003,258.71,23.52,235.19,BE-15301,11:56:29
15302,2025-01-01,L003,486.12,44.19,441.93,BE-15302,16:01:15
15303,2025-01-02,L001,471.92,42.90,429.02,BE-15303,15:05:02
15304,2025-01-02,L001,432.43,39.31,393.12,BE-15304,13:19:26
15305,2025-01-02,L001,175.73,15.98,159.75,BE-15305,13:25:55
15306,2025-01-02,L001,412.31,37.48,374.83,BE-15306,17:18:18
15307,2025-01-02,L001,134.30,12.21,122.09,BE-15307,12:43:38
15308,2025-01-02,L002,106.58,9.69,96.89,BE-15308,16:45:49
15309,2025-01-02,L003,78.77,7.16,71.61,BE-15309,17:52:01
15310,2025-01-03,L001,532.13,48.38,483.75,BE-15310,15:00:41
15311,2025-01-03,L001,477.28,43.39,433.89,BE-15311,11:41:23
15312,2025-01-03,L002,465.16,42.29,422.87,BE-15312,14:49:35
15313,2025-01-03,L002,294.38,26.76,267.62,BE-15313,16:34:02
15314,2025-01-03,L002,538.03,48.91,489.12,BE-15314,15:38:09
15315,2025-01-03,L002,328.34,29.85,298.49,BE-15315,15:43:08
15316,2025-01-03,L003,444.48,40.41,404.07,BE-15316,18:05:29
15317,2025-01-03,L003,181.50,16.50,165.00,BE-15317,11:32:49
15318,2025-01-03,L003,157.52,14.32,143.20,BE-15318,13:24:54
15319,2025-01-03,L003,261.29,23.75,237.54,BE-15319,16:02:15
15320,2025-01-03,L003,53.26,4.84,48.42,BE-15320,10:06:49
15321,2025-01-04,L001,173.74,15.79,157.95,BE-15321,14:45:33
15322,2025-01-04,L001,358.35,32.58,325.77,BE-15322,17:11:58
15323,2025-01-04,L001,196.33,17.85,178.48,BE-15323,14:53:38
15324,2025-01-04,L001,82.64,7.51,75.13,BE-15324,20:14:27
15325,2025-01-04,L002,59.75,5.43,54.32,BE-15325,17:21:44
15326,2025-01-04,L002,340.48,30.95,309.53,BE-15326,17:05:33
15327,2025-01-04,L002,288.70,26.25,262.45,BE-15327,21:28:08
15328,2025-01-04,L002,458.54,41.69,416.85,BE-15328,20:30:26
15329,2025-01-04,L003,117.82,10.71,107.11,BE-15329,18:37:46
15330,2025-01-05,L001,55.81,5.07,50.74,BE-15330,15:20:46
15331,2025-01-05,L001,314.99,28.64,286.35,BE-15331,18:46:38
15332,2025-01-05,L001,530.72,48.25,482.47,BE-15332,12:54:16
15333,2025-01-05,L002,287.22,26.11,261.11,BE-15333,15:36:26
15334,2025-01-05,L003,392.47,35.68,356.79,BE-15334,14:29:55
15335,2025-01-05,L003,379.97,34.54,345.43,BE-15335,18:29:32
15336,2025-01-05,L003,54.82,4.98,49.84,BE-15336,20:52:27
15337,2025-01-05,L003,69.65,6.33,63.32,BE-15337,18:51:19
15338,2025-01-06,L002,299.89,27.26,272.63,BE-15338,15:29:42
15339,2025-01-06,L002,452.06,41.10,410.96,BE-15339,19:25:59
15340,2025-01-06,L002,516.41,46.95,469.46,BE-15340,11:51:22
15341,2025-01-06,L002,371.28,33.75,337.53,BE-15341,14:15:50
15342,2025-01-06,L002,223.03,20.28,202.75,BE-15342,16:19:15
15343,2025-01-06,L003,110.19,10.02,100.17,BE-15343,21:07:53
15344,2025-01-06,L003,40.14,3.65,36.49,BE-15344,18:49:29
15345,2025-01-06,L003,22.17,2.02,20.15,BE-15345,12:42:33
15346,2025-01-06,L003,95.49,8.68,86.81,BE-15346,20:46:44
15347,2025-01-06,L003,84.40,7.67,76.73,BE-15347,20:12:22
15348,2025-01-07,L001,534.31,48.57,485.74,BE-15348,15:12:48
15349,2025-01-07,L001,454.70,41.34,413.36,BE-15349,11:11:15
15350,2025-01-07,L002,23.61,2.15,21.46,BE-15350,10:50:01
15351,2025-01-07,L002,182.87,16.62,166.25,BE-15351,15:11:29
15352,2025-01-07,L002,215.30,19.57,195.73,BE-15352,15:19:01
15353,2025-01-07,L002,514.87,46.81,468.06,BE-15353,12:52:27
15354,2025-01-07,L003,360.75,32.80,327.95,BE-15354,12:23:44
15355,2025-01-07,L003,417.40,37.95,379.45,BE-15355,12:26:17
15356,2025-01-07,L003,31.98,2.91,29.07,BE-15356,11:52:19
15357,2025-01-07,L003,39.64,3.60,36.04,BE-15357,16:09:40
15358,2025-01-07,L003,522.38,47.49,474.89,BE-15358,17:03:54
15359,2025-01-08,L001,296.81,26.98,269.83,BE-15359,20:55:35
15360,2025-01-08,L002,384.22,34.93,349.29,BE-15360,19:51:49
15361,2025-01-08,L002,108.23,9.84,98.39,BE-15361,14:38:11
15362,2025-01-08,L003,531.65,48.33,483.32,BE-15362,11:28:53
15363,2025-01-08,L003,216.85,19.71,197.14,BE-15363,16:50:47
15364,2025-01-08,L003,200.97,18.27,182.70,BE-15364,10:17:13
15365,2025-01-08,L003,210.98,19.18,191.80,BE-15365,17:17:03
15366,2025-01-08,L003,281.20,25.56,255.64,BE-15366,10:32:44
15367,2025-01-09,L001,294.43,26.77,267.66,BE-15367,14:11:14
15368,2025-01-09,L001,541.31,49.21,492.10,BE-15368,21:26:08
15369,2025-01-09,L001,409.36,37.21,372.15,BE-15369,17:03:25
15370,2025-01-09,L001,150.25,13.66,136.59,BE-15370,10:04:00
15371,2025-01-09,L001,167.06,15.19,151.87,BE-15371,18:16:13
15372,2025-01-09,L002,432.53,39.32,393.21,BE-15372,17:16:49
15373,2025-01-10,L001,294.56,26.78,267.78,BE-15373,15:09:01
15374,2025-01-10,L003,170.73,15.52,155.21,BE-15374,12:49:59
15375,2025-01-10,L003,256.61,23.33,233.28,BE-15375,16:52:28
15376,2025-01-10,L003,151.19,13.74,137.45,BE-15376,13:34:27
15377,2025-01-11,L001,295.97,26.91,269.06,BE-15377,14:47:28
15378,2025-01-11,L001,270.95,24.63,246.32,BE-15378,10:18:04
15379,2025-01-11,L001,459.34,41.76,417.58,BE-15379,17:11:43
15380,2025-01-11,L001,155.55,14.14,141.41,BE-15380,11:07:24
15381,2025-01-11,L001,219.53,19.96,199.57,BE-15381,19:18:37
15382,2025-01-11,L002,540.99,49.18,491.81,BE-15382,15:00:06
15383,2025-01-11,L003,358.72,32.61,326.11,BE-15383,10:03:52
15384,2025-01-12,L001,285.47,25.95,259.52,BE-15384,14:31:44
15385,2025-01-12,L001,318.21,28.93,289.28,BE-15385,18:18:11
15386,2025-01-12,L002,535.96,48.72,487.24,BE-15386,11:04:12
15387,2025-01-12,L002,336.30,30.57,305.73,BE-15387,17:09:03
15388,2025-01-12,L002,152.42,13.86,138.56,BE-15388,20:10:37
15389,2025-01-12,L003,444.82,40.44,404.38,BE-15389,14:24:59
15390,2025-01-12,L003,145.98,13.27,132.71,BE-15390,19:50:09
15391,2025-01-12,L003,137.10,12.46,124.64,BE-15391,13:25:33
15392,2025-01-12,L003,242.23,22.02,220.21,BE-15392,10:46:07
15393,2025-01-12,L003,34.50,3.14,31.36,BE-15393,19:40:51
15394,2025-01-13,L001,378.93,34.45,344.48,BE-15394,18:59:27
15395,2025-01-13,L001,69.72,6.34,63.38,BE-15395,15:30:44
15396,2025-01-13,L001,338.94,30.81,308.13,BE-15396,21:49:22
15397,2025-01-13,L002,329.67,29.97,299.70,BE-15397,14:55:30
15398,2025-01-13,L003,383.54,34.87,348.67,BE-15398,13:07:17
15399,2025-01-13,L003,497.72,45.25,452.47,BE-15399,19:36:46
15400,2025-01-13,L003,80.14,7.29,72.85,BE-15400,13:53:58
15401,2025-01-13,L003,100.88,9.17,91.71,BE-15401,14:32:12
15402,2025-01-13,L003,221.67,20.15,201.52,BE-15402,18:43:09
15403,2025-01-14,L001,391.28,35.57,355.71,BE-15403,15:04:43
15404,2025-01-14,L001,68.71,6.25,62.46,BE-15404,19:34:02
15405,2025-01-14,L001,308.94,28.09,280.85,BE-15405,19:55:36
15406,2025-01-14,L002,175.24,15.93,159.31,BE-15406,11:26:55
15407,2025-01-14,L002,43.20,3.93,39.27,BE-15407,14:06:42
15408,2025-01-14,L002,290.81,26.44,264.37,BE-15408,14:50:40
15409,2025-01-14,L002,223.58,20.33,203.25,BE-15409,12:11:46
15410,2025-01-14,L003,296.36,26.94,269.42,BE-15410,21:29:00
15411,2025-01-15,L001,366.76,33.34,333.42,BE-15411,19:47:49
15412,2025-01-15,L001,372.14,33.83,338.31,BE-15412,10:45:49
15413,2025-01-15,L001,227.84,20.71,207.13,BE-15413,13:26:07
15414,2025-01-15,L001,158.11,14.37,143.74,BE-15414,17:09:45
15415,2025-01-15,L002,143.23,13.02,130.21,BE-15415,10:17:08
15416,2025-01-15,L002,535.94,48.72,487.22,BE-15416,14:23:42
15417,2025-01-15,L002,522.23,47.48,474.75,BE-15417,14:35:34
15418,2025-01-15,L002,244.44,22.22,222.22,BE-15418,11:54:52
15419,2025-01-15,L003,333.84,30.35,303.49,BE-15419,16:20:02
15420,2025-01-15,L003,249.60,22.69,226.91,BE-15420,17:45:40
15421,2025-01-15,L003,272.53,24.78,247.75,BE-15421,17:29:49
15422,2025-01-15,L003,130.26,11.84,118.42,BE-15422,16:35:42
15423,2025-01-16,L001,402.77,36.62,366.15,BE-15423,13:49:08
15424,2025-01-16,L002,344.14,31.29,312.85,BE-15424,21:05:29
15425,2025-01-17,L001,318.87,28.99,289.88,BE-15425,19:29:21
15426,2025-01-17,L002,258.26,23.48,234.78,BE-15426,16:52:19
15427,2025-01-18,L001,505.08,45.92,459.16,BE-15427,11:18:51
15428,2025-01-18,L002,106.84,9.71,97.13,BE-15428,11:38:30
15429,2025-01-18,L002,350.78,31.89,318.89,BE-15429,11:12:37
15430,2025-01-18,L003,546.00,49.64,496.36,BE-15430,10:52:44
15431,2025-01-18,L003,59.00,5.36,53.64,BE-15431,16:05:14
15432,2025-01-18,L003,94.01,8.55,85.46,BE-15432,13:50:58
15433,2025-01-18,L003,214.01,19.46,194.55,BE-15433,11:41:40
15434,2025-01-19,L001,519.17,47.20,471.97,BE-15434,10:08:49
15435,2025-01-19,L001,223.74,20.34,203.40,BE-15435,11:30:57
15436,2025-01-19,L001,124.87,11.35,113.52,BE-15436,16:32:41
15437,2025-01-19,L001,93.03,8.46,84.57,BE-15437,19:42:04
15438,2025-01-19,L001,414.18,37.65,376.53,BE-15438,11:08:51
15439,2025-01-19,L002,510.07,46.37,463.70,BE-15439,12:10:09
15440,2025-01-19,L002,129.77,11.80,117.97,BE-15440,15:31:51
15441,2025-01-19,L003,540.68,49.15,491.53,BE-15441,14:54:15
15442,2025-01-19,L003,501.46,45.59,455.87,BE-15442,10:49:49
15443,2025-01-20,L001,224.26,20.39,203.87,BE-15443,12:42:29
15444,2025-01-20,L001,423.04,38.46,384.58,BE-15444,14:47:15
15445,2025-01-20,L001,542.93,49.36,493.57,BE-15445,11:38:08
15446,2025-01-20,L001,390.28,35.48,354.80,BE-15446,12:39:28
15447,2025-01-20,L003,85.28,7.75,77.53,BE-15447,13:57:04
15448,2025-01-21,L001,395.01,35.91,359.10,BE-15448,20:26:50
15449,2025-01-21,L001,253.43,23.04,230.39,BE-15449,15:59:04
15450,2025-01-21,L001,127.91,11.63,116.28,BE-15450,14:41:00
15451,2025-01-21,L001,33.76,3.07,30.69,BE-15451,14:50:03
15452,2025-01-21,L001,543.68,49.43,494.25,BE-15452,14:35:48
15453,2025-01-21,L002,371.17,33.74,337.43,BE-15453,12:22:44
15454,2025-01-21,L002,104.47,9.50,94.97,BE-15454,14:22:30
15455,2025-01-21,L002,262.75,23.89,238.86,BE-15455,10:13:01
15456,2025-01-21,L002,70.97,6.45,64.52,BE-15456,17:33:12
15457,2025-01-21,L002,287.51,26.14,261.37,BE-15457,15:05:56
15458,2025-01-21,L003,509.51,46.32,463.19,BE-15458,20:45:08
15459,2025-01-21,L003,398.48,36.23,362.25,BE-15459,21:23:03
15460,2025-01-21,L003,459.42,41.77,417.65,BE-15460,19:06:17
15461,2025-01-21,L003,273.50,24.86,248.64,BE-15461,15:31:44
15462,2025-01-22,L002,440.68,40.06,400.62,BE-15462,16:48:32
15463,2025-01-22,L002,251.98,22.91,229.07,BE-15463,14:55:45
15464,2025-01-22,L002,346.37,31.49,314.88,BE-15464,19:48:17
15465,2025-01-22,L002,107.81,9.80,98.01,BE-15465,17:42:27
15466,2025-01-22,L002,482.94,43.90,439.04,BE-15466,13:13:23
15467,2025-01-22,L003,216.36,19.67,196.69,BE-15467,15:05:26
15468,2025-01-22,L003,340.99,31.00,309.99,BE-15468,11:44:14
15469,2025-01-22,L003,175.81,15.98,159.83,BE-15469,21:17:05
15470,2025-01-23,L001,233.96,21.27,212.69,BE-15470,19:37:11
15471,2025-01-23,L001,261.50,23.77,237.73,BE-15471,20:33:32
15472,2025-01-23,L001,488.25,44.39,443.86,BE-15472,15:28:31
15473,2025-01-23,L001,66.46,6.04,60.42,BE-15473,21:03:22
15474,2025-01-23,L002,187.64,17.06,170.58,BE-15474,12:13:22
15475,2025-01-23,L002,324.68,29.52,295.16,BE-15475,20:35:02
15476,2025-01-23,L002,337.76,30.71,307.05,BE-15476,21:03:57
15477,2025-01-23,L002,247.39,22.49,224.90,BE-15477,17:38:04
15478,2025-01-23,L002,296.22,26.93,269.29,BE-15478,11:14:34
15479,2025-01-23,L003,279.09,25.37,253.72,BE-15479,15:01:39
15480,2025-01-23,L003,33.89,3.08,30.81,BE-15480,12:12:39
15481,2025-01-23,L003,251.98,22.91,229.07,BE-15481,12:12:38
15482,2025-01-23,L003,26.41,2.40,24.01,BE-15482,13:33:39
15483,2025-01-23,L003,122.07,11.10,110.97,BE-15483,18:21:19
15484,2025-01-24,L001,400.88,36.44,364.44,BE-15484,12:46:45
15485,2025-01-24,L001,159.21,14.47,144.74,BE-15485,17:59:12
15486,2025-01-24,L001,209.14,19.01,190.13,BE-15486,10:29:05
15487,2025-01-24,L002,409.59,37.24,372.35,BE-15487,11:03:30
15488,2025-01-24,L002,187.82,17.07,170.75,BE-15488,21:26:26
15489,2025-01-24,L002,432.96,39.36,393.60,BE-15489,17:00:24
15490,2025-01-24,L002,374.59,34.05,340.54,BE-15490,12:00:34
15491,2025-01-25,L001,387.33,35.21,352.12,BE-15491,17:09:01
15492,2025-01-25,L002,133.82,12.17,121.65,BE-15492,19:49:05
15493,2025-01-25,L002,22.14,2.01,20.13,BE-15493,11:05:22
15494,2025-01-25,L002,377.93,34.36,343.57,BE-15494,17:49:59
15495,2025-01-25,L002,305.42,27.77,277.65,BE-15495,10:36:04
15496,2025-01-25,L003,464.49,42.23,422.26,BE-15496,14:31:53
15497,2025-01-25,L003,363.74,33.07,330.67,BE-15497,20:03:28
15498,2025-01-25,L003,29.90,2.72,27.18,BE-15498,19:26:49
15499,2025-01-25,L003,59.47,5.41,54.06,BE-15499,14:05:45
15500,2025-01-26,L001,302.78,27.53,275.25,BE-15500,12:19:28
15501,2025-01-26,L001,397.77,36.16,361.61,BE-15501,12:56:49
15502,2025-01-26,L001,65.14,5.92,59.22,BE-15502,12:45:00
15503,2025-01-26,L001,159.16,14.47,144.69,BE-15503,12:56:18
15504,2025-01-26,L002,174.65,15.88,158.77,BE-15504,11:13:07
15505,2025-01-27,L001,499.50,45.41,454.09,BE-15505,14:01:28
15506,2025-01-27,L001,521.10,47.37,473.73,BE-15506,11:22:53
15507,2025-01-27,L001,456.54,41.50,415.04,BE-15507,15:41:16
15508,2025-01-27,L002,390.52,35.50,355.02,BE-15508,20:32:42
15509,2025-01-27,L003,162.37,14.76,147.61,BE-15509,10:07:47
15510,2025-01-27,L003,515.88,46.90,468.98,BE-15510,10:48:56
15511,2025-01-27,L003,143.22,13.02,130.20,BE-15511,17:04:15
15512,2025-01-27,L003,45.98,4.18,41.80,BE-15512,10:16:40
15513,2025-01-28,L001,201.04,18.28,182.76,BE-15513,12:28:42
15514,2025-01-28,L001,295.77,26.89,268.88,BE-15514,20:59:32
15515,2025-01-28,L001,293.30,26.66,266.64,BE-15515,19:46:09
15516,2025-01-28,L001,83.89,7.63,76.26,BE-15516,17:20:28
15517,2025-01-28,L002,324.41,29.49,294.92,BE-15517,20:59:51
15518,2025-01-28,L002,248.57,22.60,225.97,BE-15518,16:13:53
15519,2025-01-28,L002,182.14,16.56,165.58,BE-15519,12:45:47
15520,2025-01-28,L002,374.94,34.09,340.85,BE-15520,11:53:25
15521,2025-01-28,L002,467.07,42.46,424.61,BE-15521,20:45:33
15522,2025-01-28,L003,334.54,30.41,304.13,BE-15522,17:26:39
15523,2025-01-29,L001,74.59,6.78,67.81,BE-15523,18:59:35
15524,2025-01-29,L001,150.19,13.65,136.54,BE-15524,17:54:30
15525,2025-01-29,L001,263.75,23.98,239.77,BE-15525,12:29:35
15526,2025-01-29,L001,272.68,24.79,247.89,BE-15526,20:04:24
15527,2025-01-29,L001,456.35,41.49,414.86,BE-15527,20:31:14
15528,2025-01-29,L002,528.98,48.09,480.89,BE-15528,11:35:42
15529,2025-01-29,L002,189.41,17.22,172.19,BE-15529,20:51:32
15530,2025-01-29,L003,102.81,9.35,93.46,BE-15530,11:29:44
15531,2025-01-29,L003,219.51,19.96,199.55,BE-15531,15:59:45
15532,2025-01-30,L001,491.94,44.72,447.22,BE-15532,13:27:40
15533,2025-01-31,L001,284.55,25.87,258.68,BE-15533,20:44:24
15534,2025-01-31,L001,89.28,8.12,81.16,BE-15534,16:33:59
15535,2025-01-31,L001,67.49,6.14,61.35,BE-15535,12:45:34
15536,2025-01-31,L001,28.38,2.58,25.80,BE-15536,21:22:02
15537,2025-01-31,L002,457.41,41.58,415.83,BE-15537,12:57:56
15538,2025-01-31,L002,152.32,13.85,138.47,BE-15538,13:03:33
15539,2025-01-31,L002,465.46,42.31,423.15,BE-15539,21:53:01
15540,2025-01-31,L002,173.39,15.76,157.63,BE-15540,11:07:47
15541,2025-01-31,L002,337.78,30.71,307.07,BE-15541,13:04:27
15542,2025-02-01,L001,124.81,11.35,113.46,BE-15542,10:46:40
15543,2025-02-01,L001,474.30,43.12,431.18,BE-15543,15:12:34
15544,2025-02-01,L002,476.17,43.29,432.88,BE-15544,16:47:42
15545,2025-02-01,L002,71.72,6.52,65.20,BE-15545,18:08:42
15546,2025-02-01,L003,472.32,42.94,429.38,BE-15546,13:02:58
15547,2025-02-01,L003,269.29,24.48,244.81,BE-15547,16:52:55
15548,2025-02-01,L003,203.36,18.49,184.87,BE-15548,10:56:54
15549,2025-02-01,L003,253.62,23.06,230.56,BE-15549,20:50:10
15550,2025-02-02,L001,274.83,24.98,249.85,BE-15550,18:06:38
15551,2025-02-02,L001,468.50,42.59,425.91,BE-15551,10:58:00
15552,2025-02-02,L001,457.97,41.63,416.34,BE-15552,16:20:05
15553,2025-02-02,L002,154.69,14.06,140.63,BE-15553,15:47:37
15554,2025-02-02,L002,230.41,20.95,209.46,BE-15554,13:47:48
15555,2025-02-02,L002,538.26,48.93,489.33,BE-15555,11:38:23
15556,2025-02-03,L001,230.69,20.97,209.72,BE-15556,14:06:18
15557,2025-02-03,L001,291.70,26.52,265.18,BE-15557,14:56:48
15558,2025-02-03,L002,162.47,14.77,147.70,BE-15558,16:20:11
15559,2025-02-03,L002,407.08,37.01,370.07,BE-15559,12:42:51
15560,2025-02-03,L002,429.91,39.08,390.83,BE-15560,20:32:35
15561,2025-02-03,L002,525.17,47.74,477.43,BE-15561,13:09:31
15562,2025-02-03,L002,426.29,38.75,387.54,BE-15562,17:31:10
15563,2025-02-04,L001,26.72,2.43,24.29,BE-15563,16:48:00
15564,2025-02-04,L001,204.85,18.62,186.23,BE-15564,21:58:37
15565,2025-02-04,L001,363.81,33.07,330.74,BE-15565,10:47:05
15566,2025-02-04,L002,491.14,44.65,446.49,BE-15566,21:49:07
15567,2025-02-04,L002,400.46,36.41,364.05,BE-15567,11:33:40
15568,2025-02-04,L003,521.68,47.43,474.25,BE-15568,16:53:21
15569,2025-02-05,L001,384.74,34.98,349.76,BE-15569,11:33:06
15570,2025-02-05,L001,155.64,14.15,141.49,BE-15570,20:59:15
15571,2025-02-05,L001,370.66,33.70,336.96,BE-15571,21:47:20
15572,2025-02-05,L001,227.87,20.72,207.15,BE-15572,13:10:11
15573,2025-02-05,L002,23.88,2.17,21.71,BE-15573,13:10:36
15574,2025-02-05,L002,171.31,15.57,155.74,BE-15574,10:42:15
15575,2025-02-05,L003,438.11,39.83,398.28,BE-15575,13:40:48
15576,2025-02-05,L003,125.48,11.41,114.07,BE-15576,11:44:46
15577,2025-02-06,L002,205.40,18.67,186.73,BE-15577,20:57:22
15578,2025-02-06,L002,38.31,3.48,34.83,BE-15578,21:32:59
15579,2025-02-06,L002,127.23,11.57,115.66,BE-15579,15:35:22
15580,2025-02-06,L002,484.23,44.02,440.21,BE-15580,20:38:58
15581,2025-02-06,L002,54.01,4.91,49.10,BE-15581,14:49:08
15582,2025-02-06,L003,441.57,40.14,401.43,BE-15582,10:34:28
15583,2025-02-07,L001,540.00,49.09,490.91,BE-15583,15:18:55
15584,2025-02-07,L001,292.15,26.56,265.59,BE-15584,10:09:15
15585,2025-02-07,L001,107.61,9.78,97.83,BE-15585,13:14:25
15586,2025-02-07,L001,80.66,7.33,73.33,BE-15586,10:44:41
15587,2025-02-07,L002,468.12,42.56,425.56,BE-15587,11:03:58
15588,2025-02-07,L002,153.31,13.94,139.37,BE-15588,11:48:24
15589,2025-02-07,L003,381.57,34.69,346.88,BE-15589,18:23:40
15590,2025-02-07,L003,92.93,8.45,84.48,BE-15590,11:46:34
15591,2025-02-07,L003,412.44,37.49,374.95,BE-15591,12:49:44
15592,2025-02-07,L003,521.75,47.43,474.32,BE-15592,21:48:19
15593,2025-02-08,L001,235.97,21.45,214.52,BE-15593,19:41:51
15594,2025-02-08,L001,447.23,40.66,406.57,BE-15594,21:24:59
15595,2025-02-08,L001,380.79,34.62,346.17,BE-15595,16:58:19
15596,2025-02-08,L002,54.53,4.96,49.57,BE-15596,15:48:01
15597,2025-02-08,L002,492.50,44.77,447.73,BE-15597,18:54:05
15598,2025-02-08,L002,441.53,40.14,401.39,BE-15598,17:02:36
15599,2025-02-08,L003,63.00,5.73,57.27,BE-15599,20:38:36
15600,2025-02-08,L003,429.34,39.03,390.31,BE-15600,17:45:16
15601,2025-02-09,L001,365.99,33.27,332.72,BE-15601,11:47:02
15602,2025-02-09,L001,74.92,6.81,68.11,BE-15602,12:05:49
15603,2025-02-09,L002,470.81,42.80,428.01,BE-15603,16:52:31
15604,2025-02-09,L002,393.52,35.77,357.75,BE-15604,15:40:55
15605,2025-02-09,L002,66.43,6.04,60.39,BE-15605,21:54:27
15606,2025-02-09,L002,137.23,12.48,124.75,BE-15606,10:16:38
15607,2025-02-09,L003,59.83,5.44,54.39,BE-15607,18:21:57
15608,2025-02-09,L003,252.20,22.93,229.27,BE-15608,21:31:18
15609,2025-02-09,L003,175.97,16.00,159.97,BE-15609,17:14:08
15610,2025-02-09,L003,203.43,18.49,184.94,BE-15610,10:20:03
15611,2025-02-10,L002,462.55,42.05,420.50,BE-15611,12:53:52
15612,2025-02-10,L002,336.83,30.62,306.21,BE-15612,17:16:38
15613,2025-02-10,L002,373.00,33.91,339.09,BE-15613,18:32:55
15614,2025-02-10,L003,334.59,30.42,304.17,BE-15614,17:19:16
15615,2025-02-10,L003,444.21,40.38,403.83,BE-15615,17:04:08
15616,2025-02-10,L003,170.16,15.47,154.69,BE-15616,17:19:28
15617,2025-02-10,L003,273.68,24.88,248.80,BE-15617,15:36:56
15618,2025-02-10,L003,57.05,5.19,51.86,BE-15618,11:58:06
15619,2025-02-11,L001,116.27,10.57,105.70,BE-15619,15:57:34
15620,2025-02-11,L001,313.54,28.50,285.04,BE-15620,14:57:56
15621,2025-02-11,L001,176.74,16.07,160.67,BE-15621,13:05:40
15622,2025-02-11,L001,124.72,11.34,113.38,BE-15622,11:22:41
15623,2025-02-11,L002,203.95,18.54,185.41,BE-15623,13:18:20
15624,2025-02-11,L003,384.05,34.91,349.14,BE-15624,17:23:43
15625,2025-02-11,L003,345.15,31.38,313.77,BE-15625,11:50:14
15626,2025-02-11,L003,244.85,22.26,222.59,BE-15626,21:29:06
15627,2025-02-12,L001,430.21,39.11,391.10,BE-15627,15:12:53
15628,2025-02-12,L002,399.52,36.32,363.20,BE-15628,17:38:16
15629,2025-02-12,L002,501.17,45.56,455.61,BE-15629,11:58:10
15630,2025-02-12,L002,88.78,8.07,80.71,BE-15630,11:32:27
15631,2025-02-12,L002,119.83,10.89,108.94,BE-15631,13:14:32
15632,2025-02-12,L003,29.30,2.66,26.64,BE-15632,11:39:29
15633,2025-02-12,L003,547.67,49.79,497.88,BE-15633,13:46:24
15634,2025-02-12,L003,483.71,43.97,439.74,BE-15634,16:20:32
15635,2025-02-12,L003,307.85,27.99,279.86,BE-15635,21:23:38
15636,2025-02-12,L003,274.37,24.94,249.43,BE-15636,20:08:38
15637,2025-02-13,L001,147.39,13.40,133.99,BE-15637,12:11:38
15638,2025-02-13,L001,189.68,17.24,172.44,BE-15638,19:24:22
15639,2025-02-13,L001,350.56,31.87,318.69,BE-15639,17:09:53
15640,2025-02-13,L001,165.13,15.01,150.12,BE-15640,17:52:57
15641,2025-02-13,L002,59.13,5.38,53.75,BE-15641,15:26:34
15642,2025-02-13,L002,108.79,9.89,98.90,BE-15642,17:08:29
15643,2025-02-13,L002,132.15,12.01,120.14,BE-15643,12:48:20
15644,2025-02-13,L003,224.73,20.43,204.30,BE-15644,16:49:00
15645,2025-02-13,L003,354.68,32.24,322.44,BE-15645,19:03:35
15646,2025-02-13,L003,179.07,16.28,162.79,BE-15646,20:09:37
15647,2025-02-14,L001,503.62,45.78,457.84,BE-15647,10:11:27
15648,2025-02-14,L002,432.08,39.28,392.80,BE-15648,19:28:00
15649,2025-02-14,L002,45.72,4.16,41.56,BE-15649,15:14:47
15650,2025-02-14,L002,473.15,43.01,430.14,BE-15650,15:50:55
15651,2025-02-14,L002,424.73,38.61,386.12,BE-15651,12:14:29
15652,2025-02-14,L002,419.89,38.17,381.72,BE-15652,12:15:23
15653,2025-02-14,L003,153.75,13.98,139.77,BE-15653,15:16:09
15654,2025-02-15,L001,521.81,47.44,474.37,BE-15654,21:11:41
15655,2025-02-15,L001,281.06,25.55,255.51,BE-15655,17:25:10
15656,2025-02-15,L001,421.08,38.28,382.80,BE-15656,20:21:11
15657,2025-02-15,L002,448.48,40.77,407.71,BE-15657,18:46:37
15658,2025-02-15,L003,277.27,25.21,252.06,BE-15658,20:33:25
15659,2025-02-15,L003,133.89,12.17,121.72,BE-15659,20:34:14
15660,2025-02-16,L001,497.61,45.24,452.37,BE-15660,14:22:42
15661,2025-02-17,L001,235.16,21.38,213.78,BE-15661,18:42:11
15662,2025-02-17,L001,110.92,10.08,100.84,BE-15662,11:48:50
15663,2025-02-17,L001,80.03,7.28,72.75,BE-15663,12:44:01
15664,2025-02-17,L001,199.13,18.10,181.03,BE-15664,15:49:40
15665,2025-02-17,L002,490.14,44.56,445.58,BE-15665,12:43:58
15666,2025-02-17,L003,156.57,14.23,142.34,BE-15666,12:05:33
15667,2025-02-17,L003,199.30,18.12,181.18,BE-15667,14:22:55
15668,2025-02-17,L003,500.01,45.46,454.55,BE-15668,12:47:07
15669,2025-02-18,L001,31.44,2.86,28.58,BE-15669,14:14:27
15670,2025-02-18,L001,223.33,20.30,203.03,BE-15670,21:13:06
15671,2025-02-18,L001,153.98,14.00,139.98,BE-15671,13:56:52
15672,2025-02-18,L001,506.11,46.01,460.10,BE-15672,16:32:00
15673,2025-02-18,L001,29.58,2.69,26.89,BE-15673,17:44:52
15674,2025-02-18,L002,353.69,32.15,321.54,BE-15674,12:46:19
15675,2025-02-19,L001,506.22,46.02,460.20,BE-15675,15:54:29
15676,2025-02-19,L001,58.17,5.29,52.88,BE-15676,19:45:14
15677,2025-02-19,L001,25.04,2.28,22.76,BE-15677,18:58:03
15678,2025-02-19,L001,329.35,29.94,299.41,BE-15678,21:29:05
15679,2025-02-19,L001,88.88,8.08,80.80,BE-15679,15:00:01
15680,2025-02-19,L002,165.11,15.01,150.10,BE-15680,20:09:19
15681,2025-02-20,L001,414.78,37.71,377.07,BE-15681,15:14:32
15682,2025-02-20,L001,300.37,27.31,273.06,BE-15682,16:48:39
15683,2025-02-20,L001,521.35,47.40,473.95,BE-15683,17:31:18
15684,2025-02-20,L001,191.96,17.45,174.51,BE-15684,13:23:29
15685,2025-02-20,L002,269.03,24.46,244.57,BE-15685,16:35:35
15686,2025-02-20,L003,377.41,34.31,343.10,BE-15686,21:21:53
15687,2025-02-20,L003,154.96,14.09,140.87,BE-15687,17:58:44
15688,2025-02-20,L003,169.43,15.40,154.03,BE-15688,10:56:17
15689,2025-02-20,L003,251.26,22.84,228.42,BE-15689,20:21:27
15690,2025-02-20,L003,327.87,29.81,298.06,BE-15690,14:58:59
15691,2025-02-21,L001,446.19,40.56,405.63,BE-15691,17:42:07
15692,2025-02-21,L001,29.86,2.71,27.15,BE-15692,11:50:33
15693,2025-02-21,L001,438.21,39.84,398.37,BE-15693,12:20:09
15694,2025-02-21,L001,548.94,49.90,499.04,BE-15694,19:51:40
15695,2025-02-21,L001,72.35,6.58,65.77,BE-15695,16:36:05
15696,2025-02-21,L002,317.21,28.84,288.37,BE-15696,16:46:32
15697,2025-02-21,L002,150.24,13.66,136.58,BE-15697,14:05:02
15698,2025-02-21,L002,530.39,48.22,482.17,BE-15698,15:31:34
15699,2025-02-21,L002,389.62,35.42,354.20,BE-15699,16:14:03
15700,2025-02-21,L003,531.09,48.28,482.81,BE-15700,10:26:37
15701,2025-02-22,L001,364.27,33.12,331.15,BE-15701,12:06:32
15702,2025-02-22,L001,219.08,19.92,199.16,BE-15702,15:28:16
15703,2025-02-22,L002,269.21,24.47,244.74,BE-15703,15:10:37
15704,2025-02-22,L002,263.30,23.94,239.36,BE-15704,19:24:57
15705,2025-02-22,L002,170.52,15.50,155.02,BE-15705,12:52:43
15706,2025-02-22,L002,537.81,48.89,488.92,BE-15706,17:30:40
15707,2025-02-22,L002,253.43,23.04,230.39,BE-15707,21:55:04
15708,2025-02-22,L003,302.26,27.48,274.78,BE-15708,21:42:36
15709,2025-02-22,L003,314.48,28.59,285.89,BE-15709,14:59:23
15710,2025-02-23,L001,274.12,24.92,249.20,BE-15710,11:14:46
15711,2025-02-23,L002,80.59,7.33,73.26,BE-15711,14:18:40
15712,2025-02-23,L003,239.21,21.75,217.46,BE-15712,20:01:58
15713,2025-02-24,L001,296.12,26.92,269.20,BE-15713,16:55:37
15714,2025-02-24,L001,201.69,18.34,183.35,BE-15714,10:31:23
15715,2025-02-24,L002,443.77,40.34,403.43,BE-15715,11:43:50
15716,2025-02-24,L002,342.55,31.14,311.41,BE-15716,13:38:09
15717,2025-02-24,L002,332.15,30.20,301.95,BE-15717,14:07:43
15718,2025-02-24,L002,514.33,46.76,467.57,BE-15718,10:57:33
15719,2025-02-24,L002,331.78,30.16,301.62,BE-15719,15:35:19
15720,2025-02-24,L003,412.24,37.48,374.76,BE-15720,15:49:24
15721,2025-02-24,L003,49.32,4.48,44.84,BE-15721,20:34:14
15722,2025-02-25,L001,131.11,11.92,119.19,BE-15722,13:19:25
15723,2025-02-25,L001,430.80,39.16,391.64,BE-15723,18:18:57
15724,2025-02-25,L001,28.91,2.63,26.28,BE-15724,20:10:01
15725,2025-02-25,L001,145.60,13.24,132.36,BE-15725,11:34:04
15726,2025-02-25,L002,82.94,7.54,75.40,BE-15726,14:51:42
15727,2025-02-25,L003,143.40,13.04,130.36,BE-15727,16:03:20
15728,2025-02-25,L003,268.24,24.39,243.85,BE-15728,10:26:28
15729,2025-02-26,L001,324.69,29.52,295.17,BE-15729,12:39:52
15730,2025-02-26,L001,197.15,17.92,179.23,BE-15730,17:23:29
15731,2025-02-27,L002,440.80,40.07,400.73,BE-15731,13:47:25
15732,2025-02-27,L002,66.01,6.00,60.01,BE-15732,21:24:31
15733,2025-02-27,L003,163.02,14.82,148.20,BE-15733,19:37:12
15734,2025-02-27,L003,74.98,6.82,68.16,BE-15734,11:27:12
15735,2025-02-27,L003,93.40,8.49,84.91,BE-15735,17:42:12
15736,2025-02-28,L001,69.66,6.33,63.33,BE-15736,14:08:25
15737,2025-02-28,L001,24.06,2.19,21.87,BE-15737,19:03:41
15738,2025-02-28,L001,467.41,42.49,424.92,BE-15738,18:19:44
15739,2025-02-28,L001,504.50,45.86,458.64,BE-15739,14:01:05
15740,2025-02-28,L001,403.26,36.66,366.60,BE-15740,13:04:26
15741,2025-02-28,L002,269.78,24.53,245.25,BE-15741,11:41:27
15742,2025-02-28,L002,141.99,12.91,129.08,BE-15742,11:10:03
15743,2025-02-28,L002,458.19,41.65,416.54,BE-15743,18:11:34
15744,2025-02-28,L002,477.76,43.43,434.33,BE-15744,15:14:24
15745,2025-02-28,L003,124.25,11.30,112.95,BE-15745,19:05:32
15746,2025-02-28,L003,72.46,6.59,65.87,BE-15746,15:36:08
15747,2025-02-28,L003,296.15,26.92,269.23,BE-15747,21:07:31
15748,2025-02-28,L003,65.18,5.93,59.25,BE-15748,13:54:55
15749,2025-03-01,L002,485.13,44.10,441.03,BE-15749,13:29:04
15750,2025-03-01,L002,83.90,7.63,76.27,BE-15750,16:16:23
15751,2025-03-01,L002,52.28,4.75,47.53,BE-15751,13:04:28
15752,2025-03-01,L002,399.92,36.36,363.56,BE-15752,10:10:46
15753,2025-03-01,L002,30.38,2.76,27.62,BE-15753,18:53:28
15754,2025-03-01,L003,23.90,2.17,21.73,BE-15754,20:55:11
15755,2025-03-02,L002,397.14,36.10,361.04,BE-15755,14:26:41
15756,2025-03-02,L002,251.86,22.90,228.96,BE-15756,17:35:11
15757,2025-03-02,L002,464.68,42.24,422.44,BE-15757,21:06:46
15758,2025-03-02,L002,80.99,7.36,73.63,BE-15758,19:06:51
15759,2025-03-02,L002,344.85,31.35,313.50,BE-15759,16:39:21
15760,2025-03-02,L003,453.41,41.22,412.19,BE-15760,14:41:49
15761,2025-03-03,L001,548.60,49.87,498.73,BE-15761,13:14:30
15762,2025-03-03,L001,490.34,44.58,445.76,BE-15762,14:37:09
15763,2025-03-03,L002,185.20,16.84,168.36,BE-15763,15:19:41
15764,2025-03-03,L002,57.04,5.19,51.85,BE-15764,20:54:01
15765,2025-03-03,L002,516.35,46.94,469.41,BE-15765,21:07:28
15766,2025-03-03,L002,539.47,49.04,490.43,BE-15766,21:58:32
15767,2025-03-03,L003,164.02,14.91,149.11,BE-15767,19:21:56
15768,2025-03-03,L003,297.33,27.03,270.30,BE-15768,19:04:08
15769,2025-03-03,L003,423.40,38.49,384.91,BE-15769,15:54:46
15770,2025-03-03,L003,265.44,24.13,241.31,BE-15770,13:29:48
15771,2025-03-03,L003,52.65,4.79,47.86,BE-15771,11:20:45
15772,2025-03-04,L001,165.81,15.07,150.74,BE-15772,14:51:47
15773,2025-03-04,L001,424.64,38.60,386.04,BE-15773,16:21:47
15774,2025-03-04,L001,185.53,16.87,168.66,BE-15774,18:17:15
15775,2025-03-04,L002,22.78,2.07,20.71,BE-15775,13:02:31
15776,2025-03-04,L002,494.60,44.96,449.64,BE-15776,15:29:02
15777,2025-03-04,L003,130.67,11.88,118.79,BE-15777,16:44:46
15778,2025-03-05,L001,333.88,30.35,303.53,BE-15778,11:46:32
15779,2025-03-05,L001,174.54,15.87,158.67,BE-15779,15:04:57
15780,2025-03-05,L002,442.93,40.27,402.66,BE-15780,14:07:20
15781,2025-03-06,L002,309.03,28.09,280.94,BE-15781,10:54:00
15782,2025-03-06,L002,447.99,40.73,407.26,BE-15782,17:26:22
15783,2025-03-06,L002,238.23,21.66,216.57,BE-15783,17:46:53
15784,2025-03-06,L002,217.04,19.73,197.31,BE-15784,18:01:15
15785,2025-03-06,L003,77.39,7.04,70.35,BE-15785,10:12:48
15786,2025-03-06,L003,452.74,41.16,411.58,BE-15786,18:52:35
15787,2025-03-06,L003,323.97,29.45,294.52,BE-15787,17:10:15
15788,2025-03-07,L001,394.68,35.88,358.80,BE-15788,13:51:04
15789,2025-03-07,L001,224.05,20.37,203.68,BE-15789,17:59:15
15790,2025-03-07,L001,511.12,46.47,464.65,BE-15790,11:53:09
15791,2025-03-07,L001,375.77,34.16,341.61,BE-15791,12:25:44
15792,2025-03-07,L002,305.31,27.76,277.55,BE-15792,11:27:10
15793,2025-03-07,L002,130.06,11.82,118.24,BE-15793,15:26:56
15794,2025-03-07,L002,526.96,47.91,479.05,BE-15794,16:36:10
15795,2025-03-07,L002,43.02,3.91,39.11,BE-15795,21:51:46
15796,2025-03-07,L003,263.58,23.96,239.62,BE-15796,10:33:28
15797,2025-03-07,L003,463.76,42.16,421.60,BE-15797,18:28:08
15798,2025-03-07,L003,141.32,12.85,128.47,BE-15798,18:05:32
15799,2025-03-08,L001,61.14,5.56,55.58,BE-15799,12:40:24
15800,2025-03-08,L001,146.91,13.36,133.55,BE-15800,13:39:43
15801,2025-03-08,L003,103.10,9.37,93.73,BE-15801,16:59:11
15802,2025-03-09,L001,453.85,41.26,412.59,BE-15802,10:38:30
15803,2025-03-09,L001,335.07,30.46,304.61,BE-15803,10:56:04
15804,2025-03-09,L001,150.60,13.69,136.91,BE-15804,11:36:49
15805,2025-03-09,L001,402.95,36.63,366.32,BE-15805,11:32:37
15806,2025-03-09,L002,364.62,33.15,331.47,BE-15806,21:01:11
15807,2025-03-09,L002,429.79,39.07,390.72,BE-15807,16:19:28
15808,2025-03-09,L002,444.77,40.43,404.34,BE-15808,11:38:24
15809,2025-03-09,L002,481.78,43.80,437.98,BE-15809,15:53:47
15810,2025-03-09,L003,523.58,47.60,475.98,BE-15810,17:12:40
15811,2025-03-09,L003,436.43,39.68,396.75,BE-15811,19:30:10
15812,2025-03-10,L001,392.11,35.65,356.46,BE-15812,11:34:14
15813,2025-03-10,L003,340.87,30.99,309.88,BE-15813,12:52:30
15814,2025-03-10,L003,106.02,9.64,96.38,BE-15814,16:42:08
15815,2025-03-11,L001,138.56,12.60,125.96,BE-15815,20:02:27
15816,2025-03-11,L002,383.23,34.84,348.39,BE-15816,16:33:29
15817,2025-03-11,L002,107.61,9.78,97.83,BE-15817,18:45:31
15818,2025-03-11,L002,162.48,14.77,147.71,BE-15818,15:00:38
15819,2025-03-11,L002,111.53,10.14,101.39,BE-15819,14:31:16
15820,2025-03-11,L003,102.01,9.27,92.74,BE-15820,17:30:09
15821,2025-03-11,L003,23.21,2.11,21.10,BE-15821,10:22:53
15822,2025-03-11,L003,148.85,13.53,135.32,BE-15822,15:04:03
15823,2025-03-11,L003,322.61,29.33,293.28,BE-15823,16:15:23
15824,2025-03-11,L003,195.58,17.78,177.80,BE-15824,16:09:41
15825,2025-03-12,L001,30.28,2.75,27.53,BE-15825,15:26:24
15826,2025-03-12,L001,513.44,46.68,466.76,BE-15826,21:36:01
15827,2025-03-12,L001,512.69,46.61,466.08,BE-15827,16:05:25
15828,2025-03-12,L001,167.88,15.26,152.62,BE-15828,19:21:14
15829,2025-03-12,L001,411.51,37.41,374.10,BE-15829,11:15:59
15830,2025-03-12,L002,319.76,29.07,290.69,BE-15830,13:35:49
15831,2025-03-12,L002,358.41,32.58,325.83,BE-15831,13:33:29
15832,2025-03-12,L002,241.67,21.97,219.70,BE-15832,13:53:24
15833,2025-03-12,L002,502.93,45.72,457.21,BE-15833,12:14:37
15834,2025-03-12,L003,289.50,26.32,263.18,BE-15834,11:49:22
15835,2025-03-12,L003,386.97,35.18,351.79,BE-15835,16:28:02
15836,2025-03-12,L003,322.20,29.29,292.91,BE-15836,16:08:25
15837,2025-03-13,L001,98.69,8.97,89.72,BE-15837,21:59:57
15838,2025-03-13,L001,469.28,42.66,426.62,BE-15838,21:33:19
15839,2025-03-13,L001,455.97,41.45,414.52,BE-15839,14:30:16
15840,2025-03-13,L001,259.08,23.55,235.53,BE-15840,19:20:50
15841,2025-03-13,L001,28.35,2.58,25.77,BE-15841,11:42:47
15842,2025-03-13,L002,432.73,39.34,393.39,BE-15842,16:40:19
15843,2025-03-13,L002,480.04,43.64,436.40,BE-15843,16:05:09
15844,2025-03-13,L002,467.94,42.54,425.40,BE-15844,16:22:12
15845,2025-03-13,L002,140.04,12.73,127.31,BE-15845,10:33:47
15846,2025-03-13,L002,164.49,14.95,149.54,BE-15846,15:26:21
15847,2025-03-13,L003,175.99,16.00,159.99,BE-15847,13:12:38
15848,2025-03-13,L003,171.54,15.59,155.95,BE-15848,16:52:01
15849,2025-03-13,L003,412.98,37.54,375.44,BE-15849,19:10:08
15850,2025-03-14,L001,464.31,42.21,422.10,BE-15850,11:58:35
15851,2025-03-14,L001,50.48,4.59,45.89,BE-15851,13:10:50
15852,2025-03-14,L001,102.86,9.35,93.51,BE-15852,18:15:55
15853,2025-03-14,L002,106.83,9.71,97.12,BE-15853,15:02:25
15854,2025-03-14,L002,265.69,24.15,241.54,BE-15854,19:41:34
15855,2025-03-14,L002,454.95,41.36,413.59,BE-15855,15:43:39
15856,2025-03-14,L003,444.64,40.42,404.22,BE-15856,11:50:41
15857,2025-03-14,L003,534.91,48.63,486.28,BE-15857,14:52:06
15858,2025-03-14,L003,349.35,31.76,317.59,BE-15858,11:52:16
15859,2025-03-14,L003,130.90,11.90,119.00,BE-15859,19:33:47
15860,2025-03-15,L001,334.05,30.37,303.68,BE-15860,17:58:30
15861,2025-03-15,L002,33.29,3.03,30.26,BE-15861,15:16:03
15862,2025-03-15,L002,421.32,38.30,383.02,BE-15862,21:24:10
15863,2025-03-15,L002,150.93,13.72,137.21,BE-15863,11:45:32
15864,2025-03-15,L002,167.35,15.21,152.14,BE-15864,17:48:40
15865,2025-03-16,L001,198.97,18.09,180.88,BE-15865,12:15:49
15866,2025-03-16,L001,399.51,36.32,363.19,BE-15866,21:26:41
15867,2025-03-16,L002,537.85,48.90,488.95,BE-15867,13:20:41
15868,2025-03-16,L002,99.19,9.02,90.17,BE-15868,20:05:17
15869,2025-03-16,L002,353.13,32.10,321.03,BE-15869,14:24:08
15870,2025-03-16,L002,254.10,23.10,231.00,BE-15870,11:45:21
15871,2025-03-16,L002,276.85,25.17,251.68,BE-15871,21:10:38
15872,2025-03-16,L003,333.03,30.28,302.75,BE-15872,18:47:48
15873,2025-03-16,L003,228.17,20.74,207.43,BE-15873,12:46:11
15874,2025-03-16,L003,58.01,5.27,52.74,BE-15874,19:48:34
15875,2025-03-17,L001,75.96,6.91,69.05,BE-15875,21:02:09
15876,2025-03-17,L001,77.36,7.03,70.33,BE-15876,12:25:23
15877,2025-03-17,L002,374.80,34.07,340.73,BE-15877,16:20:14
15878,2025-03-17,L002,157.32,14.30,143.02,BE-15878,16:06:29
15879,2025-03-17,L003,397.53,36.14,361.39,BE-15879,18:33:10
15880,2025-03-17,L003,43.59,3.96,39.63,BE-15880,14:30:57
15881,2025-03-17,L003,174.81,15.89,158.92,BE-15881,17:58:21
15882,2025-03-17,L003,521.55,47.41,474.14,BE-15882,21:43:32
15883,2025-03-18,L001,126.78,11.53,115.25,BE-15883,10:55:48
15884,2025-03-18,L001,190.50,17.32,173.18,BE-15884,13:20:19
15885,2025-03-18,L001,162.78,14.80,147.98,BE-15885,13:30:19
15886,2025-03-18,L001,267.83,24.35,243.48,BE-15886,21:36:56
15887,2025-03-18,L002,237.29,21.57,215.72,BE-15887,21:37:24
15888,2025-03-18,L002,445.78,40.53,405.25,BE-15888,19:55:31
15889,2025-03-18,L002,46.84,4.26,42.58,BE-15889,16:52:59
15890,2025-03-18,L002,374.23,34.02,340.21,BE-15890,17:35:33
15891,2025-03-18,L002,71.16,6.47,64.69,BE-15891,20:25:18
15892,2025-03-19,L001,488.13,44.38,443.75,BE-15892,19:42:05
15893,2025-03-19,L001,373.87,33.99,339.88,BE-15893,16:30:47
15894,2025-03-19,L003,176.63,16.06,160.57,BE-15894,17:28:58
15895,2025-03-19,L003,255.37,23.22,232.15,BE-15895,11:16:27
15896,2025-03-20,L002,279.46,25.41,254.05,BE-15896,13:18:40
15897,2025-03-20,L002,184.10,16.74,167.36,BE-15897,19:35:37
15898,2025-03-20,L002,487.12,44.28,442.84,BE-15898,19:17:03
15899,2025-03-21,L001,103.03,9.37,93.66,BE-15899,20:17:02
15900,2025-03-21,L001,308.44,28.04,280.40,BE-15900,11:04:35
15901,2025-03-21,L001,137.74,12.52,125.22,BE-15901,16:03:10
15902,2025-03-21,L001,442.28,40.21,402.07,BE-15902,10:34:30
15903,2025-03-21,L001,176.23,16.02,160.21,BE-15903,18:32:26
15904,2025-03-21,L003,246.22,22.38,223.84,BE-15904,16:13:09
15905,2025-03-22,L001,480.58,43.69,436.89,BE-15905,21:44:56
15906,2025-03-22,L001,339.72,30.88,308.84,BE-15906,19:27:51
15907,2025-03-22,L001,357.17,32.47,324.70,BE-15907,17:43:46
15908,2025-03-22,L001,81.44,7.40,74.04,BE-15908,18:29:24
15909,2025-03-22,L001,323.55,29.41,294.14,BE-15909,10:46:46
15910,2025-03-22,L002,240.12,21.83,218.29,BE-15910,19:42:07
15911,2025-03-22,L002,155.40,14.13,141.27,BE-15911,13:52:39
15912,2025-03-22,L002,133.65,12.15,121.50,BE-15912,14:32:54
15913,2025-03-22,L002,200.66,18.24,182.42,BE-15913,13:29:14
15914,2025-03-22,L002,502.03,45.64,456.39,BE-15914,16:22:51
15915,2025-03-22,L003,98.71,8.97,89.74,BE-15915,18:12:31
15916,2025-03-22,L003,282.69,25.70,256.99,BE-15916,16:44:19
15917,2025-03-23,L001,448.61,40.78,407.83,BE-15917,20:28:09
15918,2025-03-23,L002,150.47,13.68,136.79,BE-15918,18:11:50
15919,2025-03-23,L002,377.25,34.30,342.95,BE-15919,16:09:07
15920,2025-03-23,L002,189.08,17.19,171.89,BE-15920,12:08:51
15921,2025-03-23,L002,28.66,2.61,26.05,BE-15921,21:04:21
15922,2025-03-23,L003,374.08,34.01,340.07,BE-15922,12:50:37
15923,2025-03-23,L003,138.68,12.61,126.07,BE-15923,17:09:59
15924,2025-03-23,L003,339.48,30.86,308.62,BE-15924,19:43:03
15925,2025-03-24,L001,365.94,33.27,332.67,BE-15925,20:16:43
15926,2025-03-24,L001,112.87,10.26,102.61,BE-15926,15:44:45
15927,2025-03-24,L001,55.14,5.01,50.13,BE-15927,13:49:25
15928,2025-03-24,L001,53.38,4.85,48.53,BE-15928,13:26:48
15929,2025-03-24,L001,316.77,28.80,287.97,BE-15929,20:33:33
15930,2025-03-24,L002,406.47,36.95,369.52,BE-15930,11:40:31
15931,2025-03-24,L002,363.27,33.02,330.25,BE-15931,11:02:38
15932,2025-03-24,L002,200.56,18.23,182.33,BE-15932,18:43:58
15933,2025-03-24,L002,107.99,9.82,98.17,BE-15933,13:48:29
15934,2025-03-24,L002,458.34,41.67,416.67,BE-15934,16:16:22
15935,2025-03-24,L003,245.10,22.28,222.82,BE-15935,11:30:04
15936,2025-03-24,L003,173.19,15.74,157.45,BE-15936,18:50:53
15937,2025-03-24,L003,388.20,35.29,352.91,BE-15937,14:05:29
15938,2025-03-25,L001,52.83,4.80,48.03,BE-15938,11:07:36
15939,2025-03-25,L001,305.89,27.81,278.08,BE-15939,14:59:44
15940,2025-03-25,L001,97.23,8.84,88.39,BE-15940,16:03:22
15941,2025-03-25,L001,205.21,18.66,186.55,BE-15941,14:06:34
15942,2025-03-25,L001,244.67,22.24,222.43,BE-15942,13:53:31
15943,2025-03-25,L003,98.87,8.99,89.88,BE-15943,13:53:26
15944,2025-03-26,L001,497.37,45.22,452.15,BE-15944,14:52:46
15945,2025-03-26,L002,529.89,48.17,481.72,BE-15945,17:46:49
15946,2025-03-26,L003,208.65,18.97,189.68,BE-15946,21:09:38
15947,2025-03-26,L003,142.21,12.93,129.28,BE-15947,20:22:40
15948,2025-03-26,L003,433.29,39.39,393.90,BE-15948,17:36:55
15949,2025-03-26,L003,521.51,47.41,474.10,BE-15949,19:55:35
15950,2025-03-27,L001,260.91,23.72,237.19,BE-15950,12:59:34
15951,2025-03-27,L001,352.36,32.03,320.33,BE-15951,13:27:59
15952,2025-03-27,L001,34.43,3.13,31.30,BE-15952,16:01:36
15953,2025-03-27,L001,351.91,31.99,319.92,BE-15953,18:21:17
15954,2025-03-27,L001,528.96,48.09,480.87,BE-15954,20:12:59
15955,2025-03-27,L002,66.03,6.00,60.03,BE-15955,16:07:52
15956,2025-03-27,L003,491.37,44.67,446.70,BE-15956,17:22:19
15957,2025-03-28,L001,413.53,37.59,375.94,BE-15957,15:41:22
15958,2025-03-28,L001,37.43,3.40,34.03,BE-15958,20:16:24
15959,2025-03-28,L001,91.08,8.28,82.80,BE-15959,10:34:57
15960,2025-03-28,L001,97.73,8.88,88.85,BE-15960,14:30:48
15961,2025-03-28,L002,478.06,43.46,434.60,BE-15961,13:18:42
15962,2025-03-28,L002,531.32,48.30,483.02,BE-15962,15:12:48
15963,2025-03-28,L002,180.80,16.44,164.36,BE-15963,14:41:58
15964,2025-03-28,L002,201.83,18.35,183.48,BE-15964,21:29:50
15965,2025-03-28,L003,235.75,21.43,214.32,BE-15965,20:00:38
15966,2025-03-28,L003,429.84,39.08,390.76,BE-15966,12:30:01
15967,2025-03-29,L001,480.89,43.72,437.17,BE-15967,17:28:31
15968,2025-03-29,L001,534.11,48.56,485.55,BE-15968,20:02:46
15969,2025-03-29,L001,75.89,6.90,68.99,BE-15969,13:28:56
15970,2025-03-29,L002,518.81,47.16,471.65,BE-15970,18:16:13
15971,2025-03-29,L002,301.97,27.45,274.52,BE-15971,14:56:44
15972,2025-03-29,L002,310.27,28.21,282.06,BE-15972,17:17:30
15973,2025-03-29,L002,127.92,11.63,116.29,BE-15973,10:11:41
15974,2025-03-29,L002,75.64,6.88,68.76,BE-15974,11:27:14
15975,2025-03-29,L003,118.93,10.81,108.12,BE-15975,15:41:52
15976,2025-03-29,L003,380.26,34.57,345.69,BE-15976,19:14:37
15977,2025-03-29,L003,284.57,25.87,258.70,BE-15977,17:29:38
15978,2025-03-29,L003,377.15,34.29,342.86,BE-15978,20:44:30
15979,2025-03-30,L001,381.70,34.70,347.00,BE-15979,10:18:28
15980,2025-03-30,L003,428.04,38.91,389.13,BE-15980,20:32:03
15981,2025-03-30,L003,304.22,27.66,276.56,BE-15981,18:58:51
15982,2025-03-30,L003,237.17,21.56,215.61,BE-15982,15:37:40
15983,2025-03-31,L001,293.50,26.68,266.82,BE-15983,18:20:51
15984,2025-03-31,L001,491.52,44.68,446.84,BE-15984,18:27:31
15985,2025-03-31,L001,103.21,9.38,93.83,BE-15985,19:04:30
15986,2025-03-31,L002,73.84,6.71,67.13,BE-15986,16:59:14
15987,2025-03-31,L002,295.43,26.86,268.57,BE-15987,17:17:24
15988,2025-03-31,L003,343.87,31.26,312.61,BE-15988,16:29:56
15989,2025-03-31,L003,371.96,33.81,338.15,BE-15989,20:34:55
15990,2025-03-31,L003,392.36,35.67,356.69,BE-15990,13:52:40
15991,2025-03-31,L003,178.67,16.24,162.43,BE-15991,10:52:12
15992,2025-03-31,L003,302.36,27.49,274.87,BE-15992,20:58:07
15993,2025-04-01,L001,214.41,19.49,194.92,BE-15993,18:49:29
15994,2025-04-01,L001,63.06,5.73,57.33,BE-15994,12:13:53
15995,2025-04-01,L002,141.44,12.86,128.58,BE-15995,12:12:38
15996,2025-04-01,L002,437.50,39.77,397.73,BE-15996,15:09:13
15997,2025-04-01,L002,130.87,11.90,118.97,BE-15997,17:51:15
15998,2025-04-01,L002,421.92,38.36,383.56,BE-15998,13:06:30
15999,2025-04-01,L002,284.02,25.82,258.20,BE-15999,16:38:05
16000,2025-04-01,L003,408.50,37.14,371.36,BE-16000,19:15:48
16001,2025-04-01,L003,177.69,16.15,161.54,BE-16001,15:02:17
16002,2025-04-02,L002,255.44,23.22,232.22,BE-16002,12:36:58
16003,2025-04-02,L002,52.39,4.76,47.63,BE-16003,20:47:21
16004,2025-04-02,L002,500.72,45.52,455.20,BE-16004,16:42:43
16005,2025-04-02,L002,192.97,17.54,175.43,BE-16005,18:27:51
16006,2025-04-02,L002,337.28,30.66,306.62,BE-16006,18:37:07
16007,2025-04-02,L003,45.47,4.13,41.34,BE-16007,19:14:51
16008,2025-04-02,L003,274.05,24.91,249.14,BE-16008,13:23:02
16009,2025-04-02,L003,351.25,31.93,319.32,BE-16009,21:30:05
16010,2025-04-02,L003,80.92,7.36,73.56,BE-16010,21:39:50
16011,2025-04-02,L003,48.96,4.45,44.51,BE-16011,15:50:48
16012,2025-04-03,L001,414.33,37.67,376.66,BE-16012,11:14:41
16013,2025-04-03,L002,60.93,5.54,55.39,BE-16013,11:41:24
16014,2025-04-03,L002,403.92,36.72,367.20,BE-16014,21:47:08
16015,2025-04-03,L002,154.41,14.04,140.37,BE-16015,15:56:08
16016,2025-04-03,L003,272.21,24.75,247.46,BE-16016,12:12:12
16017,2025-04-04,L001,243.22,22.11,221.11,BE-16017,15:55:17
16018,2025-04-04,L001,397.13,36.10,361.03,BE-16018,17:11:23
16019,2025-04-04,L001,212.73,19.34,193.39,BE-16019,15:59:37
16020,2025-04-05,L002,313.04,28.46,284.58,BE-16020,13:02:30
16021,2025-04-05,L002,336.08,30.55,305.53,BE-16021,12:22:44
16022,2025-04-05,L002,199.07,18.10,180.97,BE-16022,14:55:55
16023,2025-04-05,L002,370.48,33.68,336.80,BE-16023,13:55:20
16024,2025-04-05,L003,134.64,12.24,122.40,BE-16024,19:41:05
16025,2025-04-05,L003,317.81,28.89,288.92,BE-16025,17:58:20
16026,2025-04-06,L001,50.81,4.62,46.19,BE-16026,15:14:52
16027,2025-04-06,L001,450.54,40.96,409.58,BE-16027,11:24:03
16028,2025-04-06,L003,254.82,23.17,231.65,BE-16028,13:25:37
16029,2025-04-06,L003,150.79,13.71,137.08,BE-16029,12:15:52
16030,2025-04-06,L003,256.07,23.28,232.79,BE-16030,15:41:02
16031,2025-04-07,L001,399.77,36.34,363.43,BE-16031,18:14:37
16032,2025-04-07,L001,246.00,22.36,223.64,BE-16032,14:17:53
16033,2025-04-07,L001,180.22,16.38,163.84,BE-16033,15:09:48
16034,2025-04-07,L001,290.37,26.40,263.97,BE-16034,19:10:14
16035,2025-04-07,L002,436.16,39.65,396.51,BE-16035,20:22:43
16036,2025-04-07,L002,471.36,42.85,428.51,BE-16036,11:14:12
16037,2025-04-07,L003,502.73,45.70,457.03,BE-16037,19:57:32
16038,2025-04-07,L003,305.62,27.78,277.84,BE-16038,18:02:04
16039,2025-04-07,L003,274.59,24.96,249.63,BE-16039,12:16:49
16040,2025-04-07,L003,544.70,49.52,495.18,BE-16040,20:06:42
16041,2025-04-08,L001,345.79,31.44,314.35,BE-16041,10:24:55
16042,2025-04-08,L002,308.74,28.07,280.67,BE-16042,12:50:56
16043,2025-04-08,L002,106.61,9.69,96.92,BE-16043,17:11:50
16044,2025-04-08,L002,503.27,45.75,457.52,BE-16044,17:04:54
16045,2025-04-08,L002,143.75,13.07,130.68,BE-16045,11:13:00
16046,2025-04-08,L002,264.59,24.05,240.54,BE-16046,21:47:53
16047,2025-04-08,L003,518.86,47.17,471.69,BE-16047,13:11:28
16048,2025-04-08,L003,277.16,25.20,251.96,BE-16048,14:39:50
16049,2025-04-08,L003,264.58,24.05,240.53,BE-16049,20:41:45
16050,2025-04-09,L002,294.57,26.78,267.79,BE-16050,17:00:35
16051,2025-04-09,L002,122.82,11.17,111.65,BE-16051,15:03:11
16052,2025-04-09,L003,446.12,40.56,405.56,BE-16052,21:26:19
16053,2025-04-09,L003,548.71,49.88,498.83,BE-16053,20:30:16
16054,2025-04-09,L003,185.04,16.82,168.22,BE-16054,15:37:31
16055,2025-04-10,L001,394.59,35.87,358.72,BE-16055,14:03:09
16056,2025-04-10,L002,268.22,24.38,243.84,BE-16056,21:46:36
16057,2025-04-10,L002,238.90,21.72,217.18,BE-16057,21:58:21
16058,2025-04-10,L002,272.82,24.80,248.02,BE-16058,18:46:28
16059,2025-04-10,L002,194.81,17.71,177.10,BE-16059,17:14:11
16060,2025-04-12,L001,478.64,43.51,435.13,BE-16060,15:24:54
16061,2025-04-12,L001,79.71,7.25,72.46,BE-16061,15:19:16
16062,2025-04-12,L001,215.54,19.59,195.95,BE-16062,12:19:07
16063,2025-04-12,L002,292.34,26.58,265.76,BE-16063,15:51:13
16064,2025-04-12,L002,67.33,6.12,61.21,BE-16064,21:28:33
16065,2025-04-12,L003,81.48,7.41,74.07,BE-16065,10:28:20
16066,2025-04-12,L003,43.12,3.92,39.20,BE-16066,15:31:38
16067,2025-04-12,L003,360.58,32.78,327.80,BE-16067,21:36:29
16068,2025-04-12,L003,439.96,40.00,399.96,BE-16068,21:16:15
16069,2025-04-13,L001,281.25,25.57,255.68,BE-16069,11:04:21
16070,2025-04-13,L002,302.85,27.53,275.32,BE-16070,17:15:46
16071,2025-04-13,L002,487.54,44.32,443.22,BE-16071,19:30:23
16072,2025-04-13,L002,401.94,36.54,365.40,BE-16072,18:47:10
16073,2025-04-13,L002,485.35,44.12,441.23,BE-16073,12:58:36
16074,2025-04-13,L002,402.80,36.62,366.18,BE-16074,15:54:46
16075,2025-04-14,L001,212.32,19.30,193.02,BE-16075,11:47:57
16076,2025-04-14,L001,67.19,6.11,61.08,BE-16076,16:54:46
16077,2025-04-14,L001,417.88,37.99,379.89,BE-16077,13:52:38
16078,2025-04-14,L001,270.11,24.56,245.55,BE-16078,12:23:05
16079,2025-04-14,L001,149.28,13.57,135.71,BE-16079,12:35:52
16080,2025-04-14,L002,392.65,35.70,356.95,BE-16080,11:54:06
16081,2025-04-14,L002,455.66,41.42,414.24,BE-16081,19:58:09
16082,2025-04-14,L003,70.80,6.44,64.36,BE-16082,17:29:50
16083,2025-04-14,L003,332.96,30.27,302.69,BE-16083,21:36:12
16084,2025-04-14,L003,419.42,38.13,381.29,BE-16084,19:24:27
16085,2025-04-14,L003,349.17,31.74,317.43,BE-16085,11:19:06
16086,2025-04-15,L001,180.37,16.40,163.97,BE-16086,15:14:22
16087,2025-04-15,L001,376.97,34.27,342.70,BE-16087,10:52:11
16088,2025-04-15,L001,64.01,5.82,58.19,BE-16088,21:12:06
16089,2025-04-15,L001,86.80,7.89,78.91,BE-16089,12:21:05
16090,2025-04-15,L002,494.91,44.99,449.92,BE-16090,10:04:32
16091,2025-04-15,L002,184.22,16.75,167.47,BE-16091,16:33:47
16092,2025-04-15,L002,141.24,12.84,128.40,BE-16092,14:22:07
16093,2025-04-15,L003,59.49,5.41,54.08,BE-16093,16:52:50
16094,2025-04-15,L003,350.14,31.83,318.31,BE-16094,14:17:53
16095,2025-04-16,L001,413.80,37.62,376.18,BE-16095,19:31:29
16096,2025-04-16,L001,128.52,11.68,116.84,BE-16096,15:37:53
16097,2025-04-16,L001,142.08,12.92,129.16,BE-16097,10:55:44
16098,2025-04-16,L001,398.41,36.22,362.19,BE-16098,21:14:21
16099,2025-04-16,L002,89.91,8.17,81.74,BE-16099,17:28:14
16100,2025-04-16,L002,448.88,40.81,408.07,BE-16100,19:55:03
16101,2025-04-16,L002,227.23,20.66,206.57,BE-16101,21:16:14
16102,2025-04-16,L002,299.61,27.24,272.37,BE-16102,15:02:56
16103,2025-04-17,L001,338.54,30.78,307.76,BE-16103,16:34:49
16104,2025-04-17,L001,474.83,43.17,431.66,BE-16104,12:59:00
16105,2025-04-17,L002,408.54,37.14,371.40,BE-16105,13:42:00
16106,2025-04-17,L002,541.88,49.26,492.62,BE-16106,15:19:03
16107,2025-04-17,L002,380.91,34.63,346.28,BE-16107,10:01:55
16108,2025-04-17,L002,163.03,14.82,148.21,BE-16108,20:31:10
16109,2025-04-17,L003,98.04,8.91,89.13,BE-16109,11:31:29
16110,2025-04-17,L003,528.65,48.06,480.59,BE-16110,11:53:50
16111,2025-04-18,L001,174.52,15.87,158.65,BE-16111,19:22:58
16112,2025-04-19,L001,321.43,29.22,292.21,BE-16112,20:22:24
16113,2025-04-19,L002,103.55,9.41,94.14,BE-16113,15:02:47
16114,2025-04-19,L002,316.95,28.81,288.14,BE-16114,21:15:39
16115,2025-04-19,L003,150.13,13.65,136.48,BE-16115,11:04:58
16116,2025-04-19,L003,134.93,12.27,122.66,BE-16116,14:13:46
16117,2025-04-19,L003,462.87,42.08,420.79,BE-16117,15:06:01
16118,2025-04-19,L003,443.62,40.33,403.29,BE-16118,17:50:39
16119,2025-04-20,L001,322.86,29.35,293.51,BE-16119,14:15:13
16120,2025-04-20,L001,221.54,20.14,201.40,BE-16120,20:46:52
16121,2025-04-20,L001,446.46,40.59,405.87,BE-16121,11:10:41
16122,2025-04-20,L001,100.84,9.17,91.67,BE-16122,16:35:30
16123,2025-04-20,L002,436.88,39.72,397.16,BE-16123,17:47:26
16124,2025-04-20,L003,274.76,24.98,249.78,BE-16124,12:58:07
16125,2025-04-20,L003,262.42,23.86,238.56,BE-16125,16:30:20
16126,2025-04-20,L003,58.12,5.28,52.84,BE-16126,18:36:32
16127,2025-04-20,L003,362.92,32.99,329.93,BE-16127,16:41:16
16128,2025-04-20,L003,174.56,15.87,158.69,BE-16128,13:39:06
16129,2025-04-21,L001,230.90,20.99,209.91,BE-16129,20:30:35
16130,2025-04-21,L001,434.91,39.54,395.37,BE-16130,14:58:18
16131,2025-04-21,L001,265.40,24.13,241.27,BE-16131,17:45:42
16132,2025-04-21,L001,364.36,33.12,331.24,BE-16132,20:57:37
16133,2025-04-21,L002,424.80,38.62,386.18,BE-16133,14:28:04
16134,2025-04-21,L002,85.24,7.75,77.49,BE-16134,14:39:40
16135,2025-04-21,L002,519.78,47.25,472.53,BE-16135,20:22:19
16136,2025-04-21,L002,401.93,36.54,365.39,BE-16136,18:09:18
16137,2025-04-21,L003,299.26,27.21,272.05,BE-16137,20:08:13
16138,2025-04-21,L003,87.77,7.98,79.79,BE-16138,16:15:26
16139,2025-04-21,L003,422.64,38.42,384.22,BE-16139,20:15:30
16140,2025-04-21,L003,179.07,16.28,162.79,BE-16140,18:49:27
16141,2025-04-21,L003,470.71,42.79,427.92,BE-16141,17:32:52
16142,2025-04-22,L003,131.09,11.92,119.17,BE-16142,10:40:33
16143,2025-04-22,L003,398.13,36.19,361.94,BE-16143,15:22:50
16144,2025-04-23,L001,161.18,14.65,146.53,BE-16144,18:50:01
16145,2025-04-23,L002,303.04,27.55,275.49,BE-16145,20:52:27
16146,2025-04-23,L002,441.90,40.17,401.73,BE-16146,12:00:53
16147,2025-04-23,L002,230.83,20.98,209.85,BE-16147,10:28:53
16148,2025-04-23,L003,472.04,42.91,429.13,BE-16148,13:54:12
16149,2025-04-23,L003,99.49,9.04,90.45,BE-16149,10:14:01
16150,2025-04-24,L001,49.51,4.50,45.01,BE-16150,18:25:06
16151,2025-04-24,L001,400.32,36.39,363.93,BE-16151,14:30:17
16152,2025-04-24,L003,403.93,36.72,367.21,BE-16152,17:40:00
16153,2025-04-24,L003,94.67,8.61,86.06,BE-16153,17:16:15
16154,2025-04-25,L001,233.53,21.23,212.30,BE-16154,15:38:03
16155,2025-04-25,L001,172.61,15.69,156.92,BE-16155,11:58:32
16156,2025-04-25,L001,406.86,36.99,369.87,BE-16156,16:57:51
16157,2025-04-25,L001,110.01,10.00,100.01,BE-16157,19:30:20
16158,2025-04-25,L001,473.78,43.07,430.71,BE-16158,20:12:00
16159,2025-04-25,L002,359.41,32.67,326.74,BE-16159,15:29:58
16160,2025-04-25,L002,403.82,36.71,367.11,BE-16160,16:19:37
16161,2025-04-25,L002,372.47,33.86,338.61,BE-16161,18:31:00
16162,2025-04-25,L002,27.89,2.54,25.35,BE-16162,12:13:03
16163,2025-04-25,L003,147.83,13.44,134.39,BE-16163,17:30:38
16164,2025-04-25,L003,62.89,5.72,57.17,BE-16164,17:04:23
16165,2025-04-25,L003,219.79,19.98,199.81,BE-16165,14:31:31
16166,2025-04-25,L003,510.94,46.45,464.49,BE-16166,21:12:48
16167,2025-04-25,L003,499.60,45.42,454.18,BE-16167,21:28:50
16168,2025-04-26,L001,302.49,27.50,274.99,BE-16168,18:13:37
16169,2025-04-26,L001,91.26,8.30,82.96,BE-16169,14:45:22
16170,2025-04-26,L001,414.77,37.71,377.06,BE-16170,11:54:13
16171,2025-04-26,L001,63.48,5.77,57.71,BE-16171,13:55:06
16172,2025-04-26,L001,183.08,16.64,166.44,BE-16172,17:03:15
16173,2025-04-26,L002,507.89,46.17,461.72,BE-16173,10:50:20
16174,2025-04-26,L002,164.66,14.97,149.69,BE-16174,14:36:01
16175,2025-04-26,L002,286.06,26.01,260.05,BE-16175,17:41:50
16176,2025-04-26,L002,530.21,48.20,482.01,BE-16176,14:01:44
16177,2025-04-26,L002,171.01,15.55,155.46,BE-16177,21:04:59
16178,2025-04-26,L003,518.45,47.13,471.32,BE-16178,18:11:31
16179,2025-04-26,L003,472.13,42.92,429.21,BE-16179,17:30:07
16180,2025-04-26,L003,477.14,43.38,433.76,BE-16180,21:33:18
16181,2025-04-27,L001,199.64,18.15,181.49,BE-16181,13:39:06
16182,2025-04-27,L001,32.52,2.96,29.56,BE-16182,12:20:49
16183,2025-04-27,L001,538.47,48.95,489.52,BE-16183,15:29:33
16184,2025-04-27,L001,122.72,11.16,111.56,BE-16184,21:47:02
16185,2025-04-27,L002,305.44,27.77,277.67,BE-16185,20:07:23
16186,2025-04-27,L002,226.30,20.57,205.73,BE-16186,16:33:32
16187,2025-04-27,L002,307.97,28.00,279.97,BE-16187,14:18:20
16188,2025-04-27,L002,249.18,22.65,226.53,BE-16188,19:14:38
16189,2025-04-27,L002,522.07,47.46,474.61,BE-16189,19:55:04
16190,2025-04-28,L001,532.28,48.39,483.89,BE-16190,16:54:12
16191,2025-04-28,L001,153.67,13.97,139.70,BE-16191,18:40:13
16192,2025-04-28,L001,164.87,14.99,149.88,BE-16192,19:43:47
16193,2025-04-28,L001,134.13,12.19,121.94,BE-16193,21:37:18
16194,2025-04-28,L001,474.40,43.13,431.27,BE-16194,10:21:04
16195,2025-04-28,L002,378.04,34.37,343.67,BE-16195,13:57:39
16196,2025-04-28,L002,159.49,14.50,144.99,BE-16196,10:44:24
16197,2025-04-28,L003,403.16,36.65,366.51,BE-16197,14:15:29
16198,2025-04-28,L003,137.23,12.48,124.75,BE-16198,17:51:11
16199,2025-04-28,L003,501.80,45.62,456.18,BE-16199,11:05:29
16200,2025-04-28,L003,104.20,9.47,94.73,BE-16200,11:58:36
16201,2025-04-29,L001,513.40,46.67,466.73,BE-16201,19:14:45
16202,2025-04-29,L001,146.43,13.31,133.12,BE-16202,12:09:42
16203,2025-04-29,L001,375.76,34.16,341.60,BE-16203,20:34:55
16204,2025-04-29,L001,66.02,6.00,60.02,BE-16204,14:02:21
16205,2025-04-29,L002,508.93,46.27,462.66,BE-16205,11:56:08
16206,2025-04-29,L003,173.77,15.80,157.97,BE-16206,20:01:26
16207,2025-04-30,L001,382.57,34.78,347.79,BE-16207,16:46:40
16208,2025-04-30,L001,189.90,17.26,172.64,BE-16208,16:50:34
16209,2025-04-30,L002,418.02,38.00,380.02,BE-16209,10:23:53
16210,2025-04-30,L002,443.37,40.31,403.06,BE-16210,13:57:55
16211,2025-04-30,L002,411.39,37.40,373.99,BE-16211,13:50:03
16212,2025-04-30,L003,401.05,36.46,364.59,BE-16212,12:01:55
16213,2025-04-30,L003,27.53,2.50,25.03,BE-16213,11:45:00
16214,2025-05-01,L001,485.06,44.10,440.96,BE-16214,11:47:44
16215,2025-05-01,L002,440.44,40.04,400.40,BE-16215,11:24:23
16216,2025-05-01,L002,314.42,28.58,285.84,BE-16216,17:44:26
16217,2025-05-01,L002,485.03,44.09,440.94,BE-16217,16:42:50
16218,2025-05-01,L002,251.54,22.87,228.67,BE-16218,18:48:31
16219,2025-05-01,L003,422.64,38.42,384.22,BE-16219,13:40:18
16220,2025-05-01,L003,335.37,30.49,304.88,BE-16220,21:48:19
16221,2025-05-01,L003,219.00,19.91,199.09,BE-16221,16:06:42
16222,2025-05-02,L001,41.34,3.76,37.58,BE-16222,20:39:04
16223,2025-05-02,L001,114.32,10.39,103.93,BE-16223,13:44:40
16224,2025-05-02,L001,100.45,9.13,91.32,BE-16224,15:34:09
16225,2025-05-02,L001,170.01,15.46,154.55,BE-16225,20:20:07
16226,2025-05-02,L001,257.57,23.42,234.15,BE-16226,14:48:26
16227,2025-05-02,L003,168.12,15.28,152.84,BE-16227,16:22:38
16228,2025-05-02,L003,139.21,12.66,126.55,BE-16228,13:29:55
16229,2025-05-02,L003,437.53,39.78,397.75,BE-16229,21:10:03
16230,2025-05-03,L001,458.00,41.64,416.36,BE-16230,14:15:40
16231,2025-05-03,L001,204.36,18.58,185.78,BE-16231,12:43:05
16232,2025-05-03,L001,395.90,35.99,359.91,BE-16232,20:44:28
16233,2025-05-03,L001,369.75,33.61,336.14,BE-16233,14:32:39
16234,2025-05-03,L001,129.00,11.73,117.27,BE-16234,12:11:16
16235,2025-05-03,L002,262.27,23.84,238.43,BE-16235,20:35:52
16236,2025-05-03,L002,544.97,49.54,495.43,BE-16236,11:32:50
16237,2025-05-03,L002,40.13,3.65,36.48,BE-16237,20:14:55
16238,2025-05-04,L001,123.51,11.23,112.28,BE-16238,17:48:35
16239,2025-05-04,L001,290.31,26.39,263.92,BE-16239,10:10:23
16240,2025-05-04,L002,546.39,49.67,496.72,BE-16240,21:46:53
16241,2025-05-04,L002,400.02,36.37,363.65,BE-16241,19:49:36
16242,2025-05-04,L002,390.87,35.53,355.34,BE-16242,10:28:15
16243,2025-05-04,L003,289.03,26.28,262.75,BE-16243,15:05:47
16244,2025-05-04,L003,312.03,28.37,283.66,BE-16244,17:10:15
16245,2025-05-04,L003,504.48,45.86,458.62,BE-16245,12:12:36
16246,2025-05-04,L003,509.43,46.31,463.12,BE-16246,12:11:33
16247,2025-05-04,L003,434.60,39.51,395.09,BE-16247,16:06:36
16248,2025-05-05,L002,261.89,23.81,238.08,BE-16248,20:56:48
16249,2025-05-05,L003,517.63,47.06,470.57,BE-16249,11:01:58
16250,2025-05-05,L003,275.22,25.02,250.20,BE-16250,18:44:55
16251,2025-05-06,L001,275.96,25.09,250.87,BE-16251,11:29:33
16252,2025-05-06,L001,434.78,39.53,395.25,BE-16252,14:50:15
16253,2025-05-06,L002,133.11,12.10,121.01,BE-16253,10:48:27
16254,2025-05-06,L002,475.00,43.18,431.82,BE-16254,16:15:51
16255,2025-05-06,L002,479.33,43.58,435.75,BE-16255,17:58:14
16256,2025-05-06,L002,213.59,19.42,194.17,BE-16256,15:40:09
16257,2025-05-06,L002,299.56,27.23,272.33,BE-16257,20:04:18
16258,2025-05-06,L003,514.95,46.81,468.14,BE-16258,16:01:16
16259,2025-05-06,L003,477.44,43.40,434.04,BE-16259,11:13:00
16260,2025-05-06,L003,435.11,39.56,395.55,BE-16260,18:06:14
16261,2025-05-06,L003,105.84,9.62,96.22,BE-16261,14:39:04
16262,2025-05-06,L003,257.83,23.44,234.39,BE-16262,12:58:57
16263,2025-05-07,L001,115.69,10.52,105.17,BE-16263,13:27:57
16264,2025-05-07,L001,84.91,7.72,77.19,BE-16264,15:11:11
16265,2025-05-07,L001,227.68,20.70,206.98,BE-16265,15:28:16
16266,2025-05-07,L001,288.04,26.19,261.85,BE-16266,17:16:39
16267,2025-05-07,L002,242.84,22.08,220.76,BE-16267,14:04:07
16268,2025-05-07,L002,314.93,28.63,286.30,BE-16268,18:18:14
16269,2025-05-07,L002,468.58,42.60,425.98,BE-16269,12:34:07
16270,2025-05-07,L002,451.95,41.09,410.86,BE-16270,16:01:51
16271,2025-05-07,L002,384.56,34.96,349.60,BE-16271,19:29:20
16272,2025-05-07,L003,51.63,4.69,46.94,BE-16272,14:27:26
16273,2025-05-07,L003,508.89,46.26,462.63,BE-16273,14:17:42
16274,2025-05-07,L003,57.18,5.20,51.98,BE-16274,13:01:19
16275,2025-05-08,L001,291.97,26.54,265.43,BE-16275,10:06:05
16276,2025-05-08,L001,449.41,40.86,408.55,BE-16276,18:08:32
16277,2025-05-08,L001,172.46,15.68,156.78,BE-16277,16:31:53
16278,2025-05-09,L001,258.20,23.47,234.73,BE-16278,10:26:06
16279,2025-05-09,L002,136.48,12.41,124.07,BE-16279,11:22:09
16280,2025-05-09,L002,382.91,34.81,348.10,BE-16280,16:06:18
16281,2025-05-09,L002,341.26,31.02,310.24,BE-16281,13:56:42
16282,2025-05-09,L002,525.37,47.76,477.61,BE-16282,19:33:14
16283,2025-05-09,L003,186.88,16.99,169.89,BE-16283,17:51:45
16284,2025-05-10,L001,460.85,41.90,418.95,BE-16284,16:15:54
16285,2025-05-10,L001,253.36,23.03,230.33,BE-16285,19:00:20
16286,2025-05-10,L001,88.45,8.04,80.41,BE-16286,20:22:33
16287,2025-05-10,L001,95.11,8.65,86.46,BE-16287,10:18:51
16288,2025-05-10,L002,203.63,18.51,185.12,BE-16288,18:36:27
16289,2025-05-10,L003,254.74,23.16,231.58,BE-16289,21:48:27
16290,2025-05-10,L003,62.95,5.72,57.23,BE-16290,21:34:21
16291,2025-05-10,L003,160.95,14.63,146.32,BE-16291,10:10:14
16292,2025-05-10,L003,360.39,32.76,327.63,BE-16292,16:03:35
16293,2025-05-11,L001,193.80,17.62,176.18,BE-16293,12:33:41
16294,2025-05-11,L001,435.21,39.56,395.65,BE-16294,19:01:30
16295,2025-05-11,L002,383.53,34.87,348.66,BE-16295,17:18:39
16296,2025-05-11,L002,192.54,17.50,175.04,BE-16296,17:06:53
16297,2025-05-11,L003,416.46,37.86,378.60,BE-16297,16:42:28
16298,2025-05-12,L001,268.37,24.40,243.97,BE-16298,20:25:47
16299,2025-05-12,L002,394.33,35.85,358.48,BE-16299,13:05:39
16300,2025-05-12,L002,504.68,45.88,458.80,BE-16300,21:18:13
16301,2025-05-12,L002,198.75,18.07,180.68,BE-16301,16:08:53
16302,2025-05-12,L002,203.38,18.49,184.89,BE-16302,20:40:42
16303,2025-05-12,L003,524.96,47.72,477.24,BE-16303,12:21:05
16304,2025-05-12,L003,389.20,35.38,353.82,BE-16304,11:13:25
16305,2025-05-12,L003,204.50,18.59,185.91,BE-16305,12:34:51
16306,2025-05-13,L001,489.71,44.52,445.19,BE-16306,13:53:16
16307,2025-05-13,L001,283.26,25.75,257.51,BE-16307,11:49:35
16308,2025-05-13,L002,471.85,42.90,428.95,BE-16308,16:00:47
16309,2025-05-13,L002,430.17,39.11,391.06,BE-16309,10:43:11
16310,2025-05-13,L003,252.12,22.92,229.20,BE-16310,14:08:22
16311,2025-05-13,L003,35.95,3.27,32.68,BE-16311,21:46:53
16312,2025-05-13,L003,411.58,37.42,374.16,BE-16312,12:16:37
16313,2025-05-13,L003,88.54,8.05,80.49,BE-16313,15:36:56
16314,2025-05-13,L003,149.39,13.58,135.81,BE-16314,19:41:50
16315,2025-05-14,L001,258.12,23.47,234.65,BE-16315,17:44:06
16316,2025-05-14,L002,89.46,8.13,81.33,BE-16316,18:44:38
16317,2025-05-14,L002,450.15,40.92,409.23,BE-16317,11:53:19
16318,2025-05-14,L002,93.20,8.47,84.73,BE-16318,20:38:40
16319,2025-05-14,L002,164.94,14.99,149.95,BE-16319,11:31:26
16320,2025-05-14,L002,185.23,16.84,168.39,BE-16320,11:07:30
16321,2025-05-14,L003,421.48,38.32,383.16,BE-16321,11:43:48
16322,2025-05-14,L003,182.59,16.60,165.99,BE-16322,16:23:37
16323,2025-05-14,L003,122.77,11.16,111.61,BE-16323,20:53:29
16324,2025-05-14,L003,397.24,36.11,361.13,BE-16324,12:26:50
16325,2025-05-15,L001,114.83,10.44,104.39,BE-16325,10:26:50
16326,2025-05-15,L001,508.12,46.19,461.93,BE-16326,11:58:40
16327,2025-05-15,L001,211.28,19.21,192.07,BE-16327,16:12:26
16328,2025-05-15,L001,250.58,22.78,227.80,BE-16328,12:58:46
16329,2025-05-15,L001,439.88,39.99,399.89,BE-16329,10:59:36
16330,2025-05-15,L002,62.66,5.70,56.96,BE-16330,13:46:59
16331,2025-05-15,L002,122.29,11.12,111.17,BE-16331,13:42:56
16332,2025-05-15,L002,86.10,7.83,78.27,BE-16332,21:26:38
16333,2025-05-15,L002,519.39,47.22,472.17,BE-16333,13:51:12
16334,2025-05-15,L002,366.51,33.32,333.19,BE-16334,19:09:00
16335,2025-05-16,L001,143.70,13.06,130.64,BE-16335,10:59:15
16336,2025-05-16,L001,360.90,32.81,328.09,BE-16336,18:45:50
16337,2025-05-16,L001,381.16,34.65,346.51,BE-16337,12:40:12
16338,2025-05-16,L002,481.47,43.77,437.70,BE-16338,17:49:44
16339,2025-05-16,L002,485.95,44.18,441.77,BE-16339,20:02:32
16340,2025-05-16,L003,424.72,38.61,386.11,BE-16340,14:36:36
16341,2025-05-16,L003,470.98,42.82,428.16,BE-16341,16:28:07
16342,2025-05-17,L001,33.49,3.04,30.45,BE-16342,20:05:28
16343,2025-05-17,L001,294.94,26.81,268.13,BE-16343,11:08:37
16344,2025-05-17,L002,108.15,9.83,98.32,BE-16344,21:06:02
16345,2025-05-17,L002,263.76,23.98,239.78,BE-16345,21:09:14
16346,2025-05-17,L003,126.28,11.48,114.80,BE-16346,16:52:52
16347,2025-05-18,L001,478.05,43.46,434.59,BE-16347,21:11:53
16348,2025-05-18,L002,121.78,11.07,110.71,BE-16348,18:46:24
16349,2025-05-18,L003,200.00,18.18,181.82,BE-16349,18:30:16
16350,2025-05-18,L003,124.45,11.31,113.14,BE-16350,18:12:46
16351,2025-05-18,L003,415.24,37.75,377.49,BE-16351,13:10:18
16352,2025-05-19,L001,159.49,14.50,144.99,BE-16352,16:56:23
16353,2025-05-19,L001,163.90,14.90,149.00,BE-16353,15:15:26
16354,2025-05-19,L001,111.80,10.16,101.64,BE-16354,13:51:50
16355,2025-05-19,L001,409.31,37.21,372.10,BE-16355,21:43:46
16356,2025-05-19,L001,328.12,29.83,298.29,BE-16356,10:39:47
16357,2025-05-19,L002,445.91,40.54,405.37,BE-16357,21:18:18
16358,2025-05-20,L001,380.20,34.56,345.64,BE-16358,16:39:48
16359,2025-05-20,L002,338.67,30.79,307.88,BE-16359,14:05:32
16360,2025-05-20,L002,433.75,39.43,394.32,BE-16360,12:56:47
16361,2025-05-20,L002,294.35,26.76,267.59,BE-16361,13:27:29
16362,2025-05-20,L003,536.78,48.80,487.98,BE-16362,19:07:13
16363,2025-05-20,L003,427.11,38.83,388.28,BE-16363,16:38:57
16364,2025-05-20,L003,514.73,46.79,467.94,BE-16364,16:21:37
16365,2025-05-20,L003,325.83,29.62,296.21,BE-16365,18:06:44
16366,2025-05-20,L003,142.07,12.92,129.15,BE-16366,12:16:42
16367,2025-05-21,L002,228.44,20.77,207.67,BE-16367,13:13:52
16368,2025-05-21,L002,410.72,37.34,373.38,BE-16368,20:00:41
16369,2025-05-21,L002,513.18,46.65,466.53,BE-16369,12:25:54
16370,2025-05-21,L002,25.20,2.29,22.91,BE-16370,19:48:45
16371,2025-05-21,L002,380.02,34.55,345.47,BE-16371,12:19:46
16372,2025-05-21,L003,158.69,14.43,144.26,BE-16372,14:34:11
16373,2025-05-21,L003,30.81,2.80,28.01,BE-16373,17:01:43
16374,2025-05-21,L003,266.01,24.18,241.83,BE-16374,21:36:08
16375,2025-05-22,L001,443.63,40.33,403.30,BE-16375,19:33:30
16376,2025-05-22,L002,435.60,39.60,396.00,BE-16376,17:37:47
16377,2025-05-22,L002,329.55,29.96,299.59,BE-16377,12:58:50
16378,2025-05-22,L002,414.91,37.72,377.19,BE-16378,13:03:37
16379,2025-05-22,L003,266.19,24.20,241.99,BE-16379,13:20:49
16380,2025-05-22,L003,450.84,40.99,409.85,BE-16380,17:01:37
16381,2025-05-23,L001,305.69,27.79,277.90,BE-16381,13:43:59
16382,2025-05-23,L001,79.56,7.23,72.33,BE-16382,12:25:11
16383,2025-05-23,L001,176.91,16.08,160.83,BE-16383,11:17:26
16384,2025-05-23,L001,183.08,16.64,166.44,BE-16384,16:34:36
16385,2025-05-23,L001,300.73,27.34,273.39,BE-16385,12:45:35
16386,2025-05-23,L002,327.25,29.75,297.50,BE-16386,12:31:41
16387,2025-05-24,L001,465.79,42.34,423.45,BE-16387,18:31:08
16388,2025-05-24,L001,168.83,15.35,153.48,BE-16388,10:53:45
16389,2025-05-24,L001,275.18,25.02,250.16,BE-16389,14:11:07
16390,2025-05-24,L002,317.00,28.82,288.18,BE-16390,11:49:36
16391,2025-05-24,L002,228.71,20.79,207.92,BE-16391,11:00:23
16392,2025-05-24,L002,149.89,13.63,136.26,BE-16392,16:50:58
16393,2025-05-24,L003,37.21,3.38,33.83,BE-16393,19:01:56
16394,2025-05-24,L003,510.74,46.43,464.31,BE-16394,15:08:09
16395,2025-05-25,L001,224.76,20.43,204.33,BE-16395,20:13:15
16396,2025-05-25,L001,339.21,30.84,308.37,BE-16396,11:55:32
16397,2025-05-25,L001,438.28,39.84,398.44,BE-16397,15:13:13
16398,2025-05-25,L001,99.57,9.05,90.52,BE-16398,20:19:17
16399,2025-05-25,L001,398.48,36.23,362.25,BE-16399,12:28:38
16400,2025-05-25,L002,511.30,46.48,464.82,BE-16400,16:02:33
16401,2025-05-25,L002,517.31,47.03,470.28,BE-16401,10:57:40
16402,2025-05-25,L003,63.60,5.78,57.82,BE-16402,11:07:43
16403,2025-05-26,L001,34.09,3.10,30.99,BE-16403,12:27:59
16404,2025-05-26,L002,323.95,29.45,294.50,BE-16404,20:05:11
16405,2025-05-26,L002,425.35,38.67,386.68,BE-16405,15:44:34
16406,2025-05-26,L002,547.79,49.80,497.99,BE-16406,12:59:52
16407,2025-05-26,L002,236.64,21.51,215.13,BE-16407,20:17:27
16408,2025-05-27,L002,509.46,46.31,463.15,BE-16408,19:35:15
16409,2025-05-28,L002,188.49,17.14,171.35,BE-16409,13:57:50
16410,2025-05-28,L002,302.95,27.54,275.41,BE-16410,13:33:06
16411,2025-05-28,L003,357.90,32.54,325.36,BE-16411,20:44:39
16412,2025-05-29,L001,260.37,23.67,236.70,BE-16412,17:31:03
16413,2025-05-29,L001,114.13,10.38,103.75,BE-16413,16:01:00
16414,2025-05-29,L002,158.36,14.40,143.96,BE-16414,10:44:27
16415,2025-05-29,L002,86.59,7.87,78.72,BE-16415,18:11:37
16416,2025-05-29,L002,467.48,42.50,424.98,BE-16416,17:11:17
16417,2025-05-29,L002,391.52,35.59,355.93,BE-16417,15:03:01
16418,2025-05-29,L003,493.22,44.84,448.38,BE-16418,14:33:55
16419,2025-05-29,L003,533.38,48.49,484.89,BE-16419,18:52:48
16420,2025-05-29,L003,445.36,40.49,404.87,BE-16420,15:41:03
16421,2025-05-29,L003,542.86,49.35,493.51,BE-16421,13:53:11
16422,2025-05-30,L001,505.81,45.98,459.83,BE-16422,14:59:51
16423,2025-05-30,L001,474.46,43.13,431.33,BE-16423,11:03:50
16424,2025-05-30,L001,496.50,45.14,451.36,BE-16424,21:28:28
16425,2025-05-30,L001,375.47,34.13,341.34,BE-16425,19:36:01
16426,2025-05-30,L001,40.14,3.65,36.49,BE-16426,20:08:41
16427,2025-05-30,L003,161.80,14.71,147.09,BE-16427,16:02:13
16428,2025-05-30,L003,384.51,34.96,349.55,BE-16428,19:18:27
16429,2025-05-30,L003,24.34,2.21,22.13,BE-16429,11:02:01
16430,2025-05-30,L003,495.66,45.06,450.60,BE-16430,14:10:50
16431,2025-05-31,L001,85.47,7.77,77.70,BE-16431,13:22:57
16432,2025-05-31,L002,46.16,4.20,41.96,BE-16432,14:00:54
16433,2025-05-31,L003,83.15,7.56,75.59,BE-16433,17:43:46
16434,2025-05-31,L003,308.46,28.04,280.42,BE-16434,20:30:05
16435,2025-06-01,L001,40.33,3.67,36.66,BE-16435,10:43:11
16436,2025-06-01,L001,425.19,38.65,386.54,BE-16436,16:34:02
16437,2025-06-01,L001,337.99,30.73,307.26,BE-16437,16:23:53
16438,2025-06-01,L001,404.96,36.81,368.15,BE-16438,10:49:23
16439,2025-06-01,L001,342.55,31.14,311.41,BE-16439,20:43:56
16440,2025-06-01,L002,135.41,12.31,123.10,BE-16440,19:24:36
16441,2025-06-01,L002,119.94,10.90,109.04,BE-16441,20:18:47
16442,2025-06-01,L002,394.29,35.84,358.45,BE-16442,20:39:02
16443,2025-06-01,L002,304.68,27.70,276.98,BE-16443,16:57:17
16444,2025-06-01,L002,127.55,11.60,115.95,BE-16444,19:35:46
16445,2025-06-01,L003,233.89,21.26,212.63,BE-16445,10:40:10
16446,2025-06-01,L003,456.98,41.54,415.44,BE-16446,10:18:48
16447,2025-06-01,L003,401.46,36.50,364.96,BE-16447,18:51:33
16448,2025-06-02,L002,527.51,47.96,479.55,BE-16448,14:25:19
16449,2025-06-02,L002,429.59,39.05,390.54,BE-16449,21:46:56
16450,2025-06-02,L002,228.46,20.77,207.69,BE-16450,21:39:22
16451,2025-06-02,L003,461.88,41.99,419.89,BE-16451,15:25:59
16452,2025-06-02,L003,108.11,9.83,98.28,BE-16452,12:56:17
16453,2025-06-02,L003,478.93,43.54,435.39,BE-16453,18:22:43
16454,2025-06-02,L003,283.15,25.74,257.41,BE-16454,10:38:38
16455,2025-06-03,L001,387.86,35.26,352.60,BE-16455,10:03:03
16456,2025-06-03,L001,320.11,29.10,291.01,BE-16456,18:38:41
16457,2025-06-03,L001,230.92,20.99,209.93,BE-16457,11:16:34
16458,2025-06-03,L001,531.59,48.33,483.26,BE-16458,18:55:10
16459,2025-06-03,L001,313.81,28.53,285.28,BE-16459,18:51:11
16460,2025-06-03,L002,237.25,21.57,215.68,BE-16460,19:20:18
16461,2025-06-03,L002,230.19,20.93,209.26,BE-16461,14:14:15
16462,2025-06-03,L002,424.68,38.61,386.07,BE-16462,15:09:29
16463,2025-06-03,L003,365.52,33.23,332.29,BE-16463,13:14:39
16464,2025-06-04,L001,427.00,38.82,388.18,BE-16464,16:08:51
16465,2025-06-04,L001,368.01,33.46,334.55,BE-16465,18:30:41
16466,2025-06-04,L001,547.92,49.81,498.11,BE-16466,17:49:23
16467,2025-06-04,L002,202.16,18.38,183.78,BE-16467,13:31:35
16468,2025-06-04,L002,178.32,16.21,162.11,BE-16468,12:10:17
16469,2025-06-04,L002,146.27,13.30,132.97,BE-16469,19:23:04
16470,2025-06-04,L002,355.73,32.34,323.39,BE-16470,14:29:24
16471,2025-06-04,L003,336.93,30.63,306.30,BE-16471,12:04:17
16472,2025-06-05,L001,126.40,11.49,114.91,BE-16472,10:29:38
16473,2025-06-05,L001,96.59,8.78,87.81,BE-16473,10:00:08
16474,2025-06-05,L001,383.32,34.85,348.47,BE-16474,13:55:06
16475,2025-06-05,L002,498.46,45.31,453.15,BE-16475,16:36:07
16476,2025-06-05,L002,339.99,30.91,309.08,BE-16476,13:31:13
16477,2025-06-06,L002,249.15,22.65,226.50,BE-16477,20:25:43
16478,2025-06-06,L002,65.66,5.97,59.69,BE-16478,20:52:15
16479,2025-06-06,L002,510.38,46.40,463.98,BE-16479,21:19:49
16480,2025-06-06,L002,53.88,4.90,48.98,BE-16480,17:04:19
16481,2025-06-06,L003,482.68,43.88,438.80,BE-16481,15:19:39
16482,2025-06-06,L003,475.99,43.27,432.72,BE-16482,21:24:02
16483,2025-06-07,L001,37.99,3.45,34.54,BE-16483,18:41:58
16484,2025-06-07,L001,333.56,30.32,303.24,BE-16484,15:00:49
16485,2025-06-07,L001,430.39,39.13,391.26,BE-16485,13:08:01
16486,2025-06-07,L001,247.21,22.47,224.74,BE-16486,17:52:53
16487,2025-06-07,L002,253.72,23.07,230.65,BE-16487,16:45:48
16488,2025-06-07,L002,224.90,20.45,204.45,BE-16488,12:18:28
16489,2025-06-07,L002,524.74,47.70,477.04,BE-16489,10:31:56
16490,2025-06-07,L002,151.77,13.80,137.97,BE-16490,14:15:08
16491,2025-06-07,L002,248.92,22.63,226.29,BE-16491,13:04:23
16492,2025-06-07,L003,46.15,4.20,41.95,BE-16492,20:58:53
16493,2025-06-08,L003,541.77,49.25,492.52,BE-16493,20:09:03
16494,2025-06-09,L001,64.33,5.85,58.48,BE-16494,14:04:13
16495,2025-06-09,L001,99.34,9.03,90.31,BE-16495,20:41:57
16496,2025-06-09,L002,247.81,22.53,225.28,BE-16496,14:21:53
16497,2025-06-09,L002,77.62,7.06,70.56,BE-16497,11:44:28
16498,2025-06-09,L002,242.36,22.03,220.33,BE-16498,12:24:41
16499,2025-06-09,L002,192.64,17.51,175.13,BE-16499,14:37:28
16500,2025-06-09,L003,444.75,40.43,404.32,BE-16500,10:27:02
16501,2025-06-10,L001,412.51,37.50,375.01,BE-16501,17:45:36
16502,2025-06-10,L001,408.01,37.09,370.92,BE-16502,14:35:20
16503,2025-06-10,L001,522.26,47.48,474.78,BE-16503,13:52:10
16504,2025-06-10,L002,194.39,17.67,176.72,BE-16504,16:35:15
16505,2025-06-10,L002,370.15,33.65,336.50,BE-16505,19:19:15
16506,2025-06-10,L002,205.94,18.72,187.22,BE-16506,15:43:49
16507,2025-06-10,L002,384.38,34.94,349.44,BE-16507,14:09:49
16508,2025-06-10,L003,360.40,32.76,327.64,BE-16508,15:16:44
16509,2025-06-10,L003,294.58,26.78,267.80,BE-16509,20:42:06
16510,2025-06-10,L003,411.62,37.42,374.20,BE-16510,12:29:20
16511,2025-06-11,L001,244.40,22.22,222.18,BE-16511,13:26:51
16512,2025-06-11,L001,294.80,26.80,268.00,BE-16512,21:58:53
16513,2025-06-11,L002,188.58,17.14,171.44,BE-16513,17:18:09
16514,2025-06-11,L002,89.50,8.14,81.36,BE-16514,19:24:22
16515,2025-06-11,L002,263.96,24.00,239.96,BE-16515,17:23:27
16516,2025-06-11,L002,449.49,40.86,408.63,BE-16516,15:08:23
16517,2025-06-11,L003,259.11,23.56,235.55,BE-16517,21:27:25
16518,2025-06-11,L003,356.83,32.44,324.39,BE-16518,17:28:33
16519,2025-06-12,L001,239.95,21.81,218.14,BE-16519,21:30:09
16520,2025-06-12,L001,105.36,9.58,95.78,BE-16520,18:02:03
16521,2025-06-12,L001,354.60,32.24,322.36,BE-16521,10:36:48
16522,2025-06-12,L001,110.46,10.04,100.42,BE-16522,18:40:10
16523,2025-06-12,L001,366.46,33.31,333.15,BE-16523,19:18:49
16524,2025-06-12,L002,457.52,41.59,415.93,BE-16524,10:50:55
16525,2025-06-12,L002,513.27,46.66,466.61,BE-16525,14:00:56
16526,2025-06-12,L002,198.94,18.09,180.85,BE-16526,21:17:40
16527,2025-06-12,L002,451.19,41.02,410.17,BE-16527,15:33:45
16528,2025-06-12,L003,359.77,32.71,327.06,BE-16528,15:37:08
16529,2025-06-12,L003,430.78,39.16,391.62,BE-16529,11:05:19
16530,2025-06-12,L003,357.42,32.49,324.93,BE-16530,11:33:18
16531,2025-06-12,L003,49.63,4.51,45.12,BE-16531,16:54:29
16532,2025-06-13,L001,247.94,22.54,225.40,BE-16532,19:59:03
16533,2025-06-13,L001,62.55,5.69,56.86,BE-16533,18:40:28
16534,2025-06-13,L002,497.87,45.26,452.61,BE-16534,17:45:56
16535,2025-06-13,L002,358.23,32.57,325.66,BE-16535,19:04:39
16536,2025-06-13,L003,439.70,39.97,399.73,BE-16536,11:56:04
16537,2025-06-13,L003,487.60,44.33,443.27,BE-16537,16:26:46
16538,2025-06-14,L001,99.39,9.04,90.35,BE-16538,21:53:35
16539,2025-06-14,L002,271.60,24.69,246.91,BE-16539,11:23:11
16540,2025-06-14,L002,329.08,29.92,299.16,BE-16540,12:55:36
16541,2025-06-14,L002,99.28,9.03,90.25,BE-16541,12:10:50
16542,2025-06-14,L002,54.22,4.93,49.29,BE-16542,10:51:58
16543,2025-06-14,L002,137.90,12.54,125.36,BE-16543,11:04:13
16544,2025-06-15,L002,231.80,21.07,210.73,BE-16544,19:51:48
16545,2025-06-15,L002,415.85,37.80,378.05,BE-16545,19:53:17
16546,2025-06-15,L002,250.72,22.79,227.93,BE-16546,14:13:33
16547,2025-06-15,L002,269.07,24.46,244.61,BE-16547,10:08:53
16548,2025-06-16,L001,132.11,12.01,120.10,BE-16548,10:24:37
16549,2025-06-16,L001,271.85,24.71,247.14,BE-16549,10:27:38
16550,2025-06-16,L001,243.39,22.13,221.26,BE-16550,15:07:56
16551,2025-06-16,L002,547.01,49.73,497.28,BE-16551,10:09:13
16552,2025-06-16,L002,527.19,47.93,479.26,BE-16552,16:10:27
16553,2025-06-16,L002,337.47,30.68,306.79,BE-16553,17:17:51
16554,2025-06-16,L002,472.91,42.99,429.92,BE-16554,21:27:01
16555,2025-06-16,L002,93.02,8.46,84.56,BE-16555,10:41:40
16556,2025-06-17,L001,84.33,7.67,76.66,BE-16556,13:26:38
16557,2025-06-17,L001,273.57,24.87,248.70,BE-16557,17:25:36
16558,2025-06-17,L001,138.82,12.62,126.20,BE-16558,17:09:51
16559,2025-06-17,L001,94.12,8.56,85.56,BE-16559,17:51:11
16560,2025-06-17,L002,28.11,2.56,25.55,BE-16560,20:48:06
16561,2025-06-17,L002,480.61,43.69,436.92,BE-16561,11:12:57
16562,2025-06-17,L002,491.59,44.69,446.90,BE-16562,19:39:58
16563,2025-06-17,L003,179.52,16.32,163.20,BE-16563,16:23:38
16564,2025-06-18,L001,73.15,6.65,66.50,BE-16564,20:47:07
16565,2025-06-18,L002,333.53,30.32,303.21,BE-16565,17:36:18
16566,2025-06-18,L002,295.61,26.87,268.74,BE-16566,20:40:47
16567,2025-06-18,L002,209.32,19.03,190.29,BE-16567,16:36:10
16568,2025-06-18,L002,442.71,40.25,402.46,BE-16568,18:26:37
16569,2025-06-18,L003,416.58,37.87,378.71,BE-16569,12:12:46
16570,2025-06-19,L001,174.91,15.90,159.01,BE-16570,17:05:50
16571,2025-06-19,L001,287.24,26.11,261.13,BE-16571,16:29:17
16572,2025-06-19,L001,431.39,39.22,392.17,BE-16572,14:33:16
16573,2025-06-19,L001,273.53,24.87,248.66,BE-16573,20:28:26
16574,2025-06-19,L002,381.89,34.72,347.17,BE-16574,20:05:50
16575,2025-06-19,L002,224.04,20.37,203.67,BE-16575,14:22:41
16576,2025-06-19,L002,335.06,30.46,304.60,BE-16576,11:14:09
16577,2025-06-19,L003,183.57,16.69,166.88,BE-16577,14:46:26
16578,2025-06-19,L003,531.50,48.32,483.18,BE-16578,16:57:06
16579,2025-06-19,L003,516.33,46.94,469.39,BE-16579,21:36:56
16580,2025-06-19,L003,248.08,22.55,225.53,BE-16580,19:30:45
16581,2025-06-20,L001,385.21,35.02,350.19,BE-16581,13:05:58
16582,2025-06-20,L002,414.60,37.69,376.91,BE-16582,13:09:36
16583,2025-06-20,L002,443.31,40.30,403.01,BE-16583,21:43:21
16584,2025-06-20,L002,549.45,49.95,499.50,BE-16584,12:34:21
16585,2025-06-20,L003,395.71,35.97,359.74,BE-16585,14:00:35
16586,2025-06-20,L003,393.51,35.77,357.74,BE-16586,14:31:14
16587,2025-06-21,L001,299.68,27.24,272.44,BE-16587,16:59:47
16588,2025-06-21,L002,422.97,38.45,384.52,BE-16588,10:34:14
16589,2025-06-21,L002,523.70,47.61,476.09,BE-16589,21:09:23
16590,2025-06-22,L001,471.05,42.82,428.23,BE-16590,19:01:15
16591,2025-06-22,L001,29.92,2.72,27.20,BE-16591,10:37:23
16592,2025-06-22,L001,459.83,41.80,418.03,BE-16592,15:49:23
16593,2025-06-22,L002,432.74,39.34,393.40,BE-16593,16:04:16
16594,2025-06-22,L003,249.37,22.67,226.70,BE-16594,11:24:49
16595,2025-06-23,L001,487.76,44.34,443.42,BE-16595,15:03:40
16596,2025-06-23,L001,375.00,34.09,340.91,BE-16596,11:22:24
16597,2025-06-23,L002,89.70,8.15,81.55,BE-16597,17:54:57
16598,2025-06-24,L001,55.64,5.06,50.58,BE-16598,19:14:00
16599,2025-06-24,L001,391.00,35.55,355.45,BE-16599,15:19:40
16600,2025-06-24,L001,62.67,5.70,56.97,BE-16600,21:15:42
16601,2025-06-24,L001,246.72,22.43,224.29,BE-16601,16:20:49
16602,2025-06-24,L001,288.53,26.23,262.30,BE-16602,21:05:04
16603,2025-06-24,L002,522.24,47.48,474.76,BE-16603,12:27:06
16604,2025-06-24,L002,375.47,34.13,341.34,BE-16604,13:37:29
16605,2025-06-24,L003,245.76,22.34,223.42,BE-16605,10:42:27
16606,2025-06-24,L003,279.18,25.38,253.80,BE-16606,11:29:00
16607,2025-06-25,L001,154.87,14.08,140.79,BE-16607,19:52:17
16608,2025-06-25,L001,407.91,37.08,370.83,BE-16608,20:20:18
16609,2025-06-25,L001,402.31,36.57,365.74,BE-16609,16:13:16
16610,2025-06-25,L001,157.14,14.29,142.85,BE-16610,17:27:44
16611,2025-06-25,L002,204.97,18.63,186.34,BE-16611,20:49:44
16612,2025-06-25,L003,223.33,20.30,203.03,BE-16612,19:51:46
16613,2025-06-26,L001,304.66,27.70,276.96,BE-16613,15:13:49
16614,2025-06-26,L002,418.81,38.07,380.74,BE-16614,21:20:00
16615,2025-06-26,L002,380.75,34.61,346.14,BE-16615,11:37:22
16616,2025-06-26,L002,358.41,32.58,325.83,BE-16616,11:30:57
16617,2025-06-26,L003,513.54,46.69,466.85,BE-16617,19:07:35
16618,2025-06-26,L003,273.35,24.85,248.50,BE-16618,15:35:40
16619,2025-06-26,L003,497.99,45.27,452.72,BE-16619,14:37:37
16620,2025-06-26,L003,351.79,31.98,319.81,BE-16620,10:20:25
16621,2025-06-26,L003,249.25,22.66,226.59,BE-16621,16:41:21
16622,2025-06-27,L001,268.43,24.40,244.03,BE-16622,19:05:44
16623,2025-06-27,L001,391.26,35.57,355.69,BE-16623,20:36:26
16624,2025-06-27,L002,239.98,21.82,218.16,BE-16624,17:04:41
16625,2025-06-27,L002,280.81,25.53,255.28,BE-16625,17:06:04
16626,2025-06-27,L002,239.07,21.73,217.34,BE-16626,21:00:24
16627,2025-06-27,L003,271.68,24.70,246.98,BE-16627,10:53:31
16628,2025-06-27,L003,90.04,8.19,81.85,BE-16628,14:33:52
16629,2025-06-27,L003,89.47,8.13,81.34,BE-16629,20:18:06
16630,2025-06-27,L003,360.92,32.81,328.11,BE-16630,16:20:20
16631,2025-06-28,L001,440.06,40.01,400.05,BE-16631,17:58:40
16632,2025-06-28,L001,379.70,34.52,345.18,BE-16632,12:45:40
16633,2025-06-28,L001,496.24,45.11,451.13,BE-16633,15:15:31
16634,2025-06-28,L001,250.21,22.75,227.46,BE-16634,10:35:00
16635,2025-06-28,L001,377.91,34.36,343.55,BE-16635,20:58:31
16636,2025-06-28,L003,74.73,6.79,67.94,BE-16636,20:33:10
16637,2025-06-28,L003,62.18,5.65,56.53,BE-16637,16:00:13
16638,2025-06-28,L003,219.79,19.98,199.81,BE-16638,21:08:44
16639,2025-06-28,L003,155.37,14.12,141.25,BE-16639,21:19:41
16640,2025-06-29,L001,541.07,49.19,491.88,BE-16640,19:28:21
16641,2025-06-29,L003,439.58,39.96,399.62,BE-16641,21:33:39
16642,2025-06-29,L003,411.18,37.38,373.80,BE-16642,16:29:32
16643,2025-06-29,L003,360.81,32.80,328.01,BE-16643,14:00:15
16644,2025-06-29,L003,486.16,44.20,441.96,BE-16644,11:49:59
16645,2025-06-29,L003,187.20,17.02,170.18,BE-16645,17:35:03
16646,2025-06-30,L001,265.82,24.17,241.65,BE-16646,12:19:24
16647,2025-06-30,L001,388.55,35.32,353.23,BE-16647,12:14:44
16648,2025-06-30,L001,215.00,19.55,195.45,BE-16648,14:59:53
16649,2025-06-30,L001,517.53,47.05,470.48,BE-16649,13:15:06
16650,2025-06-30,L001,71.67,6.52,65.15,BE-16650,13:42:06
16651,2025-06-30,L003,33.83,3.08,30.75,BE-16651,18:56:40
16652,2025-06-30,L003,24.51,2.23,22.28,BE-16652,15:01:07
16653,2025-06-30,L003,175.55,15.96,159.59,BE-16653,17:21:18
16654,2025-06-30,L003,471.11,42.83,428.28,BE-16654,14:22:44
16655,2025-06-30,L003,476.77,43.34,433.43,BE-16655,16:55:43
16656,2025-07-01,L001,517.69,47.06,470.63,BE-16656,20:25:54
16657,2025-07-01,L001,235.90,21.45,214.45,BE-16657,20:06:33
16658,2025-07-01,L001,71.39,6.49,64.90,BE-16658,17:15:56
16659,2025-07-01,L002,47.97,4.36,43.61,BE-16659,20:24:33
16660,2025-07-01,L002,437.98,39.82,398.16,BE-16660,15:39:21
16661,2025-07-02,L001,231.08,21.01,210.07,BE-16661,11:03:25
16662,2025-07-02,L001,22.13,2.01,20.12,BE-16662,15:47:24
16663,2025-07-02,L001,544.20,49.47,494.73,BE-16663,21:29:37
16664,2025-07-02,L002,549.08,49.92,499.16,BE-16664,12:07:50
16665,2025-07-02,L002,465.75,42.34,423.41,BE-16665,19:02:28
16666,2025-07-02,L002,241.92,21.99,219.93,BE-16666,14:22:55
16667,2025-07-02,L002,365.23,33.20,332.03,BE-16667,15:52:54
16668,2025-07-02,L003,231.13,21.01,210.12,BE-16668,12:07:04
16669,2025-07-02,L003,457.28,41.57,415.71,BE-16669,12:50:23
16670,2025-07-02,L003,181.19,16.47,164.72,BE-16670,12:32:54
16671,2025-07-03,L001,135.27,12.30,122.97,BE-16671,17:22:01
16672,2025-07-03,L001,169.22,15.38,153.84,BE-16672,16:47:51
16673,2025-07-03,L001,156.95,14.27,142.68,BE-16673,11:53:46
16674,2025-07-03,L001,179.31,16.30,163.01,BE-16674,12:49:07
16675,2025-07-04,L002,395.69,35.97,359.72,BE-16675,13:41:29
16676,2025-07-04,L002,466.88,42.44,424.44,BE-16676,10:57:37
16677,2025-07-04,L002,405.57,36.87,368.70,BE-16677,12:46:59
16678,2025-07-04,L003,78.71,7.16,71.55,BE-16678,15:23:16
16679,2025-07-04,L003,70.40,6.40,64.00,BE-16679,19:58:38
16680,2025-07-04,L003,27.73,2.52,25.21,BE-16680,10:25:25
16681,2025-07-04,L003,283.35,25.76,257.59,BE-16681,19:16:32
16682,2025-07-04,L003,285.15,25.92,259.23,BE-16682,13:14:35
16683,2025-07-05,L002,373.58,33.96,339.62,BE-16683,14:20:38
16684,2025-07-05,L002,286.02,26.00,260.02,BE-16684,15:52:14
16685,2025-07-05,L002,541.59,49.24,492.35,BE-16685,12:08:34
16686,2025-07-05,L003,91.97,8.36,83.61,BE-16686,11:02:58
16687,2025-07-05,L003,405.55,36.87,368.68,BE-16687,21:31:55
16688,2025-07-06,L003,435.54,39.59,395.95,BE-16688,19:38:17
16689,2025-07-07,L001,239.60,21.78,217.82,BE-16689,13:13:42
16690,2025-07-07,L001,136.44,12.40,124.04,BE-16690,10:59:33
16691,2025-07-07,L001,62.33,5.67,56.66,BE-16691,11:43:06
16692,2025-07-07,L001,149.42,13.58,135.84,BE-16692,15:45:32
16693,2025-07-07,L002,464.41,42.22,422.19,BE-16693,18:54:14
16694,2025-07-07,L002,260.13,23.65,236.48,BE-16694,10:29:30
16695,2025-07-07,L002,45.96,4.18,41.78,BE-16695,13:49:52
16696,2025-07-07,L002,412.97,37.54,375.43,BE-16696,11:38:47
16697,2025-07-07,L002,477.30,43.39,433.91,BE-16697,18:14:39
16698,2025-07-07,L003,135.23,12.29,122.94,BE-16698,10:19:51
16699,2025-07-08,L002,268.75,24.43,244.32,BE-16699,21:32:57
16700,2025-07-08,L002,373.41,33.95,339.46,BE-16700,18:13:53
16701,2025-07-08,L002,345.69,31.43,314.26,BE-16701,12:10:56
16702,2025-07-09,L001,46.66,4.24,42.42,BE-16702,10:41:47
16703,2025-07-09,L001,189.51,17.23,172.28,BE-16703,11:03:51
16704,2025-07-09,L001,501.52,45.59,455.93,BE-16704,16:55:12
16705,2025-07-09,L001,120.99,11.00,109.99,BE-16705,10:54:10
16706,2025-07-09,L001,96.68,8.79,87.89,BE-16706,14:58:24
16707,2025-07-09,L002,134.89,12.26,122.63,BE-16707,12:07:37
16708,2025-07-09,L002,491.25,44.66,446.59,BE-16708,18:28:45
16709,2025-07-09,L002,169.79,15.44,154.35,BE-16709,20:03:54
16710,2025-07-09,L002,429.79,39.07,390.72,BE-16710,14:39:14
16711,2025-07-09,L003,472.13,42.92,429.21,BE-16711,14:17:53
16712,2025-07-09,L003,178.60,16.24,162.36,BE-16712,15:55:10
16713,2025-07-09,L003,93.90,8.54,85.36,BE-16713,15:01:35
16714,2025-07-09,L003,423.95,38.54,385.41,BE-16714,12:28:30
16715,2025-07-10,L001,327.25,29.75,297.50,BE-16715,21:08:05
16716,2025-07-10,L001,218.49,19.86,198.63,BE-16716,16:06:25
16717,2025-07-10,L001,181.21,16.47,164.74,BE-16717,10:26:22
16718,2025-07-10,L003,105.53,9.59,95.94,BE-16718,15:47:56
16719,2025-07-10,L003,197.67,17.97,179.70,BE-16719,11:45:06
16720,2025-07-10,L003,460.88,41.90,418.98,BE-16720,17:48:29
16721,2025-07-11,L001,80.87,7.35,73.52,BE-16721,19:50:14
16722,2025-07-11,L001,372.65,33.88,338.77,BE-16722,13:51:02
16723,2025-07-11,L001,193.97,17.63,176.34,BE-16723,13:07:44
16724,2025-07-11,L001,334.95,30.45,304.50,BE-16724,10:16:13
16725,2025-07-11,L001,179.72,16.34,163.38,BE-16725,15:33:03
16726,2025-07-11,L002,514.67,46.79,467.88,BE-16726,13:47:06
16727,2025-07-11,L002,360.88,32.81,328.07,BE-16727,13:00:21
16728,2025-07-11,L002,530.81,48.26,482.55,BE-16728,18:20:49
16729,2025-07-11,L003,423.26,38.48,384.78,BE-16729,10:28:12
16730,2025-07-12,L001,464.40,42.22,422.18,BE-16730,13:44:25
16731,2025-07-12,L002,299.48,27.23,272.25,BE-16731,16:04:04
16732,2025-07-12,L002,167.08,15.19,151.89,BE-16732,18:58:00
16733,2025-07-12,L002,285.61,25.96,259.65,BE-16733,17:50:23
16734,2025-07-12,L002,206.14,18.74,187.40,BE-16734,11:28:48
16735,2025-07-12,L002,427.61,38.87,388.74,BE-16735,17:16:00
16736,2025-07-12,L003,178.85,16.26,162.59,BE-16736,14:39:16
16737,2025-07-12,L003,514.68,46.79,467.89,BE-16737,11:38:46
16738,2025-07-12,L003,467.29,42.48,424.81,BE-16738,17:41:15
16739,2025-07-12,L003,69.16,6.29,62.87,BE-16739,18:28:10
16740,2025-07-12,L003,361.22,32.84,328.38,BE-16740,21:26:14
16741,2025-07-13,L001,262.20,23.84,238.36,BE-16741,20:37:10
16742,2025-07-13,L001,351.22,31.93,319.29,BE-16742,10:52:46
16743,2025-07-13,L002,252.91,22.99,229.92,BE-16743,21:29:00
16744,2025-07-13,L002,306.38,27.85,278.53,BE-16744,19:35:46
16745,2025-07-13,L002,359.90,32.72,327.18,BE-16745,15:23:19
16746,2025-07-13,L003,291.63,26.51,265.12,BE-16746,18:54:33
16747,2025-07-14,L001,515.13,46.83,468.30,BE-16747,18:34:46
16748,2025-07-14,L001,239.73,21.79,217.94,BE-16748,16:21:46
16749,2025-07-14,L002,509.16,46.29,462.87,BE-16749,17:57:42
16750,2025-07-14,L002,280.25,25.48,254.77,BE-16750,14:18:53
16751,2025-07-14,L002,99.52,9.05,90.47,BE-16751,17:12:43
16752,2025-07-14,L002,493.75,44.89,448.86,BE-16752,14:19:29
16753,2025-07-14,L003,337.43,30.68,306.75,BE-16753,16:04:15
16754,2025-07-14,L003,274.25,24.93,249.32,BE-16754,21:44:59
16755,2025-07-15,L001,126.15,11.47,114.68,BE-16755,13:33:03
16756,2025-07-15,L001,402.90,36.63,366.27,BE-16756,13:57:45
16757,2025-07-15,L001,78.39,7.13,71.26,BE-16757,12:08:23
16758,2025-07-15,L002,190.77,17.34,173.43,BE-16758,18:57:54
16759,2025-07-15,L002,321.15,29.20,291.95,BE-16759,16:04:30
16760,2025-07-15,L002,493.92,44.90,449.02,BE-16760,19:41:14
16761,2025-07-15,L002,286.02,26.00,260.02,BE-16761,12:02:02
16762,2025-07-15,L002,344.26,31.30,312.96,BE-16762,18:37:39
16763,2025-07-15,L003,276.83,25.17,251.66,BE-16763,13:52:18
16764,2025-07-16,L001,448.81,40.80,408.01,BE-16764,18:34:38
16765,2025-07-16,L002,48.25,4.39,43.86,BE-16765,14:28:20
16766,2025-07-16,L002,118.77,10.80,107.97,BE-16766,15:23:20
16767,2025-07-16,L002,154.55,14.05,140.50,BE-16767,11:12:18
16768,2025-07-16,L002,152.44,13.86,138.58,BE-16768,14:28:53
16769,2025-07-16,L003,524.77,47.71,477.06,BE-16769,14:41:36
16770,2025-07-16,L003,65.52,5.96,59.56,BE-16770,13:52:10
16771,2025-07-16,L003,49.48,4.50,44.98,BE-16771,12:58:54
16772,2025-07-17,L001,458.37,41.67,416.70,BE-16772,15:34:26
16773,2025-07-17,L001,402.20,36.56,365.64,BE-16773,15:37:19
16774,2025-07-17,L002,382.10,34.74,347.36,BE-16774,11:40:27
16775,2025-07-17,L002,123.92,11.27,112.65,BE-16775,20:35:05
16776,2025-07-17,L002,344.23,31.29,312.94,BE-16776,18:05:00
16777,2025-07-17,L002,182.57,16.60,165.97,BE-16777,18:34:02
16778,2025-07-17,L003,252.91,22.99,229.92,BE-16778,19:47:53
16779,2025-07-17,L003,292.82,26.62,266.20,BE-16779,13:21:51
16780,2025-07-17,L003,372.04,33.82,338.22,BE-16780,21:55:21
16781,2025-07-17,L003,494.59,44.96,449.63,BE-16781,11:38:13
16782,2025-07-18,L001,22.30,2.03,20.27,BE-16782,12:18:48
16783,2025-07-18,L001,133.01,12.09,120.92,BE-16783,11:49:09
16784,2025-07-18,L001,296.49,26.95,269.54,BE-16784,11:55:17
16785,2025-07-18,L001,471.46,42.86,428.60,BE-16785,15:16:09
16786,2025-07-18,L001,442.34,40.21,402.13,BE-16786,13:08:07
16787,2025-07-18,L002,384.89,34.99,349.90,BE-16787,16:47:47
16788,2025-07-18,L002,220.99,20.09,200.90,BE-16788,17:36:10
16789,2025-07-18,L002,57.64,5.24,52.40,BE-16789,19:04:49
16790,2025-07-18,L003,142.87,12.99,129.88,BE-16790,14:39:35
16791,2025-07-18,L003,549.04,49.91,499.13,BE-16791,13:17:33
16792,2025-07-18,L003,83.90,7.63,76.27,BE-16792,21:33:55
16793,2025-07-18,L003,408.81,37.16,371.65,BE-16793,11:53:16
16794,2025-07-18,L003,279.32,25.39,253.93,BE-16794,21:18:19
16795,2025-07-19,L001,402.38,36.58,365.80,BE-16795,12:00:37
16796,2025-07-19,L001,235.47,21.41,214.06,BE-16796,16:02:22
16797,2025-07-19,L001,444.52,40.41,404.11,BE-16797,15:38:48
16798,2025-07-19,L001,40.15,3.65,36.50,BE-16798,20:18:46
16799,2025-07-19,L002,455.68,41.43,414.25,BE-16799,21:51:31
16800,2025-07-20,L001,518.07,47.10,470.97,BE-16800,11:03:08
16801,2025-07-20,L002,273.15,24.83,248.32,BE-16801,10:20:53
16802,2025-07-20,L003,106.03,9.64,96.39,BE-16802,11:10:10
16803,2025-07-20,L003,124.19,11.29,112.90,BE-16803,10:38:20
16804,2025-07-20,L003,540.27,49.12,491.15,BE-16804,11:38:19
16805,2025-07-20,L003,327.87,29.81,298.06,BE-16805,17:43:55
16806,2025-07-20,L003,266.50,24.23,242.27,BE-16806,18:39:56
16807,2025-07-21,L001,321.30,29.21,292.09,BE-16807,14:08:30
16808,2025-07-21,L001,260.39,23.67,236.72,BE-16808,19:11:40
16809,2025-07-21,L001,38.24,3.48,34.76,BE-16809,15:56:42
16810,2025-07-21,L002,57.40,5.22,52.18,BE-16810,11:39:07
16811,2025-07-21,L002,319.87,29.08,290.79,BE-16811,12:37:52
16812,2025-07-21,L003,294.24,26.75,267.49,BE-16812,21:46:01
16813,2025-07-22,L001,49.01,4.46,44.55,BE-16813,10:00:38
16814,2025-07-22,L001,54.51,4.96,49.55,BE-16814,19:48:23
16815,2025-07-22,L002,219.12,19.92,199.20,BE-16815,20:59:26
16816,2025-07-22,L003,422.44,38.40,384.04,BE-16816,20:31:28
16817,2025-07-22,L003,235.48,21.41,214.07,BE-16817,20:07:04
16818,2025-07-22,L003,92.71,8.43,84.28,BE-16818,17:07:25
16819,2025-07-23,L001,350.08,31.83,318.25,BE-16819,17:20:22
16820,2025-07-23,L001,338.80,30.80,308.00,BE-16820,15:04:39
16821,2025-07-23,L001,368.54,33.50,335.04,BE-16821,18:55:35
16822,2025-07-23,L001,141.19,12.84,128.35,BE-16822,15:37:29
16823,2025-07-23,L002,46.07,4.19,41.88,BE-16823,14:30:00
16824,2025-07-23,L003,95.73,8.70,87.03,BE-16824,11:16:27
16825,2025-07-24,L001,200.44,18.22,182.22,BE-16825,19:34:23
16826,2025-07-24,L001,393.71,35.79,357.92,BE-16826,16:11:51
16827,2025-07-24,L001,206.71,18.79,187.92,BE-16827,10:49:38
16828,2025-07-24,L001,512.51,46.59,465.92,BE-16828,18:57:06
16829,2025-07-24,L001,104.40,9.49,94.91,BE-16829,21:34:54
16830,2025-07-24,L002,173.31,15.76,157.55,BE-16830,18:30:16
16831,2025-07-24,L002,309.19,28.11,281.08,BE-16831,14:12:17
16832,2025-07-24,L003,377.27,34.30,342.97,BE-16832,15:26:14
16833,2025-07-24,L003,269.87,24.53,245.34,BE-16833,21:38:24
16834,2025-07-24,L003,385.50,35.05,350.45,BE-16834,16:44:14
16835,2025-07-24,L003,535.04,48.64,486.40,BE-16835,20:40:35
16836,2025-07-24,L003,34.80,3.16,31.64,BE-16836,18:17:26
16837,2025-07-25,L001,76.68,6.97,69.71,BE-16837,18:35:14
16838,2025-07-25,L001,549.58,49.96,499.62,BE-16838,19:34:08
16839,2025-07-25,L002,56.52,5.14,51.38,BE-16839,18:03:54
16840,2025-07-25,L002,250.59,22.78,227.81,BE-16840,16:42:51
16841,2025-07-25,L003,305.88,27.81,278.07,BE-16841,15:27:05
16842,2025-07-25,L003,370.96,33.72,337.24,BE-16842,14:02:42
16843,2025-07-25,L003,176.58,16.05,160.53,BE-16843,12:58:41
16844,2025-07-25,L003,524.52,47.68,476.84,BE-16844,19:06:01
16845,2025-07-26,L001,64.41,5.86,58.55,BE-16845,10:11:30
16846,2025-07-26,L002,83.37,7.58,75.79,BE-16846,14:13:10
16847,2025-07-26,L002,491.68,44.70,446.98,BE-16847,12:13:04
16848,2025-07-26,L002,118.29,10.75,107.54,BE-16848,18:00:41
16849,2025-07-26,L002,300.77,27.34,273.43,BE-16849,15:45:33
16850,2025-07-26,L002,357.16,32.47,324.69,BE-16850,11:59:08
16851,2025-07-26,L003,477.80,43.44,434.36,BE-16851,11:54:56
16852,2025-07-26,L003,313.64,28.51,285.13,BE-16852,20:09:03
16853,2025-07-26,L003,498.60,45.33,453.27,BE-16853,18:50:46
16854,2025-07-26,L003,133.09,12.10,120.99,BE-16854,15:21:43
16855,2025-07-26,L003,40.49,3.68,36.81,BE-16855,20:28:45
16856,2025-07-27,L001,433.52,39.41,394.11,BE-16856,20:37:43
16857,2025-07-27,L002,139.89,12.72,127.17,BE-16857,20:25:06
16858,2025-07-27,L002,294.53,26.78,267.75,BE-16858,15:34:48
16859,2025-07-27,L002,297.78,27.07,270.71,BE-16859,11:11:30
16860,2025-07-27,L002,70.62,6.42,64.20,BE-16860,21:55:18
16861,2025-07-27,L003,406.36,36.94,369.42,BE-16861,17:52:52
16862,2025-07-27,L003,284.27,25.84,258.43,BE-16862,15:29:40
16863,2025-07-27,L003,85.22,7.75,77.47,BE-16863,21:23:45
16864,2025-07-28,L001,93.01,8.46,84.55,BE-16864,21:52:02
16865,2025-07-28,L001,220.95,20.09,200.86,BE-16865,12:18:26
16866,2025-07-28,L001,422.99,38.45,384.54,BE-16866,20:06:34
16867,2025-07-28,L002,504.19,45.84,458.35,BE-16867,13:53:05
16868,2025-07-28,L002,543.46,49.41,494.05,BE-16868,13:41:02
16869,2025-07-28,L002,159.07,14.46,144.61,BE-16869,21:35:07
16870,2025-07-28,L002,159.23,14.48,144.75,BE-16870,14:47:37
16871,2025-07-28,L003,439.89,39.99,399.90,BE-16871,12:38:21
16872,2025-07-28,L003,446.84,40.62,406.22,BE-16872,20:02:30
16873,2025-07-28,L003,93.21,8.47,84.74,BE-16873,16:43:26
16874,2025-07-29,L001,321.43,29.22,292.21,BE-16874,14:05:41
16875,2025-07-29,L001,129.04,11.73,117.31,BE-16875,14:27:44
16876,2025-07-29,L001,220.37,20.03,200.34,BE-16876,18:16:38
16877,2025-07-29,L001,394.80,35.89,358.91,BE-16877,10:22:09
16878,2025-07-29,L002,498.00,45.27,452.73,BE-16878,18:15:19
16879,2025-07-29,L002,388.22,35.29,352.93,BE-16879,11:44:24
16880,2025-07-29,L002,25.05,2.28,22.77,BE-16880,14:57:58
16881,2025-07-29,L003,388.62,35.33,353.29,BE-16881,11:54:03
16882,2025-07-30,L001,442.48,40.23,402.25,BE-16882,12:10:38
16883,2025-07-30,L001,34.44,3.13,31.31,BE-16883,10:29:32
16884,2025-07-30,L003,517.46,47.04,470.42,BE-16884,20:05:10
16885,2025-07-30,L003,190.29,17.30,172.99,BE-16885,10:35:10
16886,2025-07-30,L003,68.71,6.25,62.46,BE-16886,13:54:38
16887,2025-07-30,L003,403.25,36.66,366.59,BE-16887,11:27:30
16888,2025-07-30,L003,404.88,36.81,368.07,BE-16888,15:45:41
16889,2025-07-31,L001,128.38,11.67,116.71,BE-16889,12:20:25
16890,2025-07-31,L001,395.49,35.95,359.54,BE-16890,14:35:20
16891,2025-07-31,L001,58.55,5.32,53.23,BE-16891,19:36:21
16892,2025-07-31,L001,403.18,36.65,366.53,BE-16892,10:24:52
16893,2025-07-31,L001,431.09,39.19,391.90,BE-16893,10:14:42
16894,2025-07-31,L003,323.79,29.44,294.35,BE-16894,13:43:18
16895,2025-08-01,L002,303.95,27.63,276.32,BE-16895,10:24:46
16896,2025-08-01,L002,519.06,47.19,471.87,BE-16896,13:14:55
16897,2025-08-01,L002,111.02,10.09,100.93,BE-16897,12:02:20
16898,2025-08-01,L002,327.05,29.73,297.32,BE-16898,19:23:33
16899,2025-08-01,L002,131.32,11.94,119.38,BE-16899,12:36:05
16900,2025-08-02,L001,288.24,26.20,262.04,BE-16900,11:54:28
16901,2025-08-02,L001,157.60,14.33,143.27,BE-16901,20:24:25
16902,2025-08-02,L001,159.99,14.54,145.45,BE-16902,10:43:57
16903,2025-08-02,L001,408.37,37.12,371.25,BE-16903,12:51:28
16904,2025-08-02,L002,430.07,39.10,390.97,BE-16904,10:17:46
16905,2025-08-02,L002,426.21,38.75,387.46,BE-16905,19:24:01
16906,2025-08-02,L003,57.65,5.24,52.41,BE-16906,18:13:47
16907,2025-08-02,L003,301.94,27.45,274.49,BE-16907,20:13:12
16908,2025-08-02,L003,547.53,49.78,497.75,BE-16908,15:33:17
16909,2025-08-02,L003,412.17,37.47,374.70,BE-16909,13:08:36
16910,2025-08-02,L003,341.50,31.05,310.45,BE-16910,21:58:38
16911,2025-08-03,L002,28.87,2.62,26.25,BE-16911,17:57:16
16912,2025-08-03,L002,236.82,21.53,215.29,BE-16912,11:02:13
16913,2025-08-03,L002,434.80,39.53,395.27,BE-16913,15:59:58
16914,2025-08-03,L002,212.66,19.33,193.33,BE-16914,21:15:10
16915,2025-08-03,L003,371.78,33.80,337.98,BE-16915,15:06:54
16916,2025-08-03,L003,37.18,3.38,33.80,BE-16916,21:44:47
16917,2025-08-03,L003,136.88,12.44,124.44,BE-16917,16:06:28
16918,2025-08-03,L003,337.27,30.66,306.61,BE-16918,21:37:04
16919,2025-08-03,L003,438.76,39.89,398.87,BE-16919,18:47:57
16920,2025-08-04,L001,84.68,7.70,76.98,BE-16920,11:09:47
16921,2025-08-04,L001,30.59,2.78,27.81,BE-16921,16:32:26
16922,2025-08-04,L001,310.05,28.19,281.86,BE-16922,15:41:41
16923,2025-08-04,L002,341.31,31.03,310.28,BE-16923,19:47:08
16924,2025-08-04,L003,388.09,35.28,352.81,BE-16924,14:08:47
16925,2025-08-04,L003,235.09,21.37,213.72,BE-16925,14:47:32
16926,2025-08-04,L003,160.73,14.61,146.12,BE-16926,14:50:59
16927,2025-08-04,L003,33.51,3.05,30.46,BE-16927,15:02:43
16928,2025-08-04,L003,408.12,37.10,371.02,BE-16928,20:21:31
16929,2025-08-05,L001,321.41,29.22,292.19,BE-16929,10:25:07
16930,2025-08-05,L001,25.56,2.32,23.24,BE-16930,19:38:23
16931,2025-08-05,L002,519.13,47.19,471.94,BE-16931,10:55:21
16932,2025-08-05,L002,108.61,9.87,98.74,BE-16932,10:47:20
16933,2025-08-05,L002,434.81,39.53,395.28,BE-16933,16:43:26
16934,2025-08-05,L002,402.85,36.62,366.23,BE-16934,13:46:55
16935,2025-08-05,L002,478.37,43.49,434.88,BE-16935,16:34:10
16936,2025-08-05,L003,300.31,27.30,273.01,BE-16936,15:48:12
16937,2025-08-05,L003,224.34,20.39,203.95,BE-16937,13:08:52
16938,2025-08-05,L003,65.88,5.99,59.89,BE-16938,15:57:11
16939,2025-08-05,L003,199.71,18.16,181.55,BE-16939,15:23:01
16940,2025-08-05,L003,251.06,22.82,228.24,BE-16940,14:27:58
16941,2025-08-06,L001,118.11,10.74,107.37,BE-16941,21:04:10
16942,2025-08-06,L001,390.77,35.52,355.25,BE-16942,19:50:11
16943,2025-08-06,L001,112.19,10.20,101.99,BE-16943,16:40:47
16944,2025-08-06,L001,326.65,29.70,296.95,BE-16944,19:27:17
16945,2025-08-06,L001,201.28,18.30,182.98,BE-16945,16:38:33
16946,2025-08-06,L002,416.23,37.84,378.39,BE-16946,11:39:15
16947,2025-08-06,L002,171.25,15.57,155.68,BE-16947,12:17:03
16948,2025-08-06,L002,197.13,17.92,179.21,BE-16948,20:14:05
16949,2025-08-06,L002,220.84,20.08,200.76,BE-16949,10:01:23
16950,2025-08-06,L003,261.40,23.76,237.64,BE-16950,19:30:19
16951,2025-08-06,L003,377.31,34.30,343.01,BE-16951,14:04:56
16952,2025-08-06,L003,50.73,4.61,46.12,BE-16952,17:14:54
16953,2025-08-06,L003,117.72,10.70,107.02,BE-16953,20:42:34
16954,2025-08-06,L003,261.35,23.76,237.59,BE-16954,16:47:12
16955,2025-08-07,L001,63.33,5.76,57.57,BE-16955,14:11:24
16956,2025-08-07,L002,267.42,24.31,243.11,BE-16956,20:02:09
16957,2025-08-07,L002,92.43,8.40,84.03,BE-16957,21:24:13
16958,2025-08-07,L002,402.28,36.57,365.71,BE-16958,11:03:08
16959,2025-08-07,L003,408.47,37.13,371.34,BE-16959,21:27:30
16960,2025-08-07,L003,277.61,25.24,252.37,BE-16960,11:48:30
16961,2025-08-08,L001,243.41,22.13,221.28,BE-16961,13:05:17
16962,2025-08-08,L001,104.65,9.51,95.14,BE-16962,12:29:41
16963,2025-08-08,L001,99.64,9.06,90.58,BE-16963,17:11:52
16964,2025-08-08,L001,267.27,24.30,242.97,BE-16964,13:53:06
16965,2025-08-08,L002,25.49,2.32,23.17,BE-16965,16:05:25
16966,2025-08-08,L002,435.19,39.56,395.63,BE-16966,21:27:22
16967,2025-08-08,L002,342.49,31.14,311.35,BE-16967,19:32:34
16968,2025-08-09,L001,330.15,30.01,300.14,BE-16968,16:20:40
16969,2025-08-09,L001,77.46,7.04,70.42,BE-16969,18:31:55
16970,2025-08-09,L001,427.61,38.87,388.74,BE-16970,20:11:59
16971,2025-08-09,L001,215.04,19.55,195.49,BE-16971,18:43:55
16972,2025-08-09,L001,459.61,41.78,417.83,BE-16972,19:38:07
16973,2025-08-09,L002,278.09,25.28,252.81,BE-16973,17:01:24
16974,2025-08-09,L003,451.47,41.04,410.43,BE-16974,10:13:14
16975,2025-08-09,L003,392.04,35.64,356.40,BE-16975,19:14:11
16976,2025-08-10,L002,525.22,47.75,477.47,BE-16976,13:52:09
16977,2025-08-10,L002,382.37,34.76,347.61,BE-16977,13:32:54
16978,2025-08-10,L002,291.05,26.46,264.59,BE-16978,14:15:22
16979,2025-08-10,L002,270.46,24.59,245.87,BE-16979,15:56:10
16980,2025-08-10,L003,458.73,41.70,417.03,BE-16980,11:15:09
16981,2025-08-10,L003,170.14,15.47,154.67,BE-16981,20:30:57
16982,2025-08-10,L003,105.95,9.63,96.32,BE-16982,20:41:11
16983,2025-08-10,L003,82.98,7.54,75.44,BE-16983,12:13:45
16984,2025-08-10,L003,197.10,17.92,179.18,BE-16984,13:44:35
16985,2025-08-11,L001,284.48,25.86,258.62,BE-16985,13:01:47
16986,2025-08-11,L001,548.55,49.87,498.68,BE-16986,15:35:52
16987,2025-08-11,L001,291.21,26.47,264.74,BE-16987,18:59:37
16988,2025-08-11,L002,145.61,13.24,132.37,BE-16988,17:10:42
16989,2025-08-11,L003,186.24,16.93,169.31,BE-16989,12:53:54
16990,2025-08-11,L003,381.94,34.72,347.22,BE-16990,10:46:48
16991,2025-08-11,L003,210.30,19.12,191.18,BE-16991,21:28:58
16992,2025-08-11,L003,293.49,26.68,266.81,BE-16992,20:09:57
16993,2025-08-11,L003,172.38,15.67,156.71,BE-16993,20:17:37
16994,2025-08-12,L001,172.00,15.64,156.36,BE-16994,21:12:44
16995,2025-08-12,L001,233.44,21.22,212.22,BE-16995,18:30:14
16996,2025-08-12,L001,154.33,14.03,140.30,BE-16996,12:13:59
16997,2025-08-12,L001,187.01,17.00,170.01,BE-16997,13:13:03
16998,2025-08-12,L002,334.59,30.42,304.17,BE-16998,17:39:27
16999,2025-08-12,L002,340.98,31.00,309.98,BE-16999,10:24:10
17000,2025-08-13,L001,436.03,39.64,396.39,BE-17000,14:34:12
17001,2025-08-13,L001,416.79,37.89,378.90,BE-17001,10:31:11
17002,2025-08-13,L002,266.73,24.25,242.48,BE-17002,16:03:46
17003,2025-08-13,L002,449.11,40.83,408.28,BE-17003,19:53:08
17004,2025-08-13,L002,485.29,44.12,441.17,BE-17004,13:57:14
17005,2025-08-13,L003,492.72,44.79,447.93,BE-17005,17:21:20
17006,2025-08-13,L003,410.23,37.29,372.94,BE-17006,13:49:04
17007,2025-08-13,L003,479.56,43.60,435.96,BE-17007,13:49:16
17008,2025-08-13,L003,208.34,18.94,189.40,BE-17008,18:39:31
17009,2025-08-14,L001,190.99,17.36,173.63,BE-17009,11:13:46
17010,2025-08-14,L001,421.11,38.28,382.83,BE-17010,17:00:22
17011,2025-08-14,L001,344.87,31.35,313.52,BE-17011,15:03:53
17012,2025-08-14,L001,245.40,22.31,223.09,BE-17012,11:29:56
17013,2025-08-14,L001,502.66,45.70,456.96,BE-17013,19:20:36
17014,2025-08-14,L002,174.76,15.89,158.87,BE-17014,18:28:50
17015,2025-08-14,L002,318.67,28.97,289.70,BE-17015,20:41:31
17016,2025-08-14,L002,340.24,30.93,309.31,BE-17016,19:17:43
17017,2025-08-14,L002,252.38,22.94,229.44,BE-17017,21:47:27
17018,2025-08-14,L003,270.78,24.62,246.16,BE-17018,13:46:37
17019,2025-08-15,L002,157.59,14.33,143.26,BE-17019,10:54:11
17020,2025-08-15,L002,25.44,2.31,23.13,BE-17020,15:21:22
17021,2025-08-15,L002,518.00,47.09,470.91,BE-17021,18:56:12
17022,2025-08-16,L002,162.25,14.75,147.50,BE-17022,17:59:45
17023,2025-08-16,L002,147.03,13.37,133.66,BE-17023,12:55:41
17024,2025-08-16,L002,503.00,45.73,457.27,BE-17024,15:13:35
17025,2025-08-17,L002,524.36,47.67,476.69,BE-17025,15:14:28
17026,2025-08-17,L002,132.58,12.05,120.53,BE-17026,11:10:00
17027,2025-08-17,L002,132.30,12.03,120.27,BE-17027,21:16:13
17028,2025-08-17,L002,156.66,14.24,142.42,BE-17028,20:32:22
17029,2025-08-17,L002,106.44,9.68,96.76,BE-17029,20:18:26
17030,2025-08-17,L003,127.22,11.57,115.65,BE-17030,11:59:10
17031,2025-08-17,L003,324.08,29.46,294.62,BE-17031,16:23:20
17032,2025-08-17,L003,334.65,30.42,304.23,BE-17032,14:40:34
17033,2025-08-17,L003,226.28,20.57,205.71,BE-17033,20:54:36
17034,2025-08-18,L001,277.05,25.19,251.86,BE-17034,13:05:20
17035,2025-08-18,L001,40.10,3.65,36.45,BE-17035,18:21:20
17036,2025-08-18,L001,509.67,46.33,463.34,BE-17036,17:01:53
17037,2025-08-18,L001,259.27,23.57,235.70,BE-17037,12:10:07
17038,2025-08-18,L003,424.05,38.55,385.50,BE-17038,12:03:45
17039,2025-08-18,L003,25.69,2.34,23.35,BE-17039,10:00:26
17040,2025-08-18,L003,510.63,46.42,464.21,BE-17040,14:38:39
17041,2025-08-18,L003,460.44,41.86,418.58,BE-17041,18:56:42
17042,2025-08-18,L003,188.46,17.13,171.33,BE-17042,20:22:44
17043,2025-08-19,L001,173.15,15.74,157.41,BE-17043,13:31:11
17044,2025-08-19,L001,399.74,36.34,363.40,BE-17044,18:55:14
17045,2025-08-19,L001,282.79,25.71,257.08,BE-17045,19:13:00
17046,2025-08-19,L002,337.91,30.72,307.19,BE-17046,16:19:52
17047,2025-08-19,L002,79.71,7.25,72.46,BE-17047,13:36:57
17048,2025-08-19,L002,200.29,18.21,182.08,BE-17048,21:19:31
17049,2025-08-19,L002,504.43,45.86,458.57,BE-17049,21:49:25
17050,2025-08-19,L003,24.31,2.21,22.10,BE-17050,13:41:56
17051,2025-08-19,L003,79.96,7.27,72.69,BE-17051,20:23:19
17052,2025-08-20,L001,164.31,14.94,149.37,BE-17052,17:21:18
17053,2025-08-20,L001,453.04,41.19,411.85,BE-17053,14:07:04
17054,2025-08-20,L002,483.20,43.93,439.27,BE-17054,14:04:51
17055,2025-08-20,L002,175.44,15.95,159.49,BE-17055,11:03:43
17056,2025-08-20,L003,292.83,26.62,266.21,BE-17056,12:31:21
17057,2025-08-21,L001,284.19,25.84,258.35,BE-17057,12:23:34
17058,2025-08-21,L001,549.76,49.98,499.78,BE-17058,20:46:52
17059,2025-08-21,L001,422.36,38.40,383.96,BE-17059,11:55:11
17060,2025-08-21,L001,494.59,44.96,449.63,BE-17060,21:56:31
17061,2025-08-21,L001,458.50,41.68,416.82,BE-17061,18:48:55
17062,2025-08-21,L002,82.78,7.53,75.25,BE-17062,17:25:44
17063,2025-08-21,L002,215.80,19.62,196.18,BE-17063,20:23:29
17064,2025-08-22,L001,52.94,4.81,48.13,BE-17064,16:06:06
17065,2025-08-22,L001,493.75,44.89,448.86,BE-17065,10:53:11
17066,2025-08-22,L001,47.23,4.29,42.94,BE-17066,21:32:19
17067,2025-08-22,L001,502.24,45.66,456.58,BE-17067,19:47:16
17068,2025-08-22,L001,453.89,41.26,412.63,BE-17068,16:20:16
17069,2025-08-22,L002,346.13,31.47,314.66,BE-17069,10:59:40
17070,2025-08-22,L002,411.77,37.43,374.34,BE-17070,10:39:30
17071,2025-08-22,L003,25.32,2.30,23.02,BE-17071,17:51:03
17072,2025-08-22,L003,466.51,42.41,424.10,BE-17072,21:22:02
17073,2025-08-23,L001,325.75,29.61,296.14,BE-17073,13:25:25
17074,2025-08-23,L001,500.34,45.49,454.85,BE-17074,11:03:10
17075,2025-08-23,L001,23.68,2.15,21.53,BE-17075,11:25:58
17076,2025-08-23,L001,506.84,46.08,460.76,BE-17076,17:28:21
17077,2025-08-23,L001,54.11,4.92,49.19,BE-17077,17:13:22
17078,2025-08-23,L002,96.64,8.79,87.85,BE-17078,16:19:28
17079,2025-08-23,L003,114.76,10.43,104.33,BE-17079,10:46:12
17080,2025-08-23,L003,303.84,27.62,276.22,BE-17080,10:04:06
17081,2025-08-23,L003,316.94,28.81,288.13,BE-17081,10:51:25
17082,2025-08-24,L001,292.14,26.56,265.58,BE-17082,14:00:33
17083,2025-08-24,L001,128.37,11.67,116.70,BE-17083,12:10:56
17084,2025-08-24,L001,85.30,7.75,77.55,BE-17084,19:49:29
17085,2025-08-24,L001,476.19,43.29,432.90,BE-17085,15:31:43
17086,2025-08-24,L001,377.43,34.31,343.12,BE-17086,21:27:06
17087,2025-08-24,L002,545.51,49.59,495.92,BE-17087,13:01:15
17088,2025-08-24,L002,369.28,33.57,335.71,BE-17088,14:03:48
17089,2025-08-24,L002,102.96,9.36,93.60,BE-17089,11:23:44
17090,2025-08-24,L002,372.28,33.84,338.44,BE-17090,21:26:15
17091,2025-08-24,L002,88.09,8.01,80.08,BE-17091,11:22:11
17092,2025-08-24,L003,320.62,29.15,291.47,BE-17092,20:15:59
17093,2025-08-24,L003,41.49,3.77,37.72,BE-17093,11:55:01
17094,2025-08-24,L003,142.63,12.97,129.66,BE-17094,13:54:39
17095,2025-08-25,L001,373.00,33.91,339.09,BE-17095,12:55:17
17096,2025-08-25,L001,494.99,45.00,449.99,BE-17096,19:41:26
17097,2025-08-25,L001,392.88,35.72,357.16,BE-17097,15:13:26
17098,2025-08-25,L001,140.51,12.77,127.74,BE-17098,21:21:04
17099,2025-08-27,L001,543.20,49.38,493.82,BE-17099,16:26:49
17100,2025-08-27,L001,135.64,12.33,123.31,BE-17100,11:51:53
17101,2025-08-27,L001,468.15,42.56,425.59,BE-17101,14:43:03
17102,2025-08-27,L001,516.71,46.97,469.74,BE-17102,17:21:20
17103,2025-08-27,L001,237.40,21.58,215.82,BE-17103,16:39:53
17104,2025-08-27,L002,145.07,13.19,131.88,BE-17104,20:43:03
17105,2025-08-27,L002,374.52,34.05,340.47,BE-17105,14:22:34
17106,2025-08-27,L002,412.94,37.54,375.40,BE-17106,15:26:58
17107,2025-08-27,L002,199.46,18.13,181.33,BE-17107,16:09:45
17108,2025-08-27,L003,468.81,42.62,426.19,BE-17108,21:05:41
17109,2025-08-27,L003,119.20,10.84,108.36,BE-17109,19:52:31
17110,2025-08-27,L003,137.36,12.49,124.87,BE-17110,16:34:41
17111,2025-08-27,L003,298.08,27.10,270.98,BE-17111,20:08:20
17112,2025-08-27,L003,403.58,36.69,366.89,BE-17112,17:15:36
17113,2025-08-28,L001,121.72,11.07,110.65,BE-17113,15:30:26
17114,2025-08-28,L001,448.64,40.79,407.85,BE-17114,10:12:12
17115,2025-08-28,L002,78.68,7.15,71.53,BE-17115,19:10:53
17116,2025-08-28,L002,312.52,28.41,284.11,BE-17116,11:28:31
17117,2025-08-28,L002,39.26,3.57,35.69,BE-17117,16:19:00
17118,2025-08-28,L002,264.24,24.02,240.22,BE-17118,20:12:29
17119,2025-08-28,L003,34.98,3.18,31.80,BE-17119,18:49:58
17120,2025-08-28,L003,231.90,21.08,210.82,BE-17120,19:15:31
17121,2025-08-28,L003,131.86,11.99,119.87,BE-17121,11:53:05
17122,2025-08-29,L001,100.39,9.13,91.26,BE-17122,14:48:07
17123,2025-08-29,L001,115.58,10.51,105.07,BE-17123,20:37:19
17124,2025-08-29,L002,381.90,34.72,347.18,BE-17124,21:38:35
17125,2025-08-29,L002,276.37,25.12,251.25,BE-17125,11:38:40
17126,2025-08-29,L002,364.84,33.17,331.67,BE-17126,21:22:55
17127,2025-08-29,L003,445.92,40.54,405.38,BE-17127,18:50:40
17128,2025-08-29,L003,450.35,40.94,409.41,BE-17128,13:34:36
17129,2025-08-29,L003,140.06,12.73,127.33,BE-17129,14:10:10
17130,2025-08-30,L001,26.94,2.45,24.49,BE-17130,19:18:12
17131,2025-08-30,L001,306.94,27.90,279.04,BE-17131,12:41:35
17132,2025-08-30,L002,192.47,17.50,174.97,BE-17132,10:42:18
17133,2025-08-30,L002,149.87,13.62,136.25,BE-17133,15:43:38
17134,2025-08-30,L002,385.74,35.07,350.67,BE-17134,11:41:33
17135,2025-08-30,L003,422.32,38.39,383.93,BE-17135,17:56:52
17136,2025-08-30,L003,124.07,11.28,112.79,BE-17136,21:03:10
17137,2025-08-30,L003,40.63,3.69,36.94,BE-17137,12:57:31
17138,2025-08-31,L001,462.69,42.06,420.63,BE-17138,19:56:15
17139,2025-08-31,L001,56.33,5.12,51.21,BE-17139,14:37:09
17140,2025-08-31,L001,350.65,31.88,318.77,BE-17140,13:05:23
17141,2025-08-31,L001,268.52,24.41,244.11,BE-17141,14:48:52
17142,2025-08-31,L002,357.31,32.48,324.83,BE-17142,21:42:21
17143,2025-08-31,L002,61.35,5.58,55.77,BE-17143,16:22:51
17144,2025-08-31,L003,42.02,3.82,38.20,BE-17144,16:34:04
17145,2025-08-31,L003,130.48,11.86,118.62,BE-17145,10:57:27
17146,2025-09-01,L001,398.42,36.22,362.20,BE-17146,14:57:52
17147,2025-09-01,L001,149.45,13.59,135.86,BE-17147,17:18:24
17148,2025-09-01,L001,484.43,44.04,440.39,BE-17148,15:04:11
17149,2025-09-01,L001,228.90,20.81,208.09,BE-17149,21:09:34
17150,2025-09-01,L002,284.87,25.90,258.97,BE-17150,18:25:02
17151,2025-09-01,L002,140.81,12.80,128.01,BE-17151,10:16:56
17152,2025-09-01,L002,439.54,39.96,399.58,BE-17152,20:44:00
17153,2025-09-01,L002,249.29,22.66,226.63,BE-17153,20:35:57
17154,2025-09-01,L002,224.66,20.42,204.24,BE-17154,14:05:31
17155,2025-09-01,L003,162.39,14.76,147.63,BE-17155,15:36:05
17156,2025-09-01,L003,216.12,19.65,196.47,BE-17156,15:18:18
17157,2025-09-01,L003,496.16,45.11,451.05,BE-17157,12:01:22
17158,2025-09-02,L001,51.01,4.64,46.37,BE-17158,17:18:15
17159,2025-09-02,L001,426.45,38.77,387.68,BE-17159,10:12:09
17160,2025-09-02,L001,465.09,42.28,422.81,BE-17160,12:38:49
17161,2025-09-02,L001,204.92,18.63,186.29,BE-17161,18:16:07
17162,2025-09-02,L002,157.39,14.31,143.08,BE-17162,10:59:33
17163,2025-09-02,L003,471.57,42.87,428.70,BE-17163,16:02:55
17164,2025-09-02,L003,479.42,43.58,435.84,BE-17164,12:09:40
17165,2025-09-02,L003,413.26,37.57,375.69,BE-17165,15:28:04
17166,2025-09-02,L003,176.34,16.03,160.31,BE-17166,15:35:41
17167,2025-09-03,L001,109.56,9.96,99.60,BE-17167,10:29:25
17168,2025-09-03,L001,482.13,43.83,438.30,BE-17168,17:13:33
17169,2025-09-03,L001,508.94,46.27,462.67,BE-17169,10:31:53
17170,2025-09-03,L001,417.99,38.00,379.99,BE-17170,21:17:22
17171,2025-09-03,L001,336.26,30.57,305.69,BE-17171,15:56:46
17172,2025-09-03,L002,274.02,24.91,249.11,BE-17172,15:45:42
17173,2025-09-03,L002,361.34,32.85,328.49,BE-17173,21:14:04
17174,2025-09-04,L002,194.80,17.71,177.09,BE-17174,14:48:54
17175,2025-09-04,L002,116.25,10.57,105.68,BE-17175,21:40:42
17176,2025-09-04,L002,61.09,5.55,55.54,BE-17176,17:19:44
17177,2025-09-04,L002,217.26,19.75,197.51,BE-17177,19:34:56
17178,2025-09-04,L002,353.50,32.14,321.36,BE-17178,15:26:02
17179,2025-09-04,L003,287.31,26.12,261.19,BE-17179,17:36:34
17180,2025-09-05,L001,547.54,49.78,497.76,BE-17180,21:24:10
17181,2025-09-05,L001,419.02,38.09,380.93,BE-17181,15:28:16
17182,2025-09-05,L001,203.51,18.50,185.01,BE-17182,10:58:30
17183,2025-09-05,L001,246.62,22.42,224.20,BE-17183,14:59:57
17184,2025-09-05,L001,508.97,46.27,462.70,BE-17184,16:39:29
17185,2025-09-05,L002,423.42,38.49,384.93,BE-17185,14:47:48
17186,2025-09-05,L002,91.05,8.28,82.77,BE-17186,12:48:11
17187,2025-09-05,L002,538.90,48.99,489.91,BE-17187,15:08:06
17188,2025-09-05,L002,489.85,44.53,445.32,BE-17188,11:18:28
17189,2025-09-05,L003,366.73,33.34,333.39,BE-17189,14:44:57
17190,2025-09-05,L003,292.28,26.57,265.71,BE-17190,11:08:40
17191,2025-09-05,L003,547.29,49.75,497.54,BE-17191,10:06:37
17192,2025-09-05,L003,382.29,34.75,347.54,BE-17192,13:15:33
17193,2025-09-06,L001,107.67,9.79,97.88,BE-17193,20:03:50
17194,2025-09-06,L001,506.06,46.01,460.05,BE-17194,17:45:31
17195,2025-09-06,L001,224.21,20.38,203.83,BE-17195,11:01:14
17196,2025-09-06,L003,345.68,31.43,314.25,BE-17196,18:27:18
17197,2025-09-07,L001,212.58,19.33,193.25,BE-17197,10:36:04
17198,2025-09-07,L001,210.69,19.15,191.54,BE-17198,17:58:22
17199,2025-09-07,L001,40.11,3.65,36.46,BE-17199,15:59:35
17200,2025-09-07,L001,357.30,32.48,324.82,BE-17200,11:42:54
17201,2025-09-07,L001,191.90,17.45,174.45,BE-17201,13:12:02
17202,2025-09-07,L002,496.35,45.12,451.23,BE-17202,17:20:27
17203,2025-09-07,L003,179.75,16.34,163.41,BE-17203,18:47:10
17204,2025-09-07,L003,214.93,19.54,195.39,BE-17204,14:27:12
17205,2025-09-07,L003,520.85,47.35,473.50,BE-17205,13:20:37
17206,2025-09-07,L003,491.40,44.67,446.73,BE-17206,20:01:07
17207,2025-09-08,L001,400.95,36.45,364.50,BE-17207,12:10:34
17208,2025-09-08,L001,224.13,20.38,203.75,BE-17208,17:32:19
17209,2025-09-08,L001,430.11,39.10,391.01,BE-17209,18:33:27
17210,2025-09-08,L001,91.23,8.29,82.94,BE-17210,13:28:38
17211,2025-09-08,L003,519.70,47.25,472.45,BE-17211,20:48:18
17212,2025-09-08,L003,504.56,45.87,458.69,BE-17212,17:08:03
17213,2025-09-09,L001,280.54,25.50,255.04,BE-17213,21:19:00
17214,2025-09-09,L001,461.34,41.94,419.40,BE-17214,20:28:38
17215,2025-09-09,L002,41.43,3.77,37.66,BE-17215,13:35:25
17216,2025-09-09,L003,324.28,29.48,294.80,BE-17216,13:28:37
17217,2025-09-09,L003,549.09,49.92,499.17,BE-17217,21:07:50
17218,2025-09-09,L003,359.63,32.69,326.94,BE-17218,12:19:38
17219,2025-09-10,L001,313.91,28.54,285.37,BE-17219,14:30:57
17220,2025-09-10,L001,409.38,37.22,372.16,BE-17220,17:04:51
17221,2025-09-10,L001,290.34,26.39,263.95,BE-17221,18:16:17
17222,2025-09-10,L002,26.10,2.37,23.73,BE-17222,20:54:07
17223,2025-09-10,L002,430.90,39.17,391.73,BE-17223,21:11:26
17224,2025-09-10,L002,212.70,19.34,193.36,BE-17224,20:57:07
17225,2025-09-10,L002,155.90,14.17,141.73,BE-17225,17:39:46
17226,2025-09-10,L002,372.26,33.84,338.42,BE-17226,21:40:56
17227,2025-09-10,L003,68.60,6.24,62.36,BE-17227,14:24:28
17228,2025-09-10,L003,63.58,5.78,57.80,BE-17228,12:16:08
17229,2025-09-10,L003,51.06,4.64,46.42,BE-17229,12:23:41
17230,2025-09-10,L003,524.89,47.72,477.17,BE-17230,21:55:34
17231,2025-09-11,L001,114.94,10.45,104.49,BE-17231,14:13:20
17232,2025-09-11,L001,336.24,30.57,305.67,BE-17232,15:36:05
17233,2025-09-11,L001,71.55,6.50,65.05,BE-17233,12:55:26
17234,2025-09-11,L002,377.85,34.35,343.50,BE-17234,12:24:54
17235,2025-09-11,L002,494.34,44.94,449.40,BE-17235,18:07:47
17236,2025-09-11,L002,181.92,16.54,165.38,BE-17236,17:24:31
17237,2025-09-11,L002,117.95,10.72,107.23,BE-17237,12:32:53
17238,2025-09-11,L002,366.71,33.34,333.37,BE-17238,14:00:24
17239,2025-09-11,L003,408.35,37.12,371.23,BE-17239,15:04:45
17240,2025-09-12,L001,381.22,34.66,346.56,BE-17240,10:38:24
17241,2025-09-12,L002,51.65,4.70,46.95,BE-17241,20:46:09
17242,2025-09-13,L001,324.95,29.54,295.41,BE-17242,16:14:04
17243,2025-09-13,L001,451.40,41.04,410.36,BE-17243,12:08:02
17244,2025-09-13,L003,130.68,11.88,118.80,BE-17244,16:54:50
17245,2025-09-14,L001,231.02,21.00,210.02,BE-17245,18:26:13
17246,2025-09-14,L001,96.84,8.80,88.04,BE-17246,10:56:46
17247,2025-09-14,L001,385.97,35.09,350.88,BE-17247,16:27:38
17248,2025-09-14,L001,219.81,19.98,199.83,BE-17248,20:15:49
17249,2025-09-14,L002,31.61,2.87,28.74,BE-17249,10:59:55
17250,2025-09-14,L002,128.73,11.70,117.03,BE-17250,11:51:01
17251,2025-09-14,L002,259.93,23.63,236.30,BE-17251,19:49:44
17252,2025-09-14,L002,528.40,48.04,480.36,BE-17252,16:16:04
17253,2025-09-14,L002,178.86,16.26,162.60,BE-17253,21:48:57
17254,2025-09-14,L003,515.24,46.84,468.40,BE-17254,18:11:07
17255,2025-09-15,L002,42.21,3.84,38.37,BE-17255,14:32:37
17256,2025-09-15,L003,315.34,28.67,286.67,BE-17256,11:35:40
17257,2025-09-16,L002,503.35,45.76,457.59,BE-17257,12:28:18
17258,2025-09-16,L002,114.22,10.38,103.84,BE-17258,14:31:15
17259,2025-09-17,L001,26.24,2.39,23.85,BE-17259,17:16:52
17260,2025-09-17,L001,88.24,8.02,80.22,BE-17260,18:45:21
17261,2025-09-17,L001,371.65,33.79,337.86,BE-17261,12:42:17
17262,2025-09-17,L001,282.51,25.68,256.83,BE-17262,17:05:13
17263,2025-09-17,L002,209.91,19.08,190.83,BE-17263,20:07:45
17264,2025-09-17,L002,346.07,31.46,314.61,BE-17264,11:04:34
17265,2025-09-17,L002,300.28,27.30,272.98,BE-17265,19:17:29
17266,2025-09-17,L002,193.22,17.57,175.65,BE-17266,21:30:21
17267,2025-09-17,L003,425.68,38.70,386.98,BE-17267,20:58:50
17268,2025-09-18,L001,523.26,47.57,475.69,BE-17268,16:12:43
17269,2025-09-18,L001,38.25,3.48,34.77,BE-17269,18:38:22
17270,2025-09-18,L003,421.98,38.36,383.62,BE-17270,11:53:25
17271,2025-09-18,L003,318.37,28.94,289.43,BE-17271,10:52:28
17272,2025-09-18,L003,330.52,30.05,300.47,BE-17272,18:33:57
17273,2025-09-18,L003,326.15,29.65,296.50,BE-17273,14:49:44
17274,2025-09-18,L003,113.04,10.28,102.76,BE-17274,12:11:23
17275,2025-09-19,L001,449.31,40.85,408.46,BE-17275,21:40:16
17276,2025-09-19,L001,154.94,14.09,140.85,BE-17276,20:15:47
17277,2025-09-19,L001,194.81,17.71,177.10,BE-17277,12:02:05
17278,2025-09-19,L001,428.44,38.95,389.49,BE-17278,17:46:37
17279,2025-09-19,L002,330.13,30.01,300.12,BE-17279,17:11:12
17280,2025-09-19,L002,64.15,5.83,58.32,BE-17280,20:04:42
17281,2025-09-19,L003,462.34,42.03,420.31,BE-17281,21:19:04
17282,2025-09-19,L003,255.58,23.23,232.35,BE-17282,17:03:28
17283,2025-09-20,L001,58.88,5.35,53.53,BE-17283,20:45:24
17284,2025-09-20,L002,331.69,30.15,301.54,BE-17284,20:45:16
17285,2025-09-20,L003,53.08,4.83,48.25,BE-17285,18:17:22
17286,2025-09-20,L003,254.55,23.14,231.41,BE-17286,17:01:17
17287,2025-09-20,L003,96.84,8.80,88.04,BE-17287,18:08:20
17288,2025-09-21,L001,106.55,9.69,96.86,BE-17288,12:04:51
17289,2025-09-21,L001,433.39,39.40,393.99,BE-17289,21:29:01
17290,2025-09-21,L002,457.39,41.58,415.81,BE-17290,16:20:00
17291,2025-09-21,L002,52.43,4.77,47.66,BE-17291,19:19:25
17292,2025-09-21,L002,263.75,23.98,239.77,BE-17292,15:41:54
17293,2025-09-21,L002,421.49,38.32,383.17,BE-17293,13:14:02
17294,2025-09-21,L002,194.59,17.69,176.90,BE-17294,12:20:43
17295,2025-09-21,L003,430.91,39.17,391.74,BE-17295,17:01:47
17296,2025-09-22,L001,478.31,43.48,434.83,BE-17296,18:43:24
17297,2025-09-22,L001,202.49,18.41,184.08,BE-17297,10:37:51
17298,2025-09-22,L001,521.37,47.40,473.97,BE-17298,14:54:32
17299,2025-09-22,L001,479.24,43.57,435.67,BE-17299,15:37:03
17300,2025-09-22,L002,356.83,32.44,324.39,BE-17300,17:22:39
17301,2025-09-22,L002,69.35,6.30,63.05,BE-17301,12:50:52
17302,2025-09-22,L002,283.14,25.74,257.40,BE-17302,21:57:15
17303,2025-09-22,L002,463.64,42.15,421.49,BE-17303,11:06:44
17304,2025-09-22,L002,424.77,38.62,386.15,BE-17304,18:56:52
17305,2025-09-23,L001,384.82,34.98,349.84,BE-17305,11:55:27
17306,2025-09-23,L001,404.69,36.79,367.90,BE-17306,21:15:44
17307,2025-09-23,L003,79.46,7.22,72.24,BE-17307,19:04:44
17308,2025-09-24,L001,435.71,39.61,396.10,BE-17308,13:31:35
17309,2025-09-24,L001,103.68,9.43,94.25,BE-17309,18:06:12
17310,2025-09-24,L001,51.18,4.65,46.53,BE-17310,18:14:17
17311,2025-09-24,L001,311.87,28.35,283.52,BE-17311,10:34:26
17312,2025-09-24,L001,77.59,7.05,70.54,BE-17312,17:44:59
17313,2025-09-24,L003,515.90,46.90,469.00,BE-17313,16:08:05
17314,2025-09-24,L003,443.21,40.29,402.92,BE-17314,17:59:59
17315,2025-09-24,L003,308.76,28.07,280.69,BE-17315,14:33:56
17316,2025-09-25,L001,153.69,13.97,139.72,BE-17316,14:01:36
17317,2025-09-25,L001,221.00,20.09,200.91,BE-17317,14:30:54
17318,2025-09-25,L001,450.27,40.93,409.34,BE-17318,18:29:47
17319,2025-09-25,L001,357.07,32.46,324.61,BE-17319,11:16:41
17320,2025-09-25,L001,93.56,8.51,85.05,BE-17320,17:45:39
17321,2025-09-25,L002,383.24,34.84,348.40,BE-17321,19:27:02
17322,2025-09-25,L002,464.43,42.22,422.21,BE-17322,10:16:17
17323,2025-09-25,L003,135.52,12.32,123.20,BE-17323,19:18:30
17324,2025-09-26,L001,227.62,20.69,206.93,BE-17324,16:52:28
17325,2025-09-26,L001,186.98,17.00,169.98,BE-17325,17:54:55
17326,2025-09-26,L001,275.11,25.01,250.10,BE-17326,15:58:51
17327,2025-09-26,L002,486.56,44.23,442.33,BE-17327,10:47:35
17328,2025-09-26,L002,539.67,49.06,490.61,BE-17328,12:17:21
17329,2025-09-26,L003,80.71,7.34,73.37,BE-17329,13:22:49
17330,2025-09-26,L003,531.21,48.29,482.92,BE-17330,11:16:21
17331,2025-09-26,L003,473.40,43.04,430.36,BE-17331,19:50:12
17332,2025-09-26,L003,520.60,47.33,473.27,BE-17332,21:57:56
17333,2025-09-26,L003,532.29,48.39,483.90,BE-17333,13:00:48
17334,2025-09-27,L002,460.86,41.90,418.96,BE-17334,21:02:48
17335,2025-09-27,L003,265.11,24.10,241.01,BE-17335,12:12:19
17336,2025-09-27,L003,424.71,38.61,386.10,BE-17336,20:59:08
17337,2025-09-27,L003,211.50,19.23,192.27,BE-17337,11:02:09
17338,2025-09-28,L001,118.90,10.81,108.09,BE-17338,14:53:46
17339,2025-09-28,L001,487.51,44.32,443.19,BE-17339,10:27:43
17340,2025-09-28,L002,355.18,32.29,322.89,BE-17340,19:45:57
17341,2025-09-28,L002,63.85,5.80,58.05,BE-17341,16:45:00
17342,2025-09-28,L002,99.31,9.03,90.28,BE-17342,15:12:56
17343,2025-09-28,L002,496.72,45.16,451.56,BE-17343,14:44:47
17344,2025-09-28,L003,429.65,39.06,390.59,BE-17344,14:15:03
17345,2025-09-28,L003,46.06,4.19,41.87,BE-17345,19:17:33
17346,2025-09-28,L003,261.94,23.81,238.13,BE-17346,14:33:41
17347,2025-09-28,L003,242.12,22.01,220.11,BE-17347,10:12:48
17348,2025-09-28,L003,237.40,21.58,215.82,BE-17348,12:38:03
17349,2025-09-29,L001,420.59,38.24,382.35,BE-17349,10:19:01
17350,2025-09-29,L001,225.82,20.53,205.29,BE-17350,18:23:26
17351,2025-09-29,L001,473.55,43.05,430.50,BE-17351,20:17:03
17352,2025-09-29,L002,500.63,45.51,455.12,BE-17352,14:18:07
17353,2025-09-29,L002,437.22,39.75,397.47,BE-17353,21:22:04
17354,2025-09-29,L002,320.81,29.16,291.65,BE-17354,19:26:06
17355,2025-09-30,L001,43.09,3.92,39.17,BE-17355,10:11:22
17356,2025-09-30,L001,493.52,44.87,448.65,BE-17356,13:56:03
17357,2025-09-30,L002,170.79,15.53,155.26,BE-17357,16:05:52
17358,2025-09-30,L002,444.25,40.39,403.86,BE-17358,15:56:47
17359,2025-09-30,L002,404.13,36.74,367.39,BE-17359,21:47:39
17360,2025-09-30,L003,492.98,44.82,448.16,BE-17360,20:28:57
17361,2025-09-30,L003,38.03,3.46,34.57,BE-17361,15:57:12
17362,2025-09-30,L003,66.77,6.07,60.70,BE-17362,13:43:53
17363,2025-09-30,L003,532.13,48.38,483.75,BE-17363,14:21:04
17364,2025-09-30,L003,467.06,42.46,424.60,BE-17364,19:54:23
17365,2025-10-01,L001,436.58,39.69,396.89,BE-17365,15:56:02
17366,2025-10-01,L001,26.30,2.39,23.91,BE-17366,19:55:51
17367,2025-10-01,L001,250.38,22.76,227.62,BE-17367,11:51:30
17368,2025-10-01,L001,333.71,30.34,303.37,BE-17368,15:56:58
17369,2025-10-01,L001,92.97,8.45,84.52,BE-17369,21:01:41
17370,2025-10-01,L002,127.09,11.55,115.54,BE-17370,16:23:56
17371,2025-10-01,L002,182.13,16.56,165.57,BE-17371,16:20:52
17372,2025-10-01,L002,157.61,14.33,143.28,BE-17372,19:31:35
17373,2025-10-01,L002,305.09,27.74,277.35,BE-17373,19:34:33
17374,2025-10-01,L003,445.74,40.52,405.22,BE-17374,18:50:09
17375,2025-10-01,L003,271.90,24.72,247.18,BE-17375,14:35:37
17376,2025-10-01,L003,512.95,46.63,466.32,BE-17376,20:52:42
17377,2025-10-01,L003,186.38,16.94,169.44,BE-17377,17:02:06
17378,2025-10-02,L001,251.14,22.83,228.31,BE-17378,15:32:28
17379,2025-10-02,L001,520.78,47.34,473.44,BE-17379,15:48:05
17380,2025-10-02,L001,437.28,39.75,397.53,BE-17380,11:55:31
17381,2025-10-02,L001,257.05,23.37,233.68,BE-17381,16:52:43
17382,2025-10-02,L001,499.35,45.40,453.95,BE-17382,21:20:41
17383,2025-10-02,L002,279.41,25.40,254.01,BE-17383,16:52:06
17384,2025-10-02,L002,51.25,4.66,46.59,BE-17384,13:50:25
17385,2025-10-02,L003,96.33,8.76,87.57,BE-17385,17:15:23
17386,2025-10-02,L003,537.67,48.88,488.79,BE-17386,20:32:52
17387,2025-10-02,L003,146.79,13.34,133.45,BE-17387,11:29:45
17388,2025-10-02,L003,264.94,24.09,240.85,BE-17388,11:20:18
17389,2025-10-03,L001,385.91,35.08,350.83,BE-17389,12:09:45
17390,2025-10-03,L002,328.90,29.90,299.00,BE-17390,10:43:12
17391,2025-10-03,L003,512.26,46.57,465.69,BE-17391,20:02:30
17392,2025-10-03,L003,255.12,23.19,231.93,BE-17392,19:46:27
17393,2025-10-03,L003,382.75,34.80,347.95,BE-17393,11:49:41
17394,2025-10-03,L003,379.19,34.47,344.72,BE-17394,15:47:30
17395,2025-10-04,L001,344.97,31.36,313.61,BE-17395,11:15:55
17396,2025-10-04,L001,319.78,29.07,290.71,BE-17396,14:34:56
17397,2025-10-04,L003,31.74,2.89,28.85,BE-17397,15:05:06
17398,2025-10-04,L003,249.34,22.67,226.67,BE-17398,19:22:47
17399,2025-10-05,L001,519.76,47.25,472.51,BE-17399,10:48:13
17400,2025-10-05,L002,265.67,24.15,241.52,BE-17400,13:16:16
17401,2025-10-05,L002,117.40,10.67,106.73,BE-17401,11:10:53
17402,2025-10-05,L002,90.77,8.25,82.52,BE-17402,15:21:06
17403,2025-10-05,L002,141.68,12.88,128.80,BE-17403,20:30:24
17404,2025-10-05,L002,182.74,16.61,166.13,BE-17404,13:47:31
17405,2025-10-05,L003,276.89,25.17,251.72,BE-17405,12:54:01
17406,2025-10-05,L003,457.62,41.60,416.02,BE-17406,12:22:16
17407,2025-10-05,L003,446.72,40.61,406.11,BE-17407,18:10:03
17408,2025-10-06,L001,184.89,16.81,168.08,BE-17408,12:16:11
17409,2025-10-06,L002,255.81,23.26,232.55,BE-17409,14:49:01
17410,2025-10-06,L002,315.70,28.70,287.00,BE-17410,12:56:09
17411,2025-10-06,L002,114.49,10.41,104.08,BE-17411,19:17:29
17412,2025-10-06,L002,70.59,6.42,64.17,BE-17412,12:01:22
17413,2025-10-06,L003,287.57,26.14,261.43,BE-17413,10:39:18
17414,2025-10-06,L003,492.05,44.73,447.32,BE-17414,11:40:28
17415,2025-10-06,L003,314.47,28.59,285.88,BE-17415,18:02:16
17416,2025-10-06,L003,532.74,48.43,484.31,BE-17416,18:08:11
17417,2025-10-06,L003,36.16,3.29,32.87,BE-17417,18:22:05
17418,2025-10-07,L001,74.11,6.74,67.37,BE-17418,13:34:55
17419,2025-10-07,L002,332.93,30.27,302.66,BE-17419,15:49:44
17420,2025-10-07,L003,478.61,43.51,435.10,BE-17420,19:25:24
17421,2025-10-07,L003,96.54,8.78,87.76,BE-17421,11:08:34
17422,2025-10-07,L003,94.64,8.60,86.04,BE-17422,21:22:02
17423,2025-10-08,L001,531.98,48.36,483.62,BE-17423,18:11:35
17424,2025-10-08,L001,132.73,12.07,120.66,BE-17424,18:13:23
17425,2025-10-08,L001,364.47,33.13,331.34,BE-17425,18:50:52
17426,2025-10-08,L002,463.18,42.11,421.07,BE-17426,15:59:02
17427,2025-10-08,L002,421.16,38.29,382.87,BE-17427,13:01:04
17428,2025-10-08,L002,118.02,10.73,107.29,BE-17428,14:26:53
17429,2025-10-08,L002,334.63,30.42,304.21,BE-17429,15:05:43
17430,2025-10-08,L002,188.96,17.18,171.78,BE-17430,11:40:32
17431,2025-10-08,L003,346.80,31.53,315.27,BE-17431,20:33:11
17432,2025-10-08,L003,338.34,30.76,307.58,BE-17432,17:16:59
17433,2025-10-09,L001,41.00,3.73,37.27,BE-17433,18:23:49
17434,2025-10-09,L001,65.15,5.92,59.23,BE-17434,17:37:42
17435,2025-10-09,L001,511.13,46.47,464.66,BE-17435,17:55:09
17436,2025-10-09,L002,267.50,24.32,243.18,BE-17436,16:55:53
17437,2025-10-09,L002,224.09,20.37,203.72,BE-17437,15:40:10
17438,2025-10-09,L002,384.89,34.99,349.90,BE-17438,13:36:59
17439,2025-10-10,L001,234.19,21.29,212.90,BE-17439,14:42:58
17440,2025-10-10,L001,397.41,36.13,361.28,BE-17440,10:22:01
17441,2025-10-10,L001,461.82,41.98,419.84,BE-17441,18:47:41
17442,2025-10-10,L002,455.20,41.38,413.82,BE-17442,21:12:32
17443,2025-10-10,L002,450.29,40.94,409.35,BE-17443,16:59:50
17444,2025-10-10,L002,406.73,36.98,369.75,BE-17444,17:37:24
17445,2025-10-10,L003,370.34,33.67,336.67,BE-17445,21:22:03
17446,2025-10-11,L002,390.03,35.46,354.57,BE-17446,10:54:31
17447,2025-10-11,L003,217.01,19.73,197.28,BE-17447,11:38:50
17448,2025-10-11,L003,194.28,17.66,176.62,BE-17448,10:01:06
17449,2025-10-11,L003,496.97,45.18,451.79,BE-17449,14:30:52
17450,2025-10-11,L003,376.76,34.25,342.51,BE-17450,11:01:08
17451,2025-10-11,L003,525.42,47.77,477.65,BE-17451,15:48:25
17452,2025-10-12,L001,333.10,30.28,302.82,BE-17452,11:13:41
17453,2025-10-12,L002,37.99,3.45,34.54,BE-17453,13:08:17
17454,2025-10-12,L002,342.90,31.17,311.73,BE-17454,15:23:24
17455,2025-10-12,L003,358.07,32.55,325.52,BE-17455,10:30:50
17456,2025-10-12,L003,175.03,15.91,159.12,BE-17456,15:42:20
17457,2025-10-12,L003,404.72,36.79,367.93,BE-17457,21:30:29
17458,2025-10-12,L003,140.14,12.74,127.40,BE-17458,14:22:02
17459,2025-10-12,L003,56.20,5.11,51.09,BE-17459,14:46:07
17460,2025-10-13,L001,238.65,21.70,216.95,BE-17460,19:22:16
17461,2025-10-13,L001,341.07,31.01,310.06,BE-17461,11:42:34
17462,2025-10-13,L002,78.03,7.09,70.94,BE-17462,16:22:17
17463,2025-10-13,L002,276.63,25.15,251.48,BE-17463,13:32:38
17464,2025-10-13,L002,426.87,38.81,388.06,BE-17464,11:46:27
17465,2025-10-13,L003,76.69,6.97,69.72,BE-17465,15:58:07
17466,2025-10-14,L001,389.85,35.44,354.41,BE-17466,10:17:06
17467,2025-10-14,L002,502.70,45.70,457.00,BE-17467,16:36:30
17468,2025-10-14,L003,504.56,45.87,458.69,BE-17468,13:19:53
17469,2025-10-14,L003,533.74,48.52,485.22,BE-17469,11:10:34
17470,2025-10-14,L003,160.28,14.57,145.71,BE-17470,19:09:53
17471,2025-10-15,L001,541.70,49.25,492.45,BE-17471,16:56:06
17472,2025-10-15,L001,264.79,24.07,240.72,BE-17472,10:32:05
17473,2025-10-15,L001,218.21,19.84,198.37,BE-17473,21:49:58
17474,2025-10-15,L002,44.68,4.06,40.62,BE-17474,20:55:07
17475,2025-10-15,L002,270.73,24.61,246.12,BE-17475,21:17:54
17476,2025-10-15,L002,173.70,15.79,157.91,BE-17476,13:30:00
17477,2025-10-15,L002,543.85,49.44,494.41,BE-17477,21:44:17
17478,2025-10-15,L002,513.41,46.67,466.74,BE-17478,10:49:34
17479,2025-10-16,L001,376.50,34.23,342.27,BE-17479,14:50:19
17480,2025-10-16,L001,470.07,42.73,427.34,BE-17480,16:19:23
17481,2025-10-16,L001,288.57,26.23,262.34,BE-17481,11:23:48
17482,2025-10-17,L001,181.62,16.51,165.11,BE-17482,21:37:51
17483,2025-10-17,L001,440.12,40.01,400.11,BE-17483,14:29:00
17484,2025-10-17,L002,460.16,41.83,418.33,BE-17484,20:48:48
17485,2025-10-17,L002,213.05,19.37,193.68,BE-17485,14:42:19
17486,2025-10-17,L002,247.61,22.51,225.10,BE-17486,11:16:59
17487,2025-10-17,L002,300.08,27.28,272.80,BE-17487,16:35:53
17488,2025-10-17,L003,544.43,49.49,494.94,BE-17488,15:46:16
17489,2025-10-18,L001,253.86,23.08,230.78,BE-17489,18:05:50
17490,2025-10-18,L001,538.67,48.97,489.70,BE-17490,21:30:08
17491,2025-10-18,L003,79.13,7.19,71.94,BE-17491,21:11:16
17492,2025-10-19,L002,452.78,41.16,411.62,BE-17492,10:33:52
17493,2025-10-19,L002,210.99,19.18,191.81,BE-17493,19:45:21
17494,2025-10-19,L002,72.10,6.55,65.55,BE-17494,15:36:54
17495,2025-10-19,L002,414.15,37.65,376.50,BE-17495,13:21:17
17496,2025-10-19,L002,326.26,29.66,296.60,BE-17496,14:45:08
17497,2025-10-19,L003,130.65,11.88,118.77,BE-17497,17:35:33
17498,2025-10-19,L003,426.68,38.79,387.89,BE-17498,17:15:59
17499,2025-10-19,L003,486.97,44.27,442.70,BE-17499,10:38:23
17500,2025-10-19,L003,478.56,43.51,435.05,BE-17500,18:32:59
17501,2025-10-19,L003,248.58,22.60,225.98,BE-17501,14:54:10
17502,2025-10-20,L001,229.27,20.84,208.43,BE-17502,10:21:28
17503,2025-10-20,L001,542.83,49.35,493.48,BE-17503,20:00:22
17504,2025-10-20,L001,137.96,12.54,125.42,BE-17504,17:40:00
17505,2025-10-20,L001,175.46,15.95,159.51,BE-17505,13:19:48
17506,2025-10-20,L003,193.12,17.56,175.56,BE-17506,21:03:15
17507,2025-10-20,L003,255.35,23.21,232.14,BE-17507,13:41:15
17508,2025-10-20,L003,309.74,28.16,281.58,BE-17508,19:54:23
17509,2025-10-20,L003,157.67,14.33,143.34,BE-17509,21:07:57
17510,2025-10-20,L003,95.84,8.71,87.13,BE-17510,19:45:16
17511,2025-10-21,L001,30.79,2.80,27.99,BE-17511,17:54:03
17512,2025-10-21,L001,449.19,40.84,408.35,BE-17512,10:15:37
17513,2025-10-21,L001,512.82,46.62,466.20,BE-17513,20:45:58
17514,2025-10-21,L001,162.60,14.78,147.82,BE-17514,11:09:10
17515,2025-10-21,L002,43.99,4.00,39.99,BE-17515,17:24:43
17516,2025-10-21,L003,533.21,48.47,484.74,BE-17516,21:24:44
17517,2025-10-21,L003,337.06,30.64,306.42,BE-17517,17:37:01
17518,2025-10-22,L001,504.88,45.90,458.98,BE-17518,20:50:48
17519,2025-10-22,L001,316.20,28.75,287.45,BE-17519,20:43:57
17520,2025-10-22,L001,147.41,13.40,134.01,BE-17520,18:09:28
17521,2025-10-22,L002,508.27,46.21,462.06,BE-17521,20:57:32
17522,2025-10-22,L002,288.09,26.19,261.90,BE-17522,13:00:56
17523,2025-10-22,L002,509.59,46.33,463.26,BE-17523,15:36:47
17524,2025-10-22,L003,145.02,13.18,131.84,BE-17524,18:39:41
17525,2025-10-22,L003,479.67,43.61,436.06,BE-17525,17:03:28
17526,2025-10-22,L003,377.83,34.35,343.48,BE-17526,11:12:13
17527,2025-10-23,L001,143.64,13.06,130.58,BE-17527,20:35:20
17528,2025-10-23,L002,412.24,37.48,374.76,BE-17528,19:34:44
17529,2025-10-23,L002,340.30,30.94,309.36,BE-17529,10:23:37
17530,2025-10-23,L002,257.93,23.45,234.48,BE-17530,16:45:56
17531,2025-10-23,L002,184.21,16.75,167.46,BE-17531,15:48:54
17532,2025-10-23,L002,278.49,25.32,253.17,BE-17532,14:40:17
17533,2025-10-24,L001,143.58,13.05,130.53,BE-17533,18:09:32
17534,2025-10-24,L001,157.58,14.33,143.25,BE-17534,13:06:20
17535,2025-10-24,L001,192.53,17.50,175.03,BE-17535,13:07:18
17536,2025-10-24,L002,373.82,33.98,339.84,BE-17536,10:17:47
17537,2025-10-24,L002,171.20,15.56,155.64,BE-17537,10:15:02
17538,2025-10-24,L002,45.51,4.14,41.37,BE-17538,13:08:32
17539,2025-10-24,L002,396.34,36.03,360.31,BE-17539,16:46:17
17540,2025-10-24,L002,80.87,7.35,73.52,BE-17540,20:22:18
17541,2025-10-24,L003,490.99,44.64,446.35,BE-17541,11:23:13
17542,2025-10-24,L003,276.51,25.14,251.37,BE-17542,11:25:57
17543,2025-10-24,L003,426.32,38.76,387.56,BE-17543,11:56:18
17544,2025-10-24,L003,352.87,32.08,320.79,BE-17544,21:06:39
17545,2025-10-25,L002,204.77,18.62,186.15,BE-17545,19:17:46
17546,2025-10-25,L002,289.26,26.30,262.96,BE-17546,15:56:44
17547,2025-10-25,L002,415.52,37.77,377.75,BE-17547,18:02:02
17548,2025-10-25,L002,181.96,16.54,165.42,BE-17548,21:07:48
17549,2025-10-25,L002,28.83,2.62,26.21,BE-17549,11:21:43
17550,2025-10-26,L001,108.08,9.83,98.25,BE-17550,18:47:42
17551,2025-10-26,L001,399.08,36.28,362.80,BE-17551,11:32:19
17552,2025-10-26,L001,340.14,30.92,309.22,BE-17552,12:32:12
17553,2025-10-26,L002,483.62,43.97,439.65,BE-17553,17:46:03
17554,2025-10-27,L001,383.19,34.84,348.35,BE-17554,19:17:47
17555,2025-10-27,L001,229.25,20.84,208.41,BE-17555,19:59:23
17556,2025-10-27,L001,413.13,37.56,375.57,BE-17556,17:32:24
17557,2025-10-27,L002,153.27,13.93,139.34,BE-17557,17:23:06
17558,2025-10-27,L002,501.97,45.63,456.34,BE-17558,16:46:05
17559,2025-10-27,L003,300.34,27.30,273.04,BE-17559,11:56:45
17560,2025-10-27,L003,525.47,47.77,477.70,BE-17560,17:53:42
17561,2025-10-28,L001,470.40,42.76,427.64,BE-17561,20:00:11
17562,2025-10-28,L001,484.30,44.03,440.27,BE-17562,20:36:47
17563,2025-10-28,L002,199.62,18.15,181.47,BE-17563,16:10:06
17564,2025-10-28,L002,109.07,9.92,99.15,BE-17564,14:43:18
17565,2025-10-28,L002,295.16,26.83,268.33,BE-17565,19:08:24
17566,2025-10-28,L003,71.57,6.51,65.06,BE-17566,14:37:48
17567,2025-10-29,L001,411.33,37.39,373.94,BE-17567,19:13:42
17568,2025-10-29,L001,214.85,19.53,195.32,BE-17568,20:25:23
17569,2025-10-29,L001,66.78,6.07,60.71,BE-17569,18:16:11
17570,2025-10-29,L001,378.60,34.42,344.18,BE-17570,21:54:22
17571,2025-10-29,L002,89.34,8.12,81.22,BE-17571,12:06:21
17572,2025-10-29,L002,341.96,31.09,310.87,BE-17572,16:28:27
17573,2025-10-29,L002,257.44,23.40,234.04,BE-17573,17:58:40
17574,2025-10-29,L003,299.98,27.27,272.71,BE-17574,17:49:33
17575,2025-10-30,L001,281.44,25.59,255.85,BE-17575,12:08:53
17576,2025-10-30,L001,261.55,23.78,237.77,BE-17576,14:12:02
17577,2025-10-30,L001,422.88,38.44,384.44,BE-17577,11:23:48
17578,2025-10-30,L001,286.74,26.07,260.67,BE-17578,15:50:02
17579,2025-10-30,L001,543.53,49.41,494.12,BE-17579,19:33:48
17580,2025-10-30,L002,516.25,46.93,469.32,BE-17580,17:04:27
17581,2025-10-30,L002,382.95,34.81,348.14,BE-17581,19:50:00
17582,2025-10-31,L001,460.72,41.88,418.84,BE-17582,10:34:49
17583,2025-10-31,L001,363.12,33.01,330.11,BE-17583,11:32:35
17584,2025-10-31,L001,137.08,12.46,124.62,BE-17584,10:52:00
17585,2025-10-31,L002,232.62,21.15,211.47,BE-17585,20:58:08
17586,2025-10-31,L002,160.39,14.58,145.81,BE-17586,12:45:46
17587,2025-10-31,L002,549.52,49.96,499.56,BE-17587,20:46:37
17588,2025-10-31,L002,173.40,15.76,157.64,BE-17588,16:55:04
17589,2025-10-31,L003,470.35,42.76,427.59,BE-17589,20:31:42
17590,2025-10-31,L003,55.14,5.01,50.13,BE-17590,13:01:08
17591,2025-10-31,L003,150.62,13.69,136.93,BE-17591,18:48:56
17592,2025-10-31,L003,102.51,9.32,93.19,BE-17592,20:13:18
17593,2025-10-31,L003,228.27,20.75,207.52,BE-17593,15:18:03
17594,2025-11-01,L001,212.41,19.31,193.10,BE-17594,11:22:37
17595,2025-11-01,L002,370.62,33.69,336.93,BE-17595,14:48:26
17596,2025-11-01,L002,272.83,24.80,248.03,BE-17596,10:58:50
17597,2025-11-01,L002,429.18,39.02,390.16,BE-17597,21:26:05
17598,2025-11-01,L003,361.14,32.83,328.31,BE-17598,12:40:47
17599,2025-11-01,L003,32.09,2.92,29.17,BE-17599,19:33:15
17600,2025-11-01,L003,373.31,33.94,339.37,BE-17600,18:44:06
17601,2025-11-01,L003,466.88,42.44,424.44,BE-17601,10:05:45
17602,2025-11-01,L003,97.56,8.87,88.69,BE-17602,11:01:52
17603,2025-11-02,L001,325.39,29.58,295.81,BE-17603,12:03:52
17604,2025-11-02,L001,41.92,3.81,38.11,BE-17604,18:55:43
17605,2025-11-02,L001,485.10,44.10,441.00,BE-17605,12:21:21
17606,2025-11-02,L001,54.68,4.97,49.71,BE-17606,10:05:21
17607,2025-11-02,L001,467.94,42.54,425.40,BE-17607,16:47:03
17608,2025-11-02,L002,466.40,42.40,424.00,BE-17608,19:54:07
17609,2025-11-02,L002,411.91,37.45,374.46,BE-17609,19:27:15
17610,2025-11-02,L002,204.12,18.56,185.56,BE-17610,12:12:15
17611,2025-11-02,L003,402.59,36.60,365.99,BE-17611,18:12:10
17612,2025-11-02,L003,540.17,49.11,491.06,BE-17612,18:51:24
17613,2025-11-02,L003,502.15,45.65,456.50,BE-17613,13:30:43
17614,2025-11-03,L001,180.48,16.41,164.07,BE-17614,20:25:05
17615,2025-11-03,L001,380.79,34.62,346.17,BE-17615,10:55:32
17616,2025-11-03,L001,119.34,10.85,108.49,BE-17616,12:19:57
17617,2025-11-03,L001,412.65,37.51,375.14,BE-17617,17:03:45
17618,2025-11-04,L001,313.54,28.50,285.04,BE-17618,16:31:27
17619,2025-11-04,L001,522.28,47.48,474.80,BE-17619,16:04:06
17620,2025-11-04,L002,140.91,12.81,128.10,BE-17620,14:24:51
17621,2025-11-04,L003,36.84,3.35,33.49,BE-17621,19:05:59
17622,2025-11-04,L003,474.46,43.13,431.33,BE-17622,18:32:28
17623,2025-11-04,L003,305.71,27.79,277.92,BE-17623,14:10:39
17624,2025-11-04,L003,56.19,5.11,51.08,BE-17624,14:11:33
17625,2025-11-05,L001,24.40,2.22,22.18,BE-17625,20:02:45
17626,2025-11-05,L001,179.01,16.27,162.74,BE-17626,12:05:06
17627,2025-11-05,L001,292.99,26.64,266.35,BE-17627,20:20:27
17628,2025-11-05,L001,30.34,2.76,27.58,BE-17628,13:26:19
17629,2025-11-05,L002,480.49,43.68,436.81,BE-17629,17:07:31
17630,2025-11-05,L002,382.85,34.80,348.05,BE-17630,20:16:03
17631,2025-11-05,L002,385.65,35.06,350.59,BE-17631,11:46:38
17632,2025-11-05,L002,77.35,7.03,70.32,BE-17632,21:45:48
17633,2025-11-05,L002,158.37,14.40,143.97,BE-17633,18:39:36
17634,2025-11-05,L003,314.95,28.63,286.32,BE-17634,14:21:19
17635,2025-11-05,L003,425.14,38.65,386.49,BE-17635,21:36:02
17636,2025-11-06,L001,414.74,37.70,377.04,BE-17636,17:56:02
17637,2025-11-06,L002,503.70,45.79,457.91,BE-17637,10:17:31
17638,2025-11-06,L002,197.00,17.91,179.09,BE-17638,21:25:02
17639,2025-11-06,L002,241.67,21.97,219.70,BE-17639,17:09:00
17640,2025-11-06,L002,204.66,18.61,186.05,BE-17640,15:42:48
17641,2025-11-06,L003,305.10,27.74,277.36,BE-17641,14:49:50
17642,2025-11-06,L003,331.99,30.18,301.81,BE-17642,10:52:12
17643,2025-11-07,L001,394.92,35.90,359.02,BE-17643,16:40:58
17644,2025-11-07,L003,118.60,10.78,107.82,BE-17644,18:10:30
17645,2025-11-07,L003,237.61,21.60,216.01,BE-17645,10:12:31
17646,2025-11-07,L003,106.89,9.72,97.17,BE-17646,10:29:03
17647,2025-11-07,L003,139.79,12.71,127.08,BE-17647,19:54:01
17648,2025-11-08,L001,338.79,30.80,307.99,BE-17648,12:17:01
17649,2025-11-08,L001,484.17,44.02,440.15,BE-17649,11:57:26
17650,2025-11-08,L001,67.62,6.15,61.47,BE-17650,12:38:11
17651,2025-11-08,L001,108.55,9.87,98.68,BE-17651,19:43:16
17652,2025-11-08,L002,41.75,3.80,37.95,BE-17652,18:05:37
17653,2025-11-08,L002,264.01,24.00,240.01,BE-17653,19:05:33
17654,2025-11-08,L002,210.46,19.13,191.33,BE-17654,18:18:21
17655,2025-11-08,L002,126.06,11.46,114.60,BE-17655,18:24:26
17656,2025-11-08,L002,325.56,29.60,295.96,BE-17656,14:17:27
17657,2025-11-08,L003,135.77,12.34,123.43,BE-17657,20:10:45
17658,2025-11-08,L003,56.06,5.10,50.96,BE-17658,17:16:30
17659,2025-11-09,L001,246.03,22.37,223.66,BE-17659,20:31:17
17660,2025-11-09,L001,343.52,31.23,312.29,BE-17660,18:41:23
17661,2025-11-09,L001,168.54,15.32,153.22,BE-17661,18:32:06
17662,2025-11-09,L001,94.52,8.59,85.93,BE-17662,13:05:32
17663,2025-11-09,L002,258.59,23.51,235.08,BE-17663,21:50:46
17664,2025-11-09,L002,382.65,34.79,347.86,BE-17664,16:54:48
17665,2025-11-09,L002,101.82,9.26,92.56,BE-17665,11:44:07
17666,2025-11-10,L001,71.26,6.48,64.78,BE-17666,18:47:33
17667,2025-11-10,L002,292.08,26.55,265.53,BE-17667,10:48:42
17668,2025-11-10,L002,280.72,25.52,255.20,BE-17668,20:12:17
17669,2025-11-11,L001,123.77,11.25,112.52,BE-17669,13:04:34
17670,2025-11-11,L001,519.56,47.23,472.33,BE-17670,14:33:20
17671,2025-11-11,L001,420.34,38.21,382.13,BE-17671,21:41:03
17672,2025-11-11,L002,52.55,4.78,47.77,BE-17672,15:39:22
17673,2025-11-11,L003,180.07,16.37,163.70,BE-17673,19:13:03
17674,2025-11-11,L003,95.61,8.69,86.92,BE-17674,15:25:37
17675,2025-11-11,L003,156.54,14.23,142.31,BE-17675,20:41:09
17676,2025-11-11,L003,373.81,33.98,339.83,BE-17676,14:39:03
17677,2025-11-12,L001,99.47,9.04,90.43,BE-17677,11:58:35
17678,2025-11-12,L002,298.46,27.13,271.33,BE-17678,15:59:27
17679,2025-11-12,L002,423.93,38.54,385.39,BE-17679,18:17:02
17680,2025-11-12,L002,386.03,35.09,350.94,BE-17680,14:54:23
17681,2025-11-12,L002,70.03,6.37,63.66,BE-17681,16:19:46
17682,2025-11-12,L003,174.42,15.86,158.56,BE-17682,17:56:52
17683,2025-11-12,L003,184.77,16.80,167.97,BE-17683,19:28:32
17684,2025-11-12,L003,363.96,33.09,330.87,BE-17684,20:55:24
17685,2025-11-13,L001,172.63,15.69,156.94,BE-17685,12:34:56
17686,2025-11-13,L001,387.57,35.23,352.34,BE-17686,21:59:41
17687,2025-11-13,L001,410.60,37.33,373.27,BE-17687,10:53:30
17688,2025-11-13,L001,324.19,29.47,294.72,BE-17688,13:16:14
17689,2025-11-13,L002,371.78,33.80,337.98,BE-17689,16:58:12
17690,2025-11-13,L002,117.92,10.72,107.20,BE-17690,14:45:52
17691,2025-11-13,L002,46.16,4.20,41.96,BE-17691,10:39:38
17692,2025-11-13,L002,147.21,13.38,133.83,BE-17692,16:01:37
17693,2025-11-13,L003,443.05,40.28,402.77,BE-17693,18:51:26
17694,2025-11-13,L003,358.96,32.63,326.33,BE-17694,21:38:14
17695,2025-11-14,L001,28.37,2.58,25.79,BE-17695,18:12:09
17696,2025-11-14,L001,356.95,32.45,324.50,BE-17696,13:58:13
17697,2025-11-14,L001,527.42,47.95,479.47,BE-17697,20:45:33
17698,2025-11-14,L001,31.26,2.84,28.42,BE-17698,16:47:38
17699,2025-11-14,L002,404.89,36.81,368.08,BE-17699,13:55:28
17700,2025-11-14,L002,486.08,44.19,441.89,BE-17700,12:31:08
17701,2025-11-14,L002,468.78,42.62,426.16,BE-17701,13:38:05
17702,2025-11-14,L003,380.82,34.62,346.20,BE-17702,14:27:33
17703,2025-11-14,L003,227.22,20.66,206.56,BE-17703,14:28:39
17704,2025-11-15,L001,314.71,28.61,286.10,BE-17704,18:58:48
17705,2025-11-15,L001,245.94,22.36,223.58,BE-17705,10:49:06
17706,2025-11-15,L001,362.52,32.96,329.56,BE-17706,20:15:34
17707,2025-11-15,L001,304.22,27.66,276.56,BE-17707,10:19:19
17708,2025-11-15,L003,149.84,13.62,136.22,BE-17708,15:07:14
17709,2025-11-15,L003,347.18,31.56,315.62,BE-17709,21:40:29
17710,2025-11-15,L003,306.22,27.84,278.38,BE-17710,19:27:57
17711,2025-11-16,L001,57.05,5.19,51.86,BE-17711,17:54:33
17712,2025-11-16,L001,503.68,45.79,457.89,BE-17712,14:51:06
17713,2025-11-16,L001,77.09,7.01,70.08,BE-17713,20:25:03
17714,2025-11-16,L001,518.55,47.14,471.41,BE-17714,11:34:43
17715,2025-11-16,L001,239.15,21.74,217.41,BE-17715,19:07:30
17716,2025-11-16,L002,526.41,47.86,478.55,BE-17716,19:50:52
17717,2025-11-16,L002,347.37,31.58,315.79,BE-17717,17:06:29
17718,2025-11-16,L002,314.94,28.63,286.31,BE-17718,17:51:27
17719,2025-11-16,L002,94.39,8.58,85.81,BE-17719,10:44:10
17720,2025-11-16,L003,311.94,28.36,283.58,BE-17720,15:32:48
17721,2025-11-16,L003,497.72,45.25,452.47,BE-17721,12:12:40
17722,2025-11-17,L001,42.09,3.83,38.26,BE-17722,20:31:01
17723,2025-11-17,L001,58.77,5.34,53.43,BE-17723,15:52:23
17724,2025-11-17,L001,313.79,28.53,285.26,BE-17724,16:20:31
17725,2025-11-17,L001,51.77,4.71,47.06,BE-17725,17:32:33
17726,2025-11-17,L002,460.02,41.82,418.20,BE-17726,19:26:07
17727,2025-11-17,L002,113.40,10.31,103.09,BE-17727,20:45:11
17728,2025-11-18,L001,512.90,46.63,466.27,BE-17728,15:14:44
17729,2025-11-18,L001,455.41,41.40,414.01,BE-17729,20:43:26
17730,2025-11-18,L001,196.56,17.87,178.69,BE-17730,10:44:36
17731,2025-11-18,L001,68.45,6.22,62.23,BE-17731,19:01:30
17732,2025-11-18,L003,314.79,28.62,286.17,BE-17732,11:04:40
17733,2025-11-18,L003,55.65,5.06,50.59,BE-17733,17:37:12
17734,2025-11-18,L003,296.71,26.97,269.74,BE-17734,14:32:29
17735,2025-11-18,L003,235.53,21.41,214.12,BE-17735,10:17:54
17736,2025-11-18,L003,377.04,34.28,342.76,BE-17736,11:22:02
17737,2025-11-19,L001,28.31,2.57,25.74,BE-17737,17:00:27
17738,2025-11-19,L001,195.44,17.77,177.67,BE-17738,15:45:36
17739,2025-11-19,L001,373.55,33.96,339.59,BE-17739,16:32:49
17740,2025-11-19,L001,461.56,41.96,419.60,BE-17740,17:01:39
17741,2025-11-19,L001,30.65,2.79,27.86,BE-17741,16:49:28
17742,2025-11-19,L002,354.50,32.23,322.27,BE-17742,21:10:00
17743,2025-11-19,L002,467.38,42.49,424.89,BE-17743,18:19:17
17744,2025-11-19,L002,386.90,35.17,351.73,BE-17744,19:55:43
17745,2025-11-19,L003,323.39,29.40,293.99,BE-17745,17:01:00
17746,2025-11-19,L003,362.35,32.94,329.41,BE-17746,19:52:59
17747,2025-11-19,L003,437.76,39.80,397.96,BE-17747,17:50:34
17748,2025-11-19,L003,256.82,23.35,233.47,BE-17748,13:26:35
17749,2025-11-19,L003,326.02,29.64,296.38,BE-17749,16:18:52
17750,2025-11-20,L001,251.35,22.85,228.50,BE-17750,11:46:12
17751,2025-11-20,L001,215.63,19.60,196.03,BE-17751,19:29:31
17752,2025-11-20,L002,38.48,3.50,34.98,BE-17752,11:38:37
17753,2025-11-20,L002,321.55,29.23,292.32,BE-17753,13:28:05
17754,2025-11-20,L002,119.20,10.84,108.36,BE-17754,10:08:02
17755,2025-11-20,L003,307.98,28.00,279.98,BE-17755,17:38:33
17756,2025-11-20,L003,113.87,10.35,103.52,BE-17756,20:52:55
17757,2025-11-20,L003,501.03,45.55,455.48,BE-17757,20:38:37
17758,2025-11-21,L001,462.98,42.09,420.89,BE-17758,10:01:54
17759,2025-11-21,L001,364.84,33.17,331.67,BE-17759,21:45:07
17760,2025-11-21,L001,236.58,21.51,215.07,BE-17760,19:36:54
17761,2025-11-21,L001,22.86,2.08,20.78,BE-17761,12:03:38
17762,2025-11-21,L002,380.80,34.62,346.18,BE-17762,17:46:33
17763,2025-11-21,L002,108.97,9.91,99.06,BE-17763,12:15:35
17764,2025-11-21,L002,509.63,46.33,463.30,BE-17764,18:21:59
17765,2025-11-21,L003,125.60,11.42,114.18,BE-17765,11:16:20
17766,2025-11-21,L003,465.92,42.36,423.56,BE-17766,13:00:07
17767,2025-11-22,L001,117.52,10.68,106.84,BE-17767,15:29:01
17768,2025-11-22,L001,47.77,4.34,43.43,BE-17768,20:40:45
17769,2025-11-22,L002,528.53,48.05,480.48,BE-17769,18:29:17
17770,2025-11-22,L002,157.26,14.30,142.96,BE-17770,12:09:27
17771,2025-11-22,L002,452.45,41.13,411.32,BE-17771,11:23:37
17772,2025-11-22,L002,313.08,28.46,284.62,BE-17772,15:04:37
17773,2025-11-22,L002,269.73,24.52,245.21,BE-17773,15:59:15
17774,2025-11-22,L003,126.41,11.49,114.92,BE-17774,11:41:18
17775,2025-11-22,L003,194.86,17.71,177.15,BE-17775,20:40:16
17776,2025-11-22,L003,161.67,14.70,146.97,BE-17776,21:55:39
17777,2025-11-22,L003,62.18,5.65,56.53,BE-17777,20:36:02
17778,2025-11-23,L002,251.78,22.89,228.89,BE-17778,14:50:30
17779,2025-11-23,L002,547.09,49.74,497.35,BE-17779,12:25:55
17780,2025-11-23,L002,154.58,14.05,140.53,BE-17780,20:14:48
17781,2025-11-23,L002,263.57,23.96,239.61,BE-17781,19:25:16
17782,2025-11-23,L002,395.18,35.93,359.25,BE-17782,21:30:58
17783,2025-11-23,L003,115.45,10.50,104.95,BE-17783,12:17:23
17784,2025-11-23,L003,352.04,32.00,320.04,BE-17784,20:35:46
17785,2025-11-23,L003,323.16,29.38,293.78,BE-17785,21:30:09
17786,2025-11-23,L003,248.80,22.62,226.18,BE-17786,18:12:05
17787,2025-11-24,L001,483.68,43.97,439.71,BE-17787,16:03:50
17788,2025-11-24,L001,448.87,40.81,408.06,BE-17788,16:33:33
17789,2025-11-24,L002,328.65,29.88,298.77,BE-17789,19:10:08
17790,2025-11-24,L002,436.14,39.65,396.49,BE-17790,17:08:48
17791,2025-11-24,L002,511.47,46.50,464.97,BE-17791,19:40:04
17792,2025-11-24,L002,321.92,29.27,292.65,BE-17792,19:24:30
17793,2025-11-24,L002,142.36,12.94,129.42,BE-17793,10:03:20
17794,2025-11-24,L003,331.25,30.11,301.14,BE-17794,18:54:55
17795,2025-11-25,L001,465.28,42.30,422.98,BE-17795,20:35:13
17796,2025-11-25,L002,261.88,23.81,238.07,BE-17796,17:02:15
17797,2025-11-25,L002,431.50,39.23,392.27,BE-17797,17:41:08
17798,2025-11-25,L002,237.59,21.60,215.99,BE-17798,18:15:24
17799,2025-11-25,L002,534.94,48.63,486.31,BE-17799,11:46:18
17800,2025-11-25,L003,404.27,36.75,367.52,BE-17800,21:51:16
17801,2025-11-25,L003,265.24,24.11,241.13,BE-17801,14:11:45
17802,2025-11-25,L003,309.11,28.10,281.01,BE-17802,16:38:59
17803,2025-11-25,L003,67.91,6.17,61.74,BE-17803,18:27:44
17804,2025-11-25,L003,493.56,44.87,448.69,BE-17804,20:22:32
17805,2025-11-26,L002,520.41,47.31,473.10,BE-17805,14:19:05
17806,2025-11-26,L002,133.03,12.09,120.94,BE-17806,19:41:25
17807,2025-11-26,L002,224.17,20.38,203.79,BE-17807,10:33:01
17808,2025-11-26,L002,298.26,27.11,271.15,BE-17808,14:26:04
17809,2025-11-26,L002,112.26,10.21,102.05,BE-17809,14:51:13
17810,2025-11-26,L003,203.51,18.50,185.01,BE-17810,21:07:49
17811,2025-11-26,L003,361.02,32.82,328.20,BE-17811,21:13:19
17812,2025-11-27,L002,116.62,10.60,106.02,BE-17812,17:08:05
17813,2025-11-27,L002,347.19,31.56,315.63,BE-17813,17:41:46
17814,2025-11-27,L002,280.39,25.49,254.90,BE-17814,20:07:25
17815,2025-11-27,L002,109.53,9.96,99.57,BE-17815,15:48:24
17816,2025-11-28,L001,165.85,15.08,150.77,BE-17816,17:19:28
17817,2025-11-28,L001,401.98,36.54,365.44,BE-17817,11:11:53
17818,2025-11-28,L001,84.51,7.68,76.83,BE-17818,21:13:59
17819,2025-11-28,L001,444.99,40.45,404.54,BE-17819,14:46:11
17820,2025-11-28,L002,385.73,35.07,350.66,BE-17820,12:11:22
17821,2025-11-28,L002,104.37,9.49,94.88,BE-17821,20:58:17
17822,2025-11-28,L003,461.16,41.92,419.24,BE-17822,18:58:02
17823,2025-11-28,L003,492.42,44.77,447.65,BE-17823,11:27:04
17824,2025-11-29,L001,477.75,43.43,434.32,BE-17824,11:19:20
17825,2025-11-29,L002,463.42,42.13,421.29,BE-17825,11:56:31
17826,2025-11-29,L002,35.80,3.25,32.55,BE-17826,15:50:47
17827,2025-11-29,L002,104.89,9.54,95.35,BE-17827,13:32:16
17828,2025-11-29,L002,496.90,45.17,451.73,BE-17828,13:48:58
17829,2025-11-29,L003,491.85,44.71,447.14,BE-17829,12:19:44
17830,2025-11-29,L003,47.09,4.28,42.81,BE-17830,21:40:12
17831,2025-11-30,L001,284.86,25.90,258.96,BE-17831,14:40:19
17832,2025-11-30,L001,519.97,47.27,472.70,BE-17832,12:02:16
17833,2025-11-30,L001,242.51,22.05,220.46,BE-17833,13:56:22
17834,2025-11-30,L002,236.20,21.47,214.73,BE-17834,21:06:09
17835,2025-11-30,L002,105.59,9.60,95.99,BE-17835,16:25:30
17836,2025-11-30,L002,445.47,40.50,404.97,BE-17836,19:48:25
17837,2025-11-30,L003,466.98,42.45,424.53,BE-17837,12:43:21
17838,2025-11-30,L003,504.42,45.86,458.56,BE-17838,18:44:55
17839,2025-12-01,L001,478.98,43.54,435.44,BE-17839,14:39:19
17840,2025-12-01,L002,311.20,28.29,282.91,BE-17840,20:05:25
17841,2025-12-01,L003,546.17,49.65,496.52,BE-17841,11:41:15
17842,2025-12-01,L003,197.75,17.98,179.77,BE-17842,14:06:36
17843,2025-12-02,L002,322.11,29.28,292.83,BE-17843,16:17:26
17844,2025-12-02,L002,227.66,20.70,206.96,BE-17844,15:31:29
17845,2025-12-02,L003,512.92,46.63,466.29,BE-17845,17:09:04
17846,2025-12-02,L003,109.91,9.99,99.92,BE-17846,10:05:33
17847,2025-12-02,L003,143.11,13.01,130.10,BE-17847,13:58:08
17848,2025-12-02,L003,230.25,20.93,209.32,BE-17848,14:23:17
17849,2025-12-03,L001,274.35,24.94,249.41,BE-17849,19:10:49
17850,2025-12-03,L001,373.36,33.94,339.42,BE-17850,12:57:46
17851,2025-12-03,L002,509.45,46.31,463.14,BE-17851,12:43:18
17852,2025-12-03,L002,433.58,39.42,394.16,BE-17852,11:24:53
17853,2025-12-03,L002,131.67,11.97,119.70,BE-17853,15:23:51
17854,2025-12-03,L002,345.99,31.45,314.54,BE-17854,21:54:06
17855,2025-12-03,L002,47.39,4.31,43.08,BE-17855,20:38:07
17856,2025-12-03,L003,109.60,9.96,99.64,BE-17856,15:00:49
17857,2025-12-03,L003,99.81,9.07,90.74,BE-17857,15:45:39
17858,2025-12-03,L003,502.13,45.65,456.48,BE-17858,13:28:43
17859,2025-12-03,L003,405.28,36.84,368.44,BE-17859,16:18:37
17860,2025-12-03,L003,88.78,8.07,80.71,BE-17860,10:57:06
17861,2025-12-04,L002,31.83,2.89,28.94,BE-17861,20:53:12
17862,2025-12-04,L003,131.90,11.99,119.91,BE-17862,15:33:29
17863,2025-12-05,L001,306.72,27.88,278.84,BE-17863,14:00:52
17864,2025-12-05,L002,295.34,26.85,268.49,BE-17864,10:18:24
17865,2025-12-05,L002,127.29,11.57,115.72,BE-17865,17:59:49
17866,2025-12-05,L002,522.69,47.52,475.17,BE-17866,19:10:01
17867,2025-12-05,L002,421.45,38.31,383.14,BE-17867,12:55:10
17868,2025-12-05,L002,462.79,42.07,420.72,BE-17868,17:23:13
17869,2025-12-05,L003,443.94,40.36,403.58,BE-17869,16:50:48
17870,2025-12-06,L001,525.61,47.78,477.83,BE-17870,10:09:49
17871,2025-12-06,L001,305.94,27.81,278.13,BE-17871,18:25:08
17872,2025-12-06,L002,420.20,38.20,382.00,BE-17872,15:05:06
17873,2025-12-06,L003,274.24,24.93,249.31,BE-17873,10:17:20
17874,2025-12-06,L003,172.68,15.70,156.98,BE-17874,10:16:03
17875,2025-12-07,L001,543.02,49.37,493.65,BE-17875,14:20:04
17876,2025-12-07,L001,198.19,18.02,180.17,BE-17876,21:04:41
17877,2025-12-07,L002,416.65,37.88,378.77,BE-17877,12:34:50
17878,2025-12-07,L002,366.16,33.29,332.87,BE-17878,15:15:42
17879,2025-12-07,L002,463.78,42.16,421.62,BE-17879,17:17:22
17880,2025-12-07,L003,242.23,22.02,220.21,BE-17880,13:48:07
17881,2025-12-07,L003,246.59,22.42,224.17,BE-17881,10:33:12
17882,2025-12-07,L003,292.15,26.56,265.59,BE-17882,12:58:24
17883,2025-12-08,L001,325.46,29.59,295.87,BE-17883,17:16:40
17884,2025-12-08,L001,145.11,13.19,131.92,BE-17884,18:20:27
17885,2025-12-08,L001,486.51,44.23,442.28,BE-17885,20:33:12
17886,2025-12-08,L001,211.85,19.26,192.59,BE-17886,13:06:53
17887,2025-12-08,L001,422.76,38.43,384.33,BE-17887,18:15:03
17888,2025-12-08,L003,226.36,20.58,205.78,BE-17888,21:47:27
17889,2025-12-08,L003,441.44,40.13,401.31,BE-17889,18:08:05
17890,2025-12-08,L003,102.96,9.36,93.60,BE-17890,16:27:00
17891,2025-12-08,L003,279.36,25.40,253.96,BE-17891,10:26:35
17892,2025-12-09,L001,127.41,11.58,115.83,BE-17892,17:54:45
17893,2025-12-09,L001,150.19,13.65,136.54,BE-17893,20:05:24
17894,2025-12-09,L001,189.46,17.22,172.24,BE-17894,10:03:36
17895,2025-12-09,L003,191.43,17.40,174.03,BE-17895,12:15:30
17896,2025-12-09,L003,370.62,33.69,336.93,BE-17896,18:04:17
17897,2025-12-10,L001,169.62,15.42,154.20,BE-17897,13:23:36
17898,2025-12-10,L001,396.98,36.09,360.89,BE-17898,14:48:47
17899,2025-12-10,L002,215.91,19.63,196.28,BE-17899,14:30:43
17900,2025-12-10,L002,156.42,14.22,142.20,BE-17900,15:43:57
17901,2025-12-10,L002,282.05,25.64,256.41,BE-17901,17:50:15
17902,2025-12-10,L002,506.74,46.07,460.67,BE-17902,20:09:15
17903,2025-12-10,L002,264.28,24.03,240.25,BE-17903,10:20:24
17904,2025-12-10,L003,475.92,43.27,432.65,BE-17904,14:37:27
17905,2025-12-10,L003,215.31,19.57,195.74,BE-17905,16:33:04
17906,2025-12-10,L003,257.81,23.44,234.37,BE-17906,12:44:31
17907,2025-12-10,L003,543.00,49.36,493.64,BE-17907,19:19:24
17908,2025-12-10,L003,301.98,27.45,274.53,BE-17908,13:58:45
17909,2025-12-11,L002,103.54,9.41,94.13,BE-17909,16:38:06
17910,2025-12-11,L002,419.55,38.14,381.41,BE-17910,19:35:39
17911,2025-12-11,L003,72.42,6.58,65.84,BE-17911,19:56:22
17912,2025-12-12,L001,136.46,12.41,124.05,BE-17912,16:19:44
17913,2025-12-12,L002,415.90,37.81,378.09,BE-17913,15:50:39
17914,2025-12-12,L002,272.98,24.82,248.16,BE-17914,17:26:44
17915,2025-12-12,L002,272.78,24.80,247.98,BE-17915,12:46:36
17916,2025-12-12,L002,312.41,28.40,284.01,BE-17916,18:57:58
17917,2025-12-12,L002,254.49,23.14,231.35,BE-17917,21:14:19
17918,2025-12-13,L001,106.36,9.67,96.69,BE-17918,16:38:52
17919,2025-12-13,L001,468.40,42.58,425.82,BE-17919,16:13:27
17920,2025-12-13,L001,501.84,45.62,456.22,BE-17920,17:38:37
17921,2025-12-13,L001,498.14,45.29,452.85,BE-17921,14:34:42
17922,2025-12-13,L001,215.54,19.59,195.95,BE-17922,21:45:59
17923,2025-12-13,L002,174.80,15.89,158.91,BE-17923,15:19:45
17924,2025-12-13,L002,167.75,15.25,152.50,BE-17924,18:13:09
17925,2025-12-13,L002,49.29,4.48,44.81,BE-17925,14:24:43
17926,2025-12-13,L003,165.01,15.00,150.01,BE-17926,11:44:03
17927,2025-12-13,L003,152.45,13.86,138.59,BE-17927,20:21:18
17928,2025-12-13,L003,371.06,33.73,337.33,BE-17928,16:57:54
17929,2025-12-13,L003,297.17,27.02,270.15,BE-17929,14:52:50
17930,2025-12-13,L003,72.40,6.58,65.82,BE-17930,15:28:21
17931,2025-12-14,L001,200.24,18.20,182.04,BE-17931,21:51:36
17932,2025-12-14,L001,455.50,41.41,414.09,BE-17932,15:36:53
17933,2025-12-14,L001,363.03,33.00,330.03,BE-17933,11:33:59
17934,2025-12-14,L001,221.45,20.13,201.32,BE-17934,15:52:37
17935,2025-12-14,L001,506.12,46.01,460.11,BE-17935,13:36:45
17936,2025-12-14,L002,187.84,17.08,170.76,BE-17936,17:50:49
17937,2025-12-14,L003,245.99,22.36,223.63,BE-17937,15:16:07
17938,2025-12-14,L003,42.47,3.86,38.61,BE-17938,17:40:27
17939,2025-12-14,L003,270.03,24.55,245.48,BE-17939,16:47:42
17940,2025-12-14,L003,395.14,35.92,359.22,BE-17940,21:47:12
17941,2025-12-15,L001,474.97,43.18,431.79,BE-17941,19:59:36
17942,2025-12-15,L002,93.49,8.50,84.99,BE-17942,13:25:16
17943,2025-12-15,L002,143.07,13.01,130.06,BE-17943,18:45:14
17944,2025-12-15,L002,143.81,13.07,130.74,BE-17944,15:01:19
17945,2025-12-15,L002,79.55,7.23,72.32,BE-17945,18:22:59
17946,2025-12-15,L003,203.68,18.52,185.16,BE-17946,14:21:07
17947,2025-12-16,L001,78.14,7.10,71.04,BE-17947,18:24:35
17948,2025-12-16,L001,225.43,20.49,204.94,BE-17948,12:09:32
17949,2025-12-16,L001,61.33,5.58,55.75,BE-17949,12:50:06
17950,2025-12-16,L002,498.86,45.35,453.51,BE-17950,20:17:51
17951,2025-12-16,L002,25.92,2.36,23.56,BE-17951,19:24:29
17952,2025-12-16,L002,183.91,16.72,167.19,BE-17952,18:15:05
17953,2025-12-17,L001,333.93,30.36,303.57,BE-17953,21:34:38
17954,2025-12-17,L001,269.69,24.52,245.17,BE-17954,13:27:21
17955,2025-12-17,L002,128.13,11.65,116.48,BE-17955,10:21:38
17956,2025-12-17,L003,357.86,32.53,325.33,BE-17956,11:07:10
17957,2025-12-18,L001,298.86,27.17,271.69,BE-17957,20:50:59
17958,2025-12-18,L002,180.27,16.39,163.88,BE-17958,20:22:41
17959,2025-12-18,L002,24.65,2.24,22.41,BE-17959,20:47:08
17960,2025-12-18,L002,245.82,22.35,223.47,BE-17960,13:09:51
17961,2025-12-18,L002,228.11,20.74,207.37,BE-17961,21:32:47
17962,2025-12-18,L002,161.05,14.64,146.41,BE-17962,15:24:22
17963,2025-12-18,L003,457.57,41.60,415.97,BE-17963,14:11:20
17964,2025-12-18,L003,185.72,16.88,168.84,BE-17964,12:00:10
17965,2025-12-18,L003,79.01,7.18,71.83,BE-17965,15:25:12
17966,2025-12-18,L003,407.83,37.08,370.75,BE-17966,16:53:27
17967,2025-12-19,L003,316.26,28.75,287.51,BE-17967,19:54:38
17968,2025-12-19,L003,469.89,42.72,427.17,BE-17968,20:42:52
17969,2025-12-20,L001,514.54,46.78,467.76,BE-17969,13:59:56
17970,2025-12-20,L001,465.43,42.31,423.12,BE-17970,11:30:27
17971,2025-12-20,L001,530.40,48.22,482.18,BE-17971,17:43:37
17972,2025-12-20,L002,42.25,3.84,38.41,BE-17972,13:44:20
17973,2025-12-20,L002,282.73,25.70,257.03,BE-17973,14:21:23
17974,2025-12-20,L003,179.63,16.33,163.30,BE-17974,13:59:50
17975,2025-12-20,L003,429.57,39.05,390.52,BE-17975,16:26:38
17976,2025-12-20,L003,285.96,26.00,259.96,BE-17976,13:15:51
17977,2025-12-20,L003,144.20,13.11,131.09,BE-17977,14:04:11
17978,2025-12-20,L003,231.21,21.02,210.19,BE-17978,12:52:44
17979,2025-12-21,L001,495.79,45.07,450.72,BE-17979,12:39:15
17980,2025-12-21,L002,315.55,28.69,286.86,BE-17980,11:07:03
17981,2025-12-21,L003,199.89,18.17,181.72,BE-17981,20:49:31
17982,2025-12-21,L003,380.71,34.61,346.10,BE-17982,12:58:20
17983,2025-12-21,L003,169.03,15.37,153.66,BE-17983,17:15:10
17984,2025-12-21,L003,266.12,24.19,241.93,BE-17984,20:07:52
17985,2025-12-21,L003,115.25,10.48,104.77,BE-17985,19:29:03
17986,2025-12-22,L001,468.23,42.57,425.66,BE-17986,13:59:41
17987,2025-12-22,L002,450.71,40.97,409.74,BE-17987,13:47:46
17988,2025-12-22,L002,44.47,4.04,40.43,BE-17988,18:43:20
17989,2025-12-22,L002,310.35,28.21,282.14,BE-17989,16:47:57
17990,2025-12-22,L002,430.34,39.12,391.22,BE-17990,21:58:20
17991,2025-12-23,L001,183.86,16.71,167.15,BE-17991,20:53:43
17992,2025-12-23,L001,145.15,13.20,131.95,BE-17992,14:57:20
17993,2025-12-23,L001,308.99,28.09,280.90,BE-17993,10:56:13
17994,2025-12-23,L001,45.83,4.17,41.66,BE-17994,13:28:35
17995,2025-12-23,L002,123.46,11.22,112.24,BE-17995,21:24:52
17996,2025-12-23,L003,378.35,34.40,343.95,BE-17996,21:54:31
17997,2025-12-24,L001,184.53,16.78,167.75,BE-17997,19:43:03
17998,2025-12-24,L001,165.45,15.04,150.41,BE-17998,15:55:10
17999,2025-12-24,L001,90.29,8.21,82.08,BE-17999,15:08:31
18000,2025-12-24,L002,523.99,47.64,476.35,BE-18000,14:32:51
18001,2025-12-24,L003,200.45,18.22,182.23,BE-18001,11:37:42
18002,2025-12-24,L003,243.14,22.10,221.04,BE-18002,16:02:37
18003,2025-12-25,L001,136.51,12.41,124.10,BE-18003,14:55:42
18004,2025-12-25,L001,146.72,13.34,133.38,BE-18004,13:23:08
18005,2025-12-25,L002,153.02,13.91,139.11,BE-18005,14:21:05
18006,2025-12-25,L002,315.26,28.66,286.60,BE-18006,10:14:13
18007,2025-12-25,L002,340.87,30.99,309.88,BE-18007,14:19:25
18008,2025-12-25,L003,318.84,28.99,289.85,BE-18008,21:30:10
18009,2025-12-25,L003,201.76,18.34,183.42,BE-18009,15:47:10
18010,2025-12-26,L002,417.70,37.97,379.73,BE-18010,14:56:20
18011,2025-12-26,L002,398.27,36.21,362.06,BE-18011,20:27:49
18012,2025-12-26,L003,312.72,28.43,284.29,BE-18012,13:11:00
18013,2025-12-26,L003,211.83,19.26,192.57,BE-18013,21:33:19
18014,2025-12-26,L003,250.32,22.76,227.56,BE-18014,18:51:00
18015,2025-12-27,L001,327.12,29.74,297.38,BE-18015,16:16:57
18016,2025-12-27,L001,180.14,16.38,163.76,BE-18016,16:57:04
18017,2025-12-27,L001,188.93,17.18,171.75,BE-18017,16:40:59
18018,2025-12-27,L001,456.51,41.50,415.01,BE-18018,18:13:28
18019,2025-12-27,L001,168.19,15.29,152.90,BE-18019,20:24:23
18020,2025-12-27,L002,232.45,21.13,211.32,BE-18020,18:12:12
18021,2025-12-27,L002,420.18,38.20,381.98,BE-18021,20:46:37
18022,2025-12-27,L002,464.75,42.25,422.50,BE-18022,20:59:34
18023,2025-12-28,L001,415.59,37.78,377.81,BE-18023,17:57:49
18024,2025-12-28,L001,238.80,21.71,217.09,BE-18024,21:11:17
18025,2025-12-28,L001,147.80,13.44,134.36,BE-18025,15:31:06
18026,2025-12-28,L001,450.01,40.91,409.10,BE-18026,20:48:03
18027,2025-12-28,L002,482.79,43.89,438.90,BE-18027,21:11:52
18028,2025-12-28,L002,346.74,31.52,315.22,BE-18028,13:14:39
18029,2025-12-28,L002,77.08,7.01,70.07,BE-18029,14:23:44
18030,2025-12-28,L002,433.80,39.44,394.36,BE-18030,12:10:06
18031,2025-12-29,L002,275.44,25.04,250.40,BE-18031,12:45:46
18032,2025-12-29,L002,51.27,4.66,46.61,BE-18032,19:35:55
18033,2025-12-29,L002,92.50,8.41,84.09,BE-18033,18:27:07
18034,2025-12-29,L003,88.04,8.00,80.04,BE-18034,12:05:02
18035,2025-12-30,L001,530.42,48.22,482.20,BE-18035,12:20:02
18036,2025-12-30,L001,72.41,6.58,65.83,BE-18036,17:19:17
18037,2025-12-30,L002,237.44,21.59,215.85,BE-18037,16:26:50
18038,2025-12-30,L002,238.13,21.65,216.48,BE-18038,13:56:56
18039,2025-12-31,L001,169.93,15.45,154.48,BE-18039,14:16:01
18040,2025-12-31,L001,146.51,13.32,133.19,BE-18040,17:25:42
18041,2025-12-31,L001,25.34,2.30,23.04,BE-18041,12:15:17
18042,2025-12-31,L001,493.64,44.88,448.76,BE-18042,16:44:26
18043,2025-12-31,L002,48.62,4.42,44.20,BE-18043,18:02:03
18044,2025-12-31,L003,154.68,14.06,140.62,BE-18044,21:08:44
18045,2025-12-31,L003,272.84,24.80,248.04,BE-18045,13:49:50
18046,2025-12-31,L003,132.25,12.02,120.23,BE-18046,10:00:53
18047,2026-01-01,L001,473.74,43.07,430.67,BE-18047,20:54:57
18048,2026-01-01,L001,193.89,17.63,176.26,BE-18048,16:33:18
18049,2026-01-01,L001,335.64,30.51,305.13,BE-18049,14:42:39
18050,2026-01-01,L001,469.14,42.65,426.49,BE-18050,11:08:31
18051,2026-01-01,L002,237.24,21.57,215.67,BE-18051,16:52:51
18052,2026-01-01,L003,379.32,34.48,344.84,BE-18052,21:48:37
18053,2026-01-02,L001,126.10,11.46,114.64,BE-18053,11:55:24
18054,2026-01-02,L001,184.56,16.78,167.78,BE-18054,10:21:47
18055,2026-01-02,L001,183.56,16.69,166.87,BE-18055,15:33:29
18056,2026-01-02,L001,335.82,30.53,305.29,BE-18056,10:41:05
18057,2026-01-02,L001,50.51,4.59,45.92,BE-18057,17:26:05
18058,2026-01-02,L002,219.48,19.95,199.53,BE-18058,19:42:41
18059,2026-01-02,L002,244.57,22.23,222.34,BE-18059,15:11:15
18060,2026-01-02,L002,64.92,5.90,59.02,BE-18060,18:08:00
18061,2026-01-03,L001,64.82,5.89,58.93,BE-18061,15:33:55
18062,2026-01-03,L002,459.36,41.76,417.60,BE-18062,15:00:39
18063,2026-01-03,L002,108.42,9.86,98.56,BE-18063,19:14:23
18064,2026-01-03,L002,295.47,26.86,268.61,BE-18064,19:08:35
18065,2026-01-03,L003,253.08,23.01,230.07,BE-18065,15:40:19
18066,2026-01-03,L003,130.35,11.85,118.50,BE-18066,15:30:00
18067,2026-01-04,L001,535.62,48.69,486.93,BE-18067,12:21:44
18068,2026-01-04,L001,474.90,43.17,431.73,BE-18068,18:04:05
18069,2026-01-04,L001,131.44,11.95,119.49,BE-18069,18:29:22
18070,2026-01-04,L001,413.07,37.55,375.52,BE-18070,20:46:52
18071,2026-01-04,L003,499.10,45.37,453.73,BE-18071,11:02:14
18072,2026-01-04,L003,288.21,26.20,262.01,BE-18072,11:20:07
18073,2026-01-04,L003,353.79,32.16,321.63,BE-18073,11:50:41
18074,2026-01-05,L001,54.80,4.98,49.82,BE-18074,16:25:52
18075,2026-01-05,L001,511.28,46.48,464.80,BE-18075,20:18:45
18076,2026-01-05,L001,84.56,7.69,76.87,BE-18076,17:40:43
18077,2026-01-05,L001,317.74,28.89,288.85,BE-18077,11:02:07
18078,2026-01-05,L003,91.12,8.28,82.84,BE-18078,13:56:47
18079,2026-01-05,L003,132.89,12.08,120.81,BE-18079,11:41:39
18080,2026-01-06,L001,334.99,30.45,304.54,BE-18080,21:33:08
18081,2026-01-06,L001,123.92,11.27,112.65,BE-18081,21:35:12
18082,2026-01-06,L002,400.68,36.43,364.25,BE-18082,19:36:25
18083,2026-01-06,L003,178.81,16.26,162.55,BE-18083,15:18:59
18084,2026-01-06,L003,71.43,6.49,64.94,BE-18084,11:22:08
18085,2026-01-06,L003,142.25,12.93,129.32,BE-18085,14:27:27
18086,2026-01-07,L001,220.61,20.06,200.55,BE-18086,16:28:26
18087,2026-01-07,L001,70.72,6.43,64.29,BE-18087,14:35:01
18088,2026-01-07,L001,26.58,2.42,24.16,BE-18088,20:06:57
18089,2026-01-07,L001,103.82,9.44,94.38,BE-18089,11:58:55
18090,2026-01-07,L001,428.36,38.94,389.42,BE-18090,18:13:29
18091,2026-01-07,L002,258.70,23.52,235.18,BE-18091,17:41:36
18092,2026-01-07,L002,197.05,17.91,179.14,BE-18092,20:40:38
18093,2026-01-07,L002,391.04,35.55,355.49,BE-18093,20:09:24
18094,2026-01-07,L003,92.59,8.42,84.17,BE-18094,14:12:09
18095,2026-01-07,L003,186.68,16.97,169.71,BE-18095,21:32:11
18096,2026-01-07,L003,203.75,18.52,185.23,BE-18096,12:42:54
18097,2026-01-07,L003,32.91,2.99,29.92,BE-18097,14:23:45
18098,2026-01-07,L003,69.61,6.33,63.28,BE-18098,10:56:37
18099,2026-01-08,L001,485.13,44.10,441.03,BE-18099,13:49:32
18100,2026-01-08,L001,95.83,8.71,87.12,BE-18100,19:29:05
18101,2026-01-08,L002,443.76,40.34,403.42,BE-18101,17:33:43
18102,2026-01-08,L003,402.81,36.62,366.19,BE-18102,15:19:49
18103,2026-01-09,L001,334.73,30.43,304.30,BE-18103,21:23:50
18104,2026-01-09,L001,298.46,27.13,271.33,BE-18104,13:21:17
18105,2026-01-09,L001,405.98,36.91,369.07,BE-18105,20:24:46
18106,2026-01-09,L002,308.54,28.05,280.49,BE-18106,13:30:34
18107,2026-01-09,L003,430.02,39.09,390.93,BE-18107,19:35:20
18108,2026-01-09,L003,228.65,20.79,207.86,BE-18108,21:33:23
18109,2026-01-09,L003,211.71,19.25,192.46,BE-18109,19:19:37
18110,2026-01-09,L003,535.01,48.64,486.37,BE-18110,16:09:28
18111,2026-01-10,L001,297.15,27.01,270.14,BE-18111,16:23:30
18112,2026-01-10,L002,365.16,33.20,331.96,BE-18112,19:38:34
18113,2026-01-10,L002,335.17,30.47,304.70,BE-18113,15:20:33
18114,2026-01-10,L002,162.13,14.74,147.39,BE-18114,19:45:35
18115,2026-01-10,L002,22.81,2.07,20.74,BE-18115,21:04:44
18116,2026-01-10,L002,119.03,10.82,108.21,BE-18116,12:44:59
18117,2026-01-10,L003,423.37,38.49,384.88,BE-18117,13:12:08
18118,2026-01-11,L001,395.10,35.92,359.18,BE-18118,15:12:03
18119,2026-01-11,L001,372.39,33.85,338.54,BE-18119,17:56:30
18120,2026-01-11,L001,80.30,7.30,73.00,BE-18120,11:42:06
18121,2026-01-11,L001,25.90,2.35,23.55,BE-18121,11:34:57
18122,2026-01-11,L002,170.50,15.50,155.00,BE-18122,14:35:48
18123,2026-01-12,L001,161.22,14.66,146.56,BE-18123,10:46:38
18124,2026-01-12,L001,73.90,6.72,67.18,BE-18124,16:50:25
18125,2026-01-12,L001,401.28,36.48,364.80,BE-18125,16:02:27
18126,2026-01-12,L001,166.30,15.12,151.18,BE-18126,13:43:00
18127,2026-01-12,L001,405.86,36.90,368.96,BE-18127,17:26:56
18128,2026-01-12,L002,27.41,2.49,24.92,BE-18128,10:29:26
18129,2026-01-12,L002,308.42,28.04,280.38,BE-18129,21:29:06
18130,2026-01-12,L002,94.71,8.61,86.10,BE-18130,17:48:20
18131,2026-01-13,L001,489.54,44.50,445.04,BE-18131,16:00:40
18132,2026-01-13,L001,251.03,22.82,228.21,BE-18132,11:11:30
18133,2026-01-13,L002,486.57,44.23,442.34,BE-18133,14:31:29
18134,2026-01-13,L002,275.90,25.08,250.82,BE-18134,13:08:12
18135,2026-01-13,L002,457.24,41.57,415.67,BE-18135,11:30:56
18136,2026-01-13,L002,410.63,37.33,373.30,BE-18136,14:57:57
18137,2026-01-13,L002,258.54,23.50,235.04,BE-18137,20:35:36
18138,2026-01-13,L003,338.98,30.82,308.16,BE-18138,20:51:08
18139,2026-01-13,L003,392.70,35.70,357.00,BE-18139,13:15:10
18140,2026-01-13,L003,196.94,17.90,179.04,BE-18140,18:49:49
18141,2026-01-13,L003,386.01,35.09,350.92,BE-18141,19:34:37
18142,2026-01-13,L003,323.26,29.39,293.87,BE-18142,15:08:41
18143,2026-01-14,L001,234.83,21.35,213.48,BE-18143,16:06:31
18144,2026-01-14,L001,200.62,18.24,182.38,BE-18144,10:20:56
18145,2026-01-14,L001,417.22,37.93,379.29,BE-18145,18:29:37
18146,2026-01-14,L002,389.64,35.42,354.22,BE-18146,16:20:41
18147,2026-01-15,L003,260.85,23.71,237.14,BE-18147,21:11:39
18148,2026-01-15,L003,373.29,33.94,339.35,BE-18148,19:39:16
18149,2026-01-15,L003,274.73,24.98,249.75,BE-18149,12:50:41
18150,2026-01-15,L003,546.00,49.64,496.36,BE-18150,19:00:09
18151,2026-01-16,L001,360.26,32.75,327.51,BE-18151,15:36:35
18152,2026-01-16,L001,216.71,19.70,197.01,BE-18152,18:34:07
18153,2026-01-16,L002,399.37,36.31,363.06,BE-18153,19:17:54
18154,2026-01-16,L002,415.37,37.76,377.61,BE-18154,20:26:16
18155,2026-01-16,L002,500.68,45.52,455.16,BE-18155,21:04:30
18156,2026-01-16,L003,27.96,2.54,25.42,BE-18156,10:39:21
18157,2026-01-16,L003,488.18,44.38,443.80,BE-18157,20:27:44
18158,2026-01-16,L003,86.45,7.86,78.59,BE-18158,11:34:09
18159,2026-01-16,L003,549.57,49.96,499.61,BE-18159,19:39:43
18160,2026-01-16,L003,243.42,22.13,221.29,BE-18160,15:20:15
18161,2026-01-17,L001,332.09,30.19,301.90,BE-18161,10:45:39
18162,2026-01-17,L001,268.94,24.45,244.49,BE-18162,20:12:22
18163,2026-01-17,L001,518.12,47.10,471.02,BE-18163,13:51:48
18164,2026-01-17,L001,325.89,29.63,296.26,BE-18164,11:38:36
18165,2026-01-17,L003,500.25,45.48,454.77,BE-18165,15:50:32
18166,2026-01-17,L003,413.00,37.55,375.45,BE-18166,19:29:24
18167,2026-01-17,L003,371.07,33.73,337.34,BE-18167,17:04:48
18168,2026-01-17,L003,66.74,6.07,60.67,BE-18168,18:50:47
18169,2026-01-18,L001,447.63,40.69,406.94,BE-18169,17:26:21
18170,2026-01-18,L001,47.34,4.30,43.04,BE-18170,19:31:31
18171,2026-01-18,L002,436.74,39.70,397.04,BE-18171,10:05:31
18172,2026-01-18,L002,218.54,19.87,198.67,BE-18172,20:09:23
18173,2026-01-18,L002,33.30,3.03,30.27,BE-18173,15:04:53
18174,2026-01-18,L002,60.09,5.46,54.63,BE-18174,15:54:43
18175,2026-01-18,L002,393.65,35.79,357.86,BE-18175,19:34:02
18176,2026-01-18,L003,489.75,44.52,445.23,BE-18176,12:55:31
18177,2026-01-18,L003,228.78,20.80,207.98,BE-18177,12:18:36
18178,2026-01-18,L003,333.79,30.34,303.45,BE-18178,12:27:12
18179,2026-01-18,L003,263.47,23.95,239.52,BE-18179,17:05:47
18180,2026-01-19,L001,41.65,3.79,37.86,BE-18180,20:55:51
18181,2026-01-19,L002,369.71,33.61,336.10,BE-18181,20:34:58
18182,2026-01-19,L002,498.71,45.34,453.37,BE-18182,19:44:47
18183,2026-01-19,L002,451.12,41.01,410.11,BE-18183,19:07:49
18184,2026-01-19,L003,465.14,42.29,422.85,BE-18184,21:06:11
18185,2026-01-19,L003,44.46,4.04,40.42,BE-18185,13:20:02
18186,2026-01-19,L003,414.51,37.68,376.83,BE-18186,15:25:16
18187,2026-01-20,L001,294.77,26.80,267.97,BE-18187,16:33:08
18188,2026-01-20,L001,433.18,39.38,393.80,BE-18188,14:11:08
18189,2026-01-20,L001,229.93,20.90,209.03,BE-18189,16:13:37
18190,2026-01-20,L001,122.58,11.14,111.44,BE-18190,19:48:41
18191,2026-01-20,L002,207.59,18.87,188.72,BE-18191,12:37:08
18192,2026-01-20,L002,94.22,8.57,85.65,BE-18192,13:36:25
18193,2026-01-20,L003,373.23,33.93,339.30,BE-18193,15:29:18
18194,2026-01-21,L001,194.72,17.70,177.02,BE-18194,17:51:11
18195,2026-01-21,L002,459.98,41.82,418.16,BE-18195,14:23:32
18196,2026-01-21,L002,375.42,34.13,341.29,BE-18196,18:38:00
18197,2026-01-21,L003,36.06,3.28,32.78,BE-18197,13:58:15
18198,2026-01-21,L003,338.35,30.76,307.59,BE-18198,21:56:49
18199,2026-01-21,L003,76.16,6.92,69.24,BE-18199,17:44:50
18200,2026-01-22,L001,92.85,8.44,84.41,BE-18200,12:18:51
18201,2026-01-22,L001,462.29,42.03,420.26,BE-18201,15:55:33
18202,2026-01-22,L002,408.62,37.15,371.47,BE-18202,18:42:06
18203,2026-01-22,L002,82.84,7.53,75.31,BE-18203,11:33:05
18204,2026-01-22,L002,232.02,21.09,210.93,BE-18204,12:53:20
18205,2026-01-22,L002,100.93,9.18,91.75,BE-18205,19:00:40
18206,2026-01-22,L003,190.72,17.34,173.38,BE-18206,12:11:07
18207,2026-01-22,L003,345.50,31.41,314.09,BE-18207,13:36:51
18208,2026-01-23,L001,485.06,44.10,440.96,BE-18208,19:30:32
18209,2026-01-23,L001,225.93,20.54,205.39,BE-18209,14:20:19
18210,2026-01-23,L001,248.45,22.59,225.86,BE-18210,16:28:29
18211,2026-01-23,L002,471.16,42.83,428.33,BE-18211,14:11:55
18212,2026-01-23,L002,472.88,42.99,429.89,BE-18212,17:42:55
18213,2026-01-23,L002,236.67,21.52,215.15,BE-18213,13:42:42
18214,2026-01-23,L002,291.64,26.51,265.13,BE-18214,11:58:10
18215,2026-01-23,L003,86.17,7.83,78.34,BE-18215,10:40:01
18216,2026-01-23,L003,445.56,40.51,405.05,BE-18216,20:17:43
18217,2026-01-23,L003,428.73,38.98,389.75,BE-18217,17:25:09
18218,2026-01-23,L003,235.58,21.42,214.16,BE-18218,14:41:39
18219,2026-01-23,L003,527.88,47.99,479.89,BE-18219,14:13:40
18220,2026-01-24,L001,52.76,4.80,47.96,BE-18220,20:50:54
18221,2026-01-24,L001,473.29,43.03,430.26,BE-18221,20:08:42
18222,2026-01-24,L001,146.94,13.36,133.58,BE-18222,21:02:53
18223,2026-01-24,L002,31.19,2.84,28.35,BE-18223,16:46:21
18224,2026-01-24,L002,179.86,16.35,163.51,BE-18224,11:47:29
18225,2026-01-24,L003,398.31,36.21,362.10,BE-18225,14:37:15
18226,2026-01-24,L003,536.65,48.79,487.86,BE-18226,20:30:38
18227,2026-01-24,L003,196.66,17.88,178.78,BE-18227,15:02:46
18228,2026-01-24,L003,199.43,18.13,181.30,BE-18228,18:03:06
18229,2026-01-25,L001,217.92,19.81,198.11,BE-18229,19:24:56
18230,2026-01-25,L001,151.22,13.75,137.47,BE-18230,13:42:52
18231,2026-01-25,L002,392.19,35.65,356.54,BE-18231,12:45:34
18232,2026-01-25,L002,390.93,35.54,355.39,BE-18232,16:08:22
18233,2026-01-25,L002,455.87,41.44,414.43,BE-18233,16:53:28
18234,2026-01-25,L002,130.20,11.84,118.36,BE-18234,11:53:23
18235,2026-01-25,L002,40.16,3.65,36.51,BE-18235,13:45:03
18236,2026-01-25,L003,500.51,45.50,455.01,BE-18236,16:44:52
18237,2026-01-26,L001,411.35,37.40,373.95,BE-18237,17:54:04
18238,2026-01-26,L001,236.61,21.51,215.10,BE-18238,16:05:06
18239,2026-01-26,L001,262.04,23.82,238.22,BE-18239,18:14:03
18240,2026-01-26,L001,541.04,49.19,491.85,BE-18240,10:42:14
18241,2026-01-26,L002,348.93,31.72,317.21,BE-18241,13:30:01
18242,2026-01-26,L002,173.04,15.73,157.31,BE-18242,14:09:00
18243,2026-01-26,L002,31.48,2.86,28.62,BE-18243,21:13:40
18244,2026-01-26,L002,470.84,42.80,428.04,BE-18244,14:59:19
18245,2026-01-26,L002,274.67,24.97,249.70,BE-18245,21:09:23
18246,2026-01-27,L002,545.24,49.57,495.67,BE-18246,11:43:37
18247,2026-01-27,L002,419.94,38.18,381.76,BE-18247,10:03:42
18248,2026-01-27,L002,193.97,17.63,176.34,BE-18248,20:51:09
18249,2026-01-27,L003,463.14,42.10,421.04,BE-18249,13:54:44
18250,2026-01-27,L003,42.25,3.84,38.41,BE-18250,19:01:18
18251,2026-01-28,L001,274.53,24.96,249.57,BE-18251,11:29:12
18252,2026-01-28,L003,427.49,38.86,388.63,BE-18252,10:24:42
18253,2026-01-28,L003,530.54,48.23,482.31,BE-18253,14:34:24
18254,2026-01-28,L003,307.34,27.94,279.40,BE-18254,17:28:12
